# Blender 4.0.2
# www.blender.org
mtllib viking_room_exp.mtl
o mesh_all1_Texture1_0
v -5.736510 7.137480 -0.015301
v -5.736510 -0.001540 -1.513820
v -5.736510 6.190810 -1.644741
v -5.736510 6.293860 1.722509
v -5.736510 -0.001540 1.580770
v -3.214550 2.929650 0.837040
v -3.306100 3.251140 0.768460
v -3.214550 2.861870 1.026050
v -3.214550 3.142610 1.397090
v -3.214550 3.006420 1.332540
v -3.306100 3.478410 1.168410
v -3.534140 2.929650 0.837040
v -3.534140 2.861870 1.026050
v -3.442590 3.251140 0.768460
v -3.534140 3.142610 1.397090
v -3.442590 3.478410 1.168410
v -3.534140 3.006420 1.332540
v -3.374350 2.520070 0.551250
v -3.435550 2.663300 0.599840
v -3.313140 2.663300 0.599840
v -3.435550 3.260870 1.627810
v -3.374350 3.291280 1.764790
v -3.313140 3.260870 1.627810
v -3.808720 1.911480 0.147090
v -3.867860 1.900670 -0.434010
v -3.838290 1.655990 -0.168470
v -2.763840 1.911480 0.086550
v -2.791570 1.655990 -0.166690
v -2.819290 1.900670 -0.369910
v 5.325220 0.083460 -2.737650
v 5.407740 0.314660 -3.547370
v 4.670020 0.092070 -2.465890
v 5.955160 0.087210 -2.563540
v 6.909580 -0.030711 -6.771460
v 6.078000 -0.020711 -6.460060
v 6.384790 0.210699 -5.924870
v 2.532680 0.079150 -3.064290
v 2.988050 0.089460 -2.663590
v 2.683560 0.341530 -3.707910
v 1.845800 0.084890 -2.898390
v 2.214470 -0.037311 -7.296520
v 2.328950 0.142909 -6.422900
v 3.095420 -0.027321 -6.881010
v 7.419050 0.019231 7.210430
v 3.191770 0.019230 2.233160
v 3.191770 0.019231 7.210430
v -1.146450 0.019231 7.210430
v -1.146450 0.019230 2.233160
v -5.754910 0.019231 7.210430
v 7.419050 0.019229 -7.395350
v 3.191770 0.019229 -7.395350
v 3.191770 0.019230 -1.883850
v -5.754910 0.019229 -7.395350
v -1.146450 0.019230 -1.883850
v -1.146450 0.019229 -7.395350
v -4.114610 6.755599 -2.124081
v -4.114610 7.506380 -2.098341
v -4.114610 6.990990 -1.703191
v -4.114610 6.756161 2.138219
v -4.114610 6.996460 1.735709
v -4.114610 7.452400 2.125619
v -4.548460 4.862330 0.240459
v -4.450480 4.842150 0.255669
v -4.482820 5.079130 0.238819
v -4.529340 4.852210 -0.112871
v -4.463400 5.068860 -0.120051
v -4.429800 4.831210 -0.126451
v -4.655200 5.346700 -0.075241
v -4.617440 5.480210 -0.074511
v -4.525870 5.287380 -0.097801
v -4.669050 5.354030 0.180779
v -4.542350 5.296100 0.206779
v -4.630930 5.487340 0.174639
v -4.849320 5.603850 -0.046951
v -4.868440 5.736400 -0.053191
v -4.734940 5.635960 -0.059111
v -4.859450 5.609210 0.140219
v -4.746350 5.642000 0.151809
v -4.878930 5.741950 0.140719
v -5.204810 5.608730 -0.048091
v -5.319810 5.641670 -0.061121
v -5.179020 5.742990 -0.054071
v -5.214930 5.614080 0.138899
v -5.189490 5.748530 0.139359
v -5.331230 5.647710 0.149889
v -5.400700 5.353000 -0.077891
v -5.527850 5.295450 -0.101391
v -5.436630 5.487370 -0.077341
v -5.414570 5.360340 0.178459
v -5.450120 5.494510 0.172009
v -5.544360 5.304190 0.203709
v -5.527240 4.859130 -0.116311
v -5.625160 4.839010 -0.130541
v -5.590700 5.078080 -0.124011
v -5.546380 4.869250 0.237319
v -5.610140 5.088370 0.235279
v -5.645850 4.849960 0.251889
v -5.191420 4.876020 0.711059
v -4.843300 4.875790 0.703819
v -5.496530 4.870780 0.543329
v -5.218470 4.835410 -0.587681
v -4.565230 4.840430 -0.427201
v -4.870340 4.835180 -0.594931
v -3.739700 5.614299 -3.528861
v -3.724290 5.569859 -3.499681
v -3.702800 5.516480 -3.506371
v -3.767490 5.444440 -4.488040
v -3.958750 5.858299 -4.380570
v -3.856560 5.515199 -3.584031
v -4.099580 6.183839 -4.167691
v -4.243110 6.397099 -3.681961
v -4.164000 6.267700 -3.427311
v -4.180780 6.263909 -3.087041
v -4.031290 5.854439 -2.744331
v -3.843750 5.380060 -2.664411
v -3.731840 5.036299 -2.831251
v -3.582510 4.773950 -3.039480
v -3.589850 4.582500 -3.431520
v -3.512930 4.709360 -4.001300
v -3.610220 4.990960 -4.358850
v -3.921410 4.587360 2.744070
v -4.042460 4.494550 2.807309
v -3.814030 5.001040 3.605579
v -4.189470 4.491351 2.866660
v -4.323040 4.578630 2.906199
v -4.407380 4.733001 2.915349
v -4.419890 4.913090 2.891649
v -4.419890 4.913090 2.891649
v -4.357220 5.070651 2.841460
v -4.236170 5.163460 2.778219
v -4.089160 5.166650 2.718879
v -3.955590 5.079370 2.679329
v -3.871250 4.925010 2.670190
v -3.858740 4.744921 2.693879
v 2.457860 1.529191 5.790010
v 2.434820 1.448991 5.447510
v 2.223000 1.529191 5.965500
v 1.842600 1.448991 5.561560
v 1.612600 1.448990 3.348440
v 2.164320 1.448990 3.281190
v 1.834500 1.500740 3.061280
v 2.124670 1.500740 3.093090
v 1.880870 1.529191 5.930860
v 1.568600 1.500740 3.153540
v 1.190650 1.602941 5.844580
v 1.514110 1.602941 5.909040
v 1.165440 1.491781 5.601370
v 1.840270 1.491781 5.540690
v 1.863880 1.602941 5.783290
v 0.939800 1.491781 3.511180
v 1.171360 1.563510 3.061930
v 0.875780 1.563510 3.192030
v 1.616510 1.491780 3.367390
v 1.546350 1.563510 3.057970
v 1.183070 1.527001 5.895800
v 1.183400 1.447721 5.721830
v 0.861770 1.527001 6.018700
v 0.556110 1.447721 5.655240
v 0.372240 1.447720 3.608890
v 0.933610 1.447720 3.441610
v 0.582060 1.498880 3.304010
v 0.890830 1.498880 3.255840
v 0.637420 1.527001 5.888140
v 0.347550 1.498880 3.446580
v 1.255350 1.625530 3.998600
v 1.319490 1.598521 3.979490
v 1.299660 1.593840 4.049470
v 1.240830 1.639030 4.067010
v 1.290430 1.625530 4.116300
v 1.354570 1.598521 4.097180
v 1.369090 1.585020 4.028770
v 1.387960 1.833670 3.959070
v 1.323830 1.860680 3.978190
v 1.378740 1.865360 4.025900
v 1.309310 1.874180 4.046600
v 1.358910 1.860680 4.095890
v 1.423050 1.833670 4.076770
v 1.437570 1.820170 4.008360
v 1.390850 1.637740 4.187620
v 1.416380 1.588610 4.219790
v 1.359080 1.607221 4.232210
v 1.341110 1.667420 4.206770
v 1.316910 1.647970 4.258090
v 1.342440 1.598850 4.290250
v 1.392180 1.569161 4.271100
v 1.514220 1.731791 4.306790
v 1.488690 1.780921 4.274630
v 1.472050 1.772551 4.332670
v 1.438950 1.810601 4.293780
v 1.414740 1.791150 4.345090
v 1.440280 1.742020 4.377260
v 1.490010 1.712340 4.358110
v 1.141560 1.817591 4.967120
v 1.130280 1.817591 5.076230
v 1.167670 1.452241 5.024960
v 1.199460 1.817591 5.161360
v 1.308570 1.817591 5.172640
v 1.257290 1.452241 5.135260
v 1.393700 1.817591 5.103470
v 1.404970 1.817591 4.994350
v 1.367590 1.452241 5.045630
v -2.384880 5.817319 -5.738990
v -2.056400 5.817319 -5.900270
v -2.511970 5.593989 -6.303471
v -1.885450 5.817319 -6.223820
v -1.937330 5.817319 -6.586061
v -2.192220 5.817319 -6.848630
v -2.552760 5.817319 -6.911231
v -2.881240 5.817319 -6.749960
v -3.052190 5.817319 -6.426411
v -3.000310 5.817319 -6.064160
v -2.745430 5.817319 -5.801601
v -1.983900 5.817320 5.831850
v -1.904950 5.817320 5.474529
v -2.504290 5.593991 5.578920
v -2.051100 5.817320 5.139050
v -2.366530 5.817320 4.953539
v -2.730760 5.817320 4.988870
v -3.004660 5.817320 5.231540
v -3.083620 5.817320 5.588860
v -2.937470 5.817320 5.924339
v -2.622030 5.817321 6.109849
v -2.257800 5.817321 6.074519
v -3.898960 9.211011 5.470059
v -4.452450 9.211011 5.527379
v -3.345460 9.211011 5.527379
v -3.898960 9.211009 -5.470061
v -3.345460 9.211009 -5.527381
v -4.452450 9.211009 -5.527381
v 5.648550 9.211011 5.470059
v 5.095060 9.211011 5.527379
v 6.202050 9.211011 5.527379
v -2.913200 5.663841 5.365280
v -3.020210 5.663841 5.140910
v -3.877250 5.663841 5.133119
v -4.884640 5.663841 5.408730
v -4.760360 5.663841 5.142589
v -3.877250 4.293621 5.133119
v -4.884640 4.293621 5.408730
v -4.760360 4.293621 5.142589
v -2.913200 4.293621 5.365280
v -3.020210 4.293621 5.140910
v 6.617980 5.663841 5.685669
v 6.510970 5.663841 5.461310
v 5.653930 5.663841 5.453519
v 4.646540 5.663841 5.729119
v 4.770820 5.663841 5.462989
v 5.653930 4.293621 5.453519
v 4.646540 4.293621 5.729119
v 4.770820 4.293621 5.462989
v 6.617980 4.293621 5.685669
v 6.510970 4.293621 5.461310
v -2.910270 5.663840 -5.365281
v -3.874320 5.663840 -5.133120
v -3.017270 5.663840 -5.140911
v -4.881700 5.663840 -5.408720
v -4.757430 5.663840 -5.142590
v -3.874320 4.293620 -5.133120
v -4.757430 4.293620 -5.142590
v -4.881710 4.293620 -5.408720
v -2.910270 4.293620 -5.365281
v -3.017270 4.293620 -5.140911
v -4.532640 4.148170 4.385960
v -4.277700 3.945320 4.385960
v -4.532640 3.945320 4.385960
v -4.532640 4.148170 4.640810
v -4.532640 3.945320 4.640810
v -4.277700 3.945320 4.640810
v -4.532640 4.148170 2.573550
v -4.277700 3.945320 2.573550
v -4.532640 3.945320 2.573550
v -4.532640 4.148170 2.828390
v -4.532640 3.945320 2.828390
v -4.277700 3.945320 2.828390
v -4.532640 4.131649 -2.775420
v -4.277700 3.964290 -2.775420
v -4.532640 3.964290 -2.775420
v -4.532640 4.131649 -2.501851
v -4.532640 3.964290 -2.501851
v -4.277700 3.964290 -2.501851
v -4.532640 4.131649 -4.624310
v -4.277700 3.964290 -4.624310
v -4.532640 3.964290 -4.624310
v -4.532640 4.131649 -4.350821
v -4.532640 3.964290 -4.350821
v -4.277700 3.964290 -4.350821
v -2.746520 2.190520 -1.434270
v -2.655150 2.211500 -1.519910
v -2.635360 2.255350 -1.642460
v -2.938590 2.352160 -1.798810
v -3.029960 2.331180 -1.713170
v -3.049740 2.287330 -1.590620
v -2.607610 2.231000 1.308950
v -2.733350 2.252080 1.310400
v -2.831120 2.296100 1.387740
v -2.712600 2.393320 1.709160
v -2.586860 2.372250 1.707710
v -2.489100 2.328220 1.630370
v 0.170800 1.691980 -0.431780
v 0.100060 1.716800 0.153890
v 1.037490 1.894130 -0.038030
v 0.387390 1.738630 0.669240
v 0.923030 1.749150 0.917440
v 1.502390 1.744330 0.803680
v 1.799600 1.745350 0.322040
v 1.861800 1.723530 -0.192960
v 1.609150 1.704330 -0.646130
v 1.138130 1.695080 -0.864380
v 0.628680 1.699320 -0.764350
v -2.179000 0.766541 4.414310
v -2.072890 0.594711 4.366710
v -1.983460 0.785061 4.344960
v -2.434010 1.376340 3.505760
v -2.480370 1.423160 3.696660
v -2.284830 1.441681 3.627300
v -2.603600 6.740249 -6.465831
v -2.539660 6.982469 -6.363731
v -2.526780 6.709179 -6.331511
v -2.593570 6.740059 -6.471611
v -2.516730 6.708979 -6.337301
v -2.530300 6.982289 -6.369131
v -2.376130 6.459120 5.602099
v -2.475000 6.653551 5.571179
v -2.495550 6.430250 5.564349
v -2.378970 6.459120 5.611089
v -2.498400 6.430250 5.573349
v -2.477650 6.653551 5.579569
v -2.813830 2.644120 -1.568840
v -2.814300 2.809890 -1.569740
v -2.877470 2.708070 -1.686170
v -2.803280 2.644120 -1.574570
v -2.866940 2.708070 -1.691880
v -2.803790 2.809890 -1.575450
v -2.667660 2.545970 1.463840
v -2.667310 2.665200 1.464480
v -2.620970 2.591960 1.547720
v -2.675200 2.545970 1.468030
v -2.628500 2.591960 1.551910
v -2.674830 2.665200 1.468660
v -4.471210 7.137480 -0.015301
v -4.471210 6.293860 1.722509
v -5.736510 6.293860 1.722509
v -5.736510 7.137480 -0.015301
v -4.471210 6.190810 -1.644741
v -5.736510 6.190810 -1.644741
v -4.471210 -0.001540 -1.513820
v -5.736510 -0.001540 -1.513820
v -4.471210 -0.001540 1.580770
v -5.736510 -0.001540 1.580770
v -4.471210 0.043941 6.000280
v -4.471210 -0.001540 1.580770
v -4.471210 6.293860 1.722509
v -4.471210 6.480331 5.869329
v -4.471210 6.190810 -1.644741
v -4.471210 -0.001540 -1.513820
v -4.471210 -0.057601 -5.930270
v -4.471210 6.415910 -5.842161
v -4.471210 -0.001540 -1.513820
v -4.471210 -0.001540 1.580770
v -4.471210 8.000799 -4.612881
v -4.471210 8.571970 -3.533901
v -4.471210 7.137480 -0.015301
v -4.471210 8.645220 -0.024121
v -4.471210 8.593141 3.576129
v -4.471210 8.191320 4.436909
v 5.364070 0.027151 6.648430
v -3.378670 0.008601 6.648430
v -3.384820 8.135951 6.648429
v 5.357930 8.154481 6.648429
v -3.307700 2.462661 6.160180
v -3.307700 3.166831 6.160180
v -1.874380 3.145381 6.163270
v -1.859470 2.647621 6.189110
v -3.357680 3.166831 6.810600
v -1.929720 3.145381 6.883359
v -3.357680 2.462661 6.810600
v -1.910910 2.647621 6.858419
v 0.731680 2.991571 6.925330
v 0.791900 2.991571 6.141700
v 0.755520 2.484781 6.155340
v 0.697550 2.484781 6.909819
v 3.596780 3.146561 6.112620
v 3.529980 3.146561 6.981930
v 5.027300 3.224341 6.953769
v 5.103770 3.224341 6.082449
v 3.491250 2.627581 6.109809
v 5.103770 2.436071 6.082449
v 5.027300 2.436071 6.953769
v 3.424450 2.627581 6.979119
v 4.738090 8.518460 5.962879
v 2.934240 8.315811 5.962879
v 2.934240 8.315811 6.863919
v 4.738090 8.518460 6.863919
v 4.738090 7.684150 5.962879
v 4.738090 7.684151 6.863919
v 2.934240 7.481501 6.863919
v 2.934240 7.481500 5.962879
v 4.738090 7.684150 5.962879
v 2.934240 7.481500 5.962879
v 0.581020 8.518460 5.962879
v 0.581020 8.518460 6.863919
v 0.581020 7.684151 6.863919
v 0.581020 7.684150 5.962879
v 0.581020 7.684150 5.962879
v -1.572460 8.366470 5.962879
v -1.572460 8.366470 6.863919
v -1.572460 7.532161 6.863919
v -1.572460 7.532161 5.962879
v -1.572460 7.532161 5.962879
v -3.004800 8.518460 5.962879
v -3.004800 8.518460 6.863919
v -3.004800 7.684151 6.863919
v -3.004800 7.684150 5.962879
v -3.004800 7.684150 5.962879
v -3.472410 3.864810 0.579630
v -3.436860 3.659380 0.733980
v -3.495140 3.716220 0.828550
v -3.566230 3.942050 0.737700
v -3.566230 3.942050 0.737700
v -3.495140 3.716220 0.828550
v -3.436860 3.773060 0.923110
v -3.472410 4.019300 0.895780
v -3.320300 3.773060 0.923110
v -3.284760 4.019300 0.895780
v -3.262020 3.716220 0.828550
v -3.190930 3.942050 0.737700
v -3.320300 3.659380 0.733980
v -3.284760 3.864810 0.579630
v -3.566230 3.942050 0.737700
v -3.472410 4.019300 0.895780
v -3.284760 4.019300 0.895780
v -3.190930 3.942050 0.737700
v -3.284760 3.864810 0.579630
v -3.472410 3.864810 0.579630
v -3.374350 2.397810 0.850520
v -3.313140 2.574330 0.825730
v -3.313140 2.515560 1.100230
v -3.374350 2.348430 1.160480
v -3.374350 2.599080 1.589640
v -3.313140 2.767230 1.483510
v -3.313140 3.022780 1.594190
v -3.374350 2.938540 1.732740
v -3.313140 2.632520 1.310400
v -3.374350 2.443180 1.403540
v -3.214550 2.901850 1.177890
v -3.306100 3.361060 0.965860
v -3.249900 2.751410 0.735970
v -3.249900 3.217600 1.432950
v -3.435550 2.515560 1.100230
v -3.435550 2.574330 0.825730
v -3.435550 3.022780 1.594190
v -3.435550 2.767230 1.483510
v -3.435550 2.632520 1.310400
v -3.534140 2.901850 1.177890
v -3.442590 3.361060 0.965860
v -3.435550 2.663300 0.599840
v -3.435550 3.260870 1.627810
v -3.498790 2.751410 0.735970
v -3.498790 3.217600 1.432950
v -3.534140 2.929650 0.837040
v -3.442590 3.251140 0.768460
v -3.442590 3.478410 1.168410
v -3.534140 3.142610 1.397090
v -3.498790 2.751410 0.735970
v -3.498790 3.217600 1.432950
v -3.577330 2.524720 -1.531270
v -3.577330 2.803890 -1.574510
v -3.518360 2.742480 -1.668360
v -3.518360 2.544930 -1.637760
v -3.375630 2.385140 -1.509650
v -3.375630 2.446160 -1.622460
v -3.173930 2.524720 -1.531270
v -3.232900 2.544930 -1.637760
v -3.173930 2.803890 -1.574510
v -3.232900 2.742480 -1.668360
v -3.375630 2.943480 -1.596130
v -3.375630 2.841250 -1.683660
v -3.375630 2.943480 -1.596130
v -3.375630 2.841250 -1.683660
v -3.232900 2.544930 -1.637760
v -3.375630 2.446160 -1.622460
v -3.375630 2.841250 -1.683660
v -3.232900 2.742480 -1.668360
v -3.518360 2.742480 -1.668360
v -3.518360 2.544930 -1.637760
v -3.375630 3.972250 1.274349
v -3.216150 3.869680 1.311330
v -3.283140 3.729330 1.164999
v -3.375630 3.793310 1.154960
v -3.216150 3.664540 1.385270
v -3.283140 3.601360 1.185099
v -3.375630 3.561980 1.422240
v -3.375630 3.537390 1.195140
v -3.375630 3.561980 1.422240
v -3.535110 3.664540 1.385270
v -3.468120 3.601370 1.185099
v -3.375630 3.537390 1.195140
v -3.535110 3.869680 1.311330
v -3.468120 3.729330 1.164999
v -3.375630 3.795810 0.809049
v -3.138260 3.700300 0.844240
v -3.223980 3.433490 0.591510
v -3.375630 3.518860 0.536100
v -3.138260 3.329920 1.002420
v -3.223980 3.262740 0.702330
v -3.375630 3.234410 1.037620
v -3.375630 3.177370 0.757740
v -3.375630 3.234410 1.037620
v -3.613010 3.329920 1.002420
v -3.527290 3.262740 0.702330
v -3.375630 3.177370 0.757740
v -3.613010 3.700300 0.844240
v -3.527290 3.433490 0.591510
v -3.375630 3.795810 0.809049
v -3.375630 3.518860 0.536100
v -3.375630 3.101950 -0.234520
v -3.256490 3.019500 -0.221750
v -3.272290 2.955330 -0.526900
v -3.375630 3.026850 -0.537980
v -3.256490 2.854600 -0.196210
v -3.272290 2.812290 -0.504740
v -3.375630 2.772150 -0.183440
v -3.375630 2.740770 -0.493670
v -3.375630 2.772150 -0.183440
v -3.494780 2.854600 -0.196210
v -3.478980 2.812290 -0.504740
v -3.375630 2.740770 -0.493670
v -3.494780 3.019500 -0.221750
v -3.478980 2.955330 -0.526900
v -3.253760 2.712680 -0.927540
v -3.175970 2.575360 -1.329780
v -3.176350 2.852070 -1.369450
v -3.254040 2.881620 -0.951380
v -3.375630 2.627990 -0.915610
v -3.375630 2.436710 -1.309930
v -3.375630 2.627990 -0.915610
v -3.497500 2.712680 -0.927540
v -3.575300 2.575370 -1.329780
v -3.375630 2.436710 -1.309930
v -3.497230 2.881620 -0.951380
v -3.574920 2.852070 -1.369450
v -3.375630 2.965730 -0.963280
v -3.375630 2.989930 -1.389240
v -3.283140 3.400180 0.613130
v -3.283140 3.296050 0.680710
v -3.267400 3.057800 0.388140
v -3.267400 3.192730 0.327100
v -3.375630 3.243980 0.714510
v -3.375630 2.990330 0.418650
v -3.375630 3.243980 0.714510
v -3.468120 3.296050 0.680710
v -3.483860 3.057800 0.388140
v -3.375630 2.990330 0.418650
v -3.468120 3.400180 0.613130
v -3.483860 3.192730 0.327100
v -3.375630 3.452250 0.579340
v -3.375630 3.260200 0.296590
v -3.283140 3.400180 0.613130
v -3.375630 3.452250 0.579340
v -3.223980 3.770250 1.158580
v -3.283140 3.729330 1.164999
v -3.283140 3.601360 1.185099
v -3.223980 3.560440 1.191519
v -3.283140 3.296050 0.680710
v -3.375630 3.537390 1.195140
v -3.375630 3.455540 1.207990
v -3.375630 3.243980 0.714510
v -3.375630 3.455540 1.207990
v -3.375630 3.537390 1.195140
v -3.468120 3.601370 1.185099
v -3.527290 3.560440 1.191519
v -3.468120 3.296050 0.680710
v -3.375630 3.243980 0.714510
v -3.468120 3.729330 1.164999
v -3.527290 3.770250 1.158580
v -3.468120 3.400180 0.613130
v -3.375630 3.793310 1.154960
v -3.375630 3.875160 1.142099
v -3.375630 3.452250 0.579340
v -3.375630 3.875160 1.142099
v -3.375630 3.793310 1.154960
v -3.200090 3.732390 1.504330
v -3.200090 3.951240 1.405339
v -3.375630 3.622970 1.553830
v -3.551170 3.732390 1.504330
v -3.375630 3.622970 1.553830
v -3.551170 3.951240 1.405339
v -3.375630 4.060670 1.355850
v -3.239990 2.803380 -1.385460
v -3.239990 2.615640 -1.356380
v -3.375630 2.521770 -1.341840
v -3.511270 2.615640 -1.356380
v -3.511270 2.803380 -1.385460
v -3.375630 2.897240 -1.400000
v -3.375630 2.897240 -1.400000
v -3.230060 2.979190 -0.557250
v -3.272290 2.955330 -0.526900
v -3.272290 2.812290 -0.504740
v -3.229660 2.776780 -0.529280
v -3.239990 2.615640 -1.356380
v -3.239990 2.803380 -1.385460
v -3.375630 2.740770 -0.493670
v -3.375630 2.675240 -0.515280
v -3.375630 2.521770 -1.341840
v -3.375630 2.675240 -0.515280
v -3.375630 2.740770 -0.493670
v -3.478980 2.812290 -0.504740
v -3.521610 2.776780 -0.529280
v -3.511270 2.615640 -1.356380
v -3.375630 2.521770 -1.341840
v -3.478980 2.955330 -0.526900
v -3.521200 2.979190 -0.557250
v -3.511270 2.803380 -1.385460
v -3.375630 3.026850 -0.537980
v -3.375630 3.079880 -0.571200
v -3.375630 2.897240 -1.400000
v -3.283510 3.065400 0.031030
v -3.283510 2.943610 0.065340
v -3.375630 2.882720 0.082490
v -3.375630 2.882720 0.082490
v -3.467760 2.943610 0.065340
v -3.467760 3.065400 0.031030
v -3.375630 3.126290 0.013880
v -3.375630 3.622970 1.553830
v -3.200090 3.732390 1.504330
v -3.200090 3.951240 1.405339
v -3.375630 4.060670 1.355850
v -3.551170 3.951240 1.405339
v -3.551170 3.732390 1.504330
v -2.810390 1.651090 0.828360
v -2.810390 1.996660 0.828360
v -3.867860 1.996660 0.828360
v -3.867860 1.651090 0.828360
v -3.867860 1.991760 -0.888750
v -3.867860 1.646190 -0.888750
v -2.810390 1.646190 -0.888750
v -2.810390 1.991760 -0.888750
v -2.740170 1.588520 1.242090
v -2.730060 1.588520 0.767830
v -2.730060 2.069020 0.767830
v -2.740170 2.155490 1.242090
v -3.255000 2.069020 0.824810
v -3.255000 2.155490 1.210040
v -3.944830 2.155490 1.252770
v -3.951570 2.069020 0.732220
v -3.951570 1.588520 0.732220
v -3.944830 1.588520 1.252770
v -2.730060 1.588520 0.767830
v -3.255000 1.588520 0.824810
v -3.255000 1.588520 1.210040
v -2.740170 1.588520 1.242090
v -3.944830 1.588520 1.252770
v -3.951570 1.588520 0.732220
v -2.726690 1.588520 -0.841760
v -2.743540 1.588520 -1.273280
v -2.743540 2.130270 -1.270160
v -2.726690 2.069020 -0.841760
v -3.333980 2.130270 -1.198930
v -3.310390 2.069020 -0.888060
v -3.934710 2.069020 -0.852440
v -3.975160 2.130270 -1.248790
v -3.975160 1.588520 -1.251920
v -3.934710 1.588520 -0.852440
v -2.743540 1.588520 -1.273280
v -3.333980 1.588520 -1.202060
v -3.310390 1.588520 -0.888060
v -2.726690 1.588520 -0.841760
v -3.934710 1.588520 -0.852440
v -3.975160 1.588520 -1.251920
v -3.218740 1.914590 0.515690
v -3.218740 1.892440 0.212730
v -3.263250 2.304080 0.306560
v -3.263250 2.313390 0.454160
v -3.528600 1.892440 0.212730
v -3.484090 2.304080 0.306560
v -3.528600 1.914590 0.515690
v -3.484090 2.313390 0.454160
v -3.263480 2.775400 0.250670
v -3.263480 2.775400 0.487130
v -3.483870 2.775400 0.487130
v -3.483870 2.775400 0.250670
v -3.229680 2.701910 0.543860
v -3.229680 2.749880 0.193090
v -3.229680 2.889860 0.135370
v -3.229680 3.018970 0.527500
v -3.489880 2.889860 0.135370
v -3.489880 3.018970 0.527500
v -3.489880 2.701910 0.543860
v -3.489880 2.749880 0.193090
v -3.489880 2.749880 0.193090
v -3.489880 2.889860 0.135370
v -3.489880 2.701910 0.543860
v -3.489880 3.018970 0.527500
v -3.229680 2.448610 -0.445840
v -3.229680 2.470610 -0.883920
v -3.229680 2.623340 -0.871090
v -3.229680 2.689300 -0.464070
v -3.489880 2.623340 -0.871090
v -3.489880 2.689300 -0.464070
v -3.489880 2.448610 -0.445840
v -3.489880 2.470620 -0.883920
v -3.489880 2.470620 -0.883920
v -3.489880 2.623340 -0.871090
v -3.489880 2.448610 -0.445840
v -3.489880 2.689300 -0.464070
v -3.218740 1.903110 -0.484530
v -3.218740 1.942690 -0.770500
v -3.263250 2.235880 -0.757730
v -3.263250 2.241490 -0.590110
v -3.528600 1.942690 -0.770500
v -3.484090 2.235880 -0.757730
v -3.263480 2.491870 -0.803530
v -3.263480 2.515390 -0.484980
v -3.483870 2.491870 -0.803530
v -3.483870 2.515390 -0.484980
v -3.484090 2.241490 -0.590110
v -3.528600 1.903110 -0.484530
v -4.086310 3.505200 -1.338400
v -4.086310 3.435340 -1.854950
v -4.178250 3.894910 -1.794891
v -4.178250 3.903030 -1.365140
v -4.092660 4.401770 -1.256171
v -4.092660 4.475330 -1.898610
v -4.603640 4.371590 -1.898610
v -4.603640 4.298040 -1.256171
v -4.603440 3.574360 -1.338400
v -4.603440 3.504490 -1.854951
v -4.086310 3.435340 -1.854950
v -4.603440 3.504490 -1.854951
v -4.604070 3.915650 -1.794891
v -4.178250 3.894910 -1.794891
v -4.603440 3.574360 -1.338400
v -4.086310 3.505200 -1.338400
v -4.178250 3.903030 -1.365140
v -4.604070 3.923780 -1.365140
v -4.092660 4.401770 -1.256171
v -4.603640 4.298040 -1.256171
v -4.603640 4.371590 -1.898610
v -4.092660 4.475330 -1.898610
v -4.188410 1.559990 1.878390
v -4.188410 1.556000 1.444970
v -4.188410 4.073940 1.503070
v -4.188410 4.054680 1.837649
v -4.480620 1.556000 1.444970
v -4.480620 4.073940 1.503070
v -4.480620 1.559990 1.878390
v -4.480620 4.054680 1.837649
v -4.188410 6.238810 1.443119
v -4.188410 6.194470 1.856039
v -4.480620 6.194470 1.856039
v -4.480620 6.238810 1.443119
v -4.207340 1.585180 -1.768130
v -4.207340 3.984540 -1.711650
v -4.207340 4.006490 -1.440150
v -4.207340 1.581190 -1.331520
v -4.499550 4.006490 -1.440150
v -4.499550 1.581190 -1.331520
v -4.499550 1.585180 -1.768130
v -4.499550 3.984540 -1.711650
v -4.207340 6.194470 -1.806891
v -4.207340 6.238810 -1.393971
v -4.499550 6.194470 -1.806891
v -4.499550 6.238810 -1.393971
v -4.561840 3.735930 1.646990
v -4.561840 3.852510 -1.589841
v -4.561840 4.160300 -1.597700
v -4.561840 4.211600 1.677249
v -5.751490 4.160300 -1.597700
v -5.751490 4.211600 1.677249
v -5.751490 3.735930 1.646990
v -5.751490 3.852510 -1.589841
v -4.086310 3.504030 1.462319
v -4.178250 3.901860 1.489060
v -4.178250 3.893730 1.918800
v -4.086310 3.434160 1.978870
v -4.092660 4.400600 1.380090
v -4.603640 4.296860 1.380090
v -4.603640 4.370420 2.022530
v -4.092660 4.474161 2.022530
v -4.603440 3.573190 1.462319
v -4.603440 3.503320 1.978870
v -4.086310 3.434160 1.978870
v -4.178250 3.893730 1.918800
v -4.604070 3.914480 1.918800
v -4.603440 3.503320 1.978870
v -4.603440 3.573190 1.462319
v -4.604070 3.922600 1.489060
v -4.178250 3.901860 1.489060
v -4.086310 3.504030 1.462319
v -4.603640 4.296860 1.380090
v -4.092660 4.400600 1.380090
v -4.092660 4.474161 2.022530
v -4.603640 4.370420 2.022530
v 5.887180 0.061530 -3.496420
v 6.314820 0.082220 -2.721930
v 6.319160 0.085739 -4.469900
v 5.811040 0.268129 -4.530870
v 6.315540 0.015029 -5.152830
v 5.749750 0.240919 -5.250730
v 7.253790 -0.025051 -6.545870
v 6.852660 -0.006211 -5.888560
v 4.616000 -0.033471 -7.011010
v 4.418200 0.257799 -6.557880
v 4.281200 0.294219 -5.690250
v 4.152740 0.375689 -4.888680
v 3.965650 0.432600 -3.699790
v 3.773710 0.095100 -2.411510
v 2.199860 0.059760 -3.785980
v 1.540450 0.077760 -3.174840
v 2.007130 0.026429 -5.012800
v 2.435170 0.211849 -4.940710
v 2.166120 0.008549 -5.640370
v 2.742360 0.191009 -5.608610
v 1.806060 -0.030681 -7.081750
v 1.879960 -0.014721 -6.499800
v 4.418200 0.257799 -6.557880
v 4.616000 -0.033471 -7.011010
v 4.152740 0.375689 -4.888680
v 4.281200 0.294219 -5.690250
v 3.965650 0.432600 -3.699790
v 3.773710 0.095100 -2.411510
v -1.146450 -1.076461 -7.395350
v -5.754910 -1.076461 -7.395350
v 3.191770 -1.076461 -7.395350
v 7.419050 -1.076471 -7.395350
v -5.754910 -1.076459 7.210430
v -1.146450 -1.076459 7.210430
v 3.191770 -1.076459 7.210430
v 7.419050 -1.076469 7.210430
v -5.754910 -1.076459 7.210430
v -5.754910 -1.076461 -7.395350
v 7.419050 -1.076469 7.210430
v 7.419050 -1.076471 -7.395350
v -4.476350 6.646450 -2.566951
v -4.174210 6.646450 -2.566951
v -4.174210 6.581349 -2.506231
v -4.476350 6.581349 -2.506231
v -4.174210 7.260900 -2.475161
v -4.174210 6.926489 -2.163281
v -4.174210 6.581349 -2.506231
v -4.476350 6.581349 -2.506231
v -4.476350 6.926489 -2.163281
v -4.476350 7.260900 -2.475161
v -4.476350 6.561740 2.543619
v -4.476350 6.496640 2.482899
v -4.174210 6.496640 2.482899
v -4.174210 6.561740 2.543619
v -4.174210 6.496640 2.482899
v -4.174210 6.841780 2.139949
v -4.174210 7.176190 2.451829
v -4.476350 6.496640 2.482899
v -4.476350 6.841780 2.139949
v -4.476350 7.176190 2.451829
v -4.114610 6.147379 -2.022301
v -4.114610 6.705550 -1.684951
v -4.114610 6.520020 -1.215051
v -4.114610 6.125940 -1.234591
v -4.114610 7.262949 -2.549911
v -4.114610 7.470759 -2.504441
v -4.114610 7.752390 -1.837461
v -4.114610 7.296900 -1.354651
v -4.114610 6.086451 2.008529
v -4.114610 6.167700 1.230309
v -4.114610 6.611910 1.217629
v -4.114610 6.700420 1.709619
v -4.114610 7.373190 2.470809
v -4.114610 7.152141 2.506929
v -4.114610 7.187610 1.400559
v -4.114610 7.728490 1.665059
v -4.114610 7.543490 -0.003811
v -4.114610 6.872630 0.005339
v -4.485690 6.705550 -1.684951
v -4.485690 6.520020 -1.215051
v -4.114610 6.520020 -1.215051
v -4.114610 6.705550 -1.684951
v -4.485690 6.125940 -1.234591
v -4.485690 6.147379 -2.022301
v -4.114610 6.147379 -2.022301
v -4.114610 6.125940 -1.234591
v -4.485690 6.990990 -1.703191
v -4.114610 6.990990 -1.703191
v -4.485690 6.755599 -2.124081
v -4.114610 6.755599 -2.124081
v -4.485690 7.262949 -2.549911
v -4.114610 7.262949 -2.549911
v -4.485690 7.262949 -2.549911
v -4.485690 7.470759 -2.504441
v -4.114610 7.470759 -2.504441
v -4.114610 7.262949 -2.549911
v -4.485690 7.506380 -2.098341
v -4.114610 7.506380 -2.098341
v -4.485690 7.752390 -1.837461
v -4.114610 7.752390 -1.837461
v -4.485690 7.296900 -1.354651
v -4.114610 7.296900 -1.354651
v -4.485690 7.543490 -0.003811
v -4.114610 7.543490 -0.003811
v -4.485690 6.872630 0.005339
v -4.114610 6.872630 0.005339
v -4.485690 6.086451 2.008529
v -4.485690 6.167700 1.230309
v -4.114610 6.167700 1.230309
v -4.114610 6.086451 2.008529
v -4.485690 6.611910 1.217629
v -4.485690 6.700420 1.709619
v -4.114610 6.700420 1.709619
v -4.114610 6.611910 1.217629
v -4.485690 6.756161 2.138219
v -4.114610 6.756161 2.138219
v -4.485690 6.996460 1.735709
v -4.114610 6.996460 1.735709
v -4.485690 7.452400 2.125619
v -4.485690 7.373190 2.470809
v -4.114610 7.373190 2.470809
v -4.114610 7.452400 2.125619
v -4.485690 7.152141 2.506929
v -4.114610 7.152141 2.506929
v -4.485690 7.152141 2.506929
v -4.114610 7.152141 2.506929
v -4.485690 7.187610 1.400559
v -4.114610 7.187610 1.400559
v -4.485690 7.728490 1.665059
v -4.114610 7.728490 1.665059
v -4.266000 3.940450 0.219460
v -4.250940 3.840500 0.059930
v -4.347340 4.370120 0.049539
v -4.344230 4.376410 0.268749
v -4.270580 3.931200 -0.103340
v -4.350450 4.363850 -0.169671
v -4.401230 3.915830 0.221440
v -4.386170 3.815880 0.061910
v -4.405820 3.906580 -0.101360
v -4.405820 3.906580 -0.101360
v -4.485680 4.339220 -0.167691
v -4.401230 3.915830 0.221440
v -4.479460 4.351780 0.270729
v -4.990390 5.691040 -0.027641
v -4.958260 5.691410 -0.001291
v -4.816230 5.563590 -0.107801
v -4.902600 5.562210 -0.192671
v -4.943190 5.692250 0.034659
v -4.779600 5.566510 0.011569
v -4.948620 5.693350 0.071979
v -4.801100 5.570300 0.138109
v -4.973310 5.694480 0.102109
v -4.875800 5.574100 0.242819
v -5.011590 5.695370 0.118159
v -4.986590 5.577020 0.301709
v -5.054710 5.695820 0.116439
v -5.108090 5.578410 0.301299
v -5.092790 5.695730 0.097349
v -5.212460 5.577950 0.241669
v -5.117090 5.695110 0.065269
v -5.275810 5.575730 0.136499
v -5.122060 5.694110 0.027539
v -5.283600 5.572280 0.009859
v -5.122060 5.694110 0.027539
v -5.106550 5.692960 -0.007191
v -5.234070 5.568370 -0.109221
v -5.283600 5.572280 0.009859
v -5.074120 5.691920 -0.030971
v -5.138550 5.564910 -0.193471
v -5.032200 5.691230 -0.038351
v -5.018920 5.562690 -0.223581
v -4.724870 5.419470 -0.169061
v -4.848110 5.417500 -0.290161
v -4.672600 5.423640 0.001269
v -4.703270 5.429049 0.181829
v -4.809860 5.434470 0.331239
v -4.967950 5.438640 0.415269
v -5.141320 5.440630 0.414679
v -5.290260 5.439960 0.329609
v -5.380640 5.436800 0.179529
v -5.391760 5.431870 -0.001171
v -5.321080 5.426290 -0.171091
v -5.391760 5.431870 -0.001171
v -5.184780 5.421350 -0.291301
v -5.014090 5.418180 -0.334281
v -4.651890 5.234950 -0.216951
v -4.804840 5.232510 -0.367241
v -4.587010 5.240130 -0.005551
v -4.625080 5.246840 0.218529
v -4.757370 5.253560 0.403959
v -4.953570 5.258750 0.508249
v -5.168730 5.261210 0.507519
v -5.353580 5.260380 0.401929
v -5.465750 5.256460 0.215669
v -5.479560 5.250340 -0.008581
v -5.391830 5.243420 -0.219471
v -5.479560 5.250340 -0.008581
v -5.222670 5.237290 -0.368661
v -5.010830 5.233350 -0.421991
v -4.601490 5.025910 -0.248801
v -4.775260 5.023130 -0.419551
v -4.527780 5.031780 -0.008621
v -4.571030 5.039410 0.245969
v -4.721320 5.047050 0.456639
v -4.944230 5.052940 0.575129
v -5.188690 5.055730 0.574299
v -5.398700 5.054800 0.454339
v -5.526140 5.050340 0.242719
v -5.541820 5.043380 -0.012061
v -5.442160 5.035520 -0.251651
v -5.541820 5.043380 -0.012061
v -5.249970 5.028560 -0.421161
v -5.009300 5.024090 -0.481751
v -4.576220 4.844890 -0.263611
v -4.760720 4.841940 -0.444901
v -4.497970 4.851130 -0.008611
v -4.543880 4.859230 0.261679
v -4.703450 4.867330 0.485349
v -4.940110 4.873580 0.611149
v -5.199660 4.876550 0.610269
v -5.422620 4.875560 0.482909
v -5.557930 4.870830 0.258239
v -5.574580 4.863440 -0.012271
v -5.468760 4.855100 -0.266641
v -5.574580 4.863440 -0.012271
v -5.264720 4.847700 -0.446611
v -5.009190 4.842960 -0.510941
v -5.021620 5.776000 -0.051921
v -5.031830 5.781400 0.136779
v -5.024030 5.675840 -0.042711
v -5.033480 5.680840 0.131779
v -5.267100 4.270930 -0.741911
v -5.642170 4.278030 -0.514901
v -5.516330 4.841040 -0.407411
v -5.218470 4.835410 -0.587681
v -5.853450 4.290040 -0.130851
v -5.684120 4.850580 -0.102411
v -5.844330 4.303740 0.307359
v -5.676870 4.861460 0.245579
v -5.617240 4.315470 0.682299
v -5.496530 4.870780 0.543329
v -5.617240 4.315470 0.682299
v -5.233040 4.322070 0.893499
v -5.191420 4.876020 0.711059
v -5.496530 4.870780 0.543329
v -4.794670 4.321790 0.884379
v -4.843300 4.875790 0.703819
v -4.419600 4.314690 0.657369
v -4.545440 4.870160 0.523539
v -4.208320 4.302680 0.273320
v -4.377650 4.860620 0.218549
v -4.217440 4.288980 -0.164890
v -4.384900 4.849740 -0.129451
v -4.444530 4.277250 -0.539831
v -4.565230 4.840430 -0.427201
v -4.828730 4.270650 -0.751031
v -4.870340 4.835180 -0.594931
v -4.377650 4.860620 0.218549
v -4.384900 4.849740 -0.129451
v -5.516330 4.841040 -0.407411
v -5.684120 4.850580 -0.102411
v -5.676870 4.861460 0.245579
v -4.545440 4.870160 0.523539
v -3.908630 5.636139 -3.723651
v -3.793840 5.647039 -3.701651
v -3.747010 5.538070 -3.757031
v -3.848890 5.497140 -3.794301
v -3.943610 5.699239 -3.580941
v -3.821270 5.696510 -3.589771
v -3.937480 5.656899 -3.432951
v -3.816450 5.663319 -3.473761
v -3.893090 5.528940 -3.348931
v -3.781650 5.563010 -3.407891
v -3.831210 5.375239 -3.368191
v -3.733150 5.442510 -3.422991
v -3.780810 5.267700 -3.481711
v -3.693640 5.358210 -3.511991
v -3.765470 5.256660 -3.636391
v -3.681610 5.349550 -3.633240
v -3.792350 5.347270 -3.759841
v -3.702680 5.420589 -3.730021
v -3.729680 5.607090 -3.629821
v -3.708940 5.558810 -3.654361
v -3.741830 5.629000 -3.580261
v -3.685290 5.479130 -3.545800
v -3.679960 5.475289 -3.599521
v -3.689300 5.506759 -3.642391
v -3.865890 5.367899 -4.639700
v -4.080360 5.839170 -4.530390
v -3.831030 5.974710 -4.548570
v -3.616550 5.503449 -4.657880
v -4.260970 6.256670 -4.257371
v -4.011630 6.392220 -4.275551
v -4.375400 6.601920 -3.702401
v -4.112370 6.632360 -3.657961
v -4.402890 6.442649 -3.375701
v -4.126660 6.525290 -3.354101
v -4.299350 6.522290 -2.947741
v -4.110030 6.495619 -3.022761
v -4.182090 5.865560 -2.518731
v -3.882930 6.025019 -2.574181
v -3.941570 5.264200 -2.478841
v -3.692230 5.399749 -2.497011
v -3.712450 4.826930 -2.693511
v -3.504600 5.030230 -2.759701
v -3.653830 4.599890 -2.921320
v -3.404490 4.735440 -2.939491
v -3.621290 4.317480 -3.384581
v -3.371950 4.453030 -3.402761
v -3.546480 4.467090 -4.110160
v -3.297140 4.602640 -4.128340
v -3.676370 4.830900 -4.479260
v -3.427040 4.966450 -4.497440
v -3.821370 5.932980 -4.390590
v -3.630110 5.519130 -4.498050
v -3.962190 6.258530 -4.177711
v -4.098180 6.413869 -3.657471
v -4.026610 6.342390 -3.437321
v -4.043390 6.338600 -3.097061
v -3.941600 5.927849 -2.767451
v -3.706360 5.454750 -2.674431
v -3.617310 5.148320 -2.867721
v -3.445130 4.848639 -3.049500
v -3.452470 4.657190 -3.441540
v -3.375550 4.784050 -4.011321
v -3.472830 5.065650 -4.368861
v -3.153130 3.667179 -5.810211
v -3.213180 4.979169 -5.810211
v -3.213260 4.979300 -5.358990
v -3.153130 3.667179 -5.311471
v -3.346540 6.083089 -5.733011
v -3.346540 6.083089 -5.336091
v -2.904160 7.293479 -5.444251
v -2.904160 6.995769 -5.069181
v -2.442610 8.251009 -4.820281
v -2.428630 7.842320 -4.469291
v -2.442610 8.251009 -4.820281
v -1.766090 9.008180 -3.732101
v -1.766090 8.480960 -3.592501
v -2.428630 7.842320 -4.469291
v -4.581500 3.667179 -5.810211
v -3.153130 3.667179 -5.810211
v -3.153130 3.667179 -5.311471
v -4.581500 3.667179 -5.311471
v -3.213260 4.979300 -5.358990
v -4.581230 4.979300 -5.358990
v -4.581230 4.979169 -5.810211
v -4.581500 3.667179 -5.810211
v -3.346540 6.083089 -5.336091
v -4.581110 6.083089 -5.336091
v -4.581110 6.083089 -5.733011
v -2.904160 6.995769 -5.069181
v -4.581110 6.995769 -5.069181
v -4.581110 7.293479 -5.444251
v -2.428630 7.842320 -4.469291
v -4.581260 7.842320 -4.469291
v -4.581220 8.251009 -4.820281
v -4.581260 7.842320 -4.469291
v -4.582050 8.480960 -3.592501
v -4.582050 9.008180 -3.732101
v -4.581220 8.251009 -4.820281
v -4.582050 9.008180 -3.732101
v -4.582050 9.248820 -0.000001
v -1.766090 9.201990 -0.000001
v -1.766090 9.008180 -3.732101
v -1.766090 8.707310 -0.000001
v -1.766090 8.480960 -3.592501
v -1.766090 8.480960 -3.592501
v -1.766090 8.707310 -0.000001
v -4.582050 8.565081 -0.000001
v -4.582050 8.480960 -3.592501
v -3.153130 3.667181 5.810210
v -3.153130 3.667181 5.311470
v -3.213260 4.979300 5.358989
v -3.213180 4.979170 5.810210
v -3.346540 6.083090 5.336089
v -3.346540 6.083090 5.733009
v -2.904160 6.995770 5.069179
v -2.904160 7.293480 5.444249
v -2.389690 7.915540 4.359459
v -2.441780 8.324241 4.710449
v -2.441780 8.324241 4.710449
v -2.389690 7.915540 4.359459
v -1.766090 8.480960 3.592499
v -1.766090 9.008180 3.732099
v -4.581500 3.667181 5.810210
v -4.581500 3.667181 5.311470
v -3.153130 3.667181 5.311470
v -3.153130 3.667181 5.810210
v -4.581230 4.979300 5.358989
v -3.213260 4.979300 5.358989
v -4.581230 4.979170 5.810210
v -4.581500 3.667181 5.810210
v -4.581110 6.083090 5.336089
v -3.346540 6.083090 5.336089
v -4.581110 6.083090 5.733009
v -4.581110 6.995770 5.069179
v -2.904160 6.995770 5.069179
v -4.581110 7.293480 5.444249
v -4.581260 7.915540 4.359459
v -2.389690 7.915540 4.359459
v -4.581220 8.324241 4.710449
v -4.581260 7.915540 4.359459
v -4.582050 8.480960 3.592499
v -4.582050 9.008180 3.732099
v -4.581220 8.324241 4.710449
v -4.582050 9.008180 3.732099
v -1.766090 9.008180 3.732099
v -1.766090 8.480960 3.592499
v -1.766090 8.707310 -0.000001
v -1.766090 8.480960 3.592499
v -4.582050 8.480960 3.592499
v 4.993700 -0.033550 3.584740
v 4.681670 -0.033549 4.295430
v 4.347270 1.026480 4.332330
v 4.794550 1.026480 3.313590
v 4.681670 -0.033549 4.295430
v 5.141140 -0.033549 4.921000
v 5.005890 1.026481 5.229050
v 4.347270 1.026480 4.332330
v 5.141140 -0.033549 4.921000
v 5.912630 -0.033549 4.835880
v 6.111790 1.026481 5.107020
v 5.005890 1.026481 5.229050
v 5.912630 -0.033549 4.835880
v 6.224660 -0.033550 4.125180
v 6.559060 1.026480 4.088280
v 6.111790 1.026481 5.107020
v 6.224660 -0.033550 4.125180
v 5.765190 -0.033550 3.499610
v 5.900440 1.026480 3.191560
v 6.559060 1.026480 4.088280
v 5.765190 -0.033550 3.499610
v 4.993700 -0.033550 3.584740
v 4.794550 1.026480 3.313590
v 5.900440 1.026480 3.191560
v 5.141140 1.960851 4.921000
v 5.912630 1.960851 4.835880
v 6.224660 1.960850 4.125180
v 5.765190 1.960850 3.499610
v 4.993700 1.960850 3.584740
v 4.681670 1.960850 4.295430
v 6.224660 1.960850 4.125180
v 5.912630 1.960851 4.835880
v 5.912630 1.960851 4.835880
v 5.141140 1.960851 4.921000
v 5.141140 1.960851 4.921000
v 4.681670 1.960850 4.295430
v 4.681670 1.960850 4.295430
v 4.993700 1.960850 3.584740
v 4.993700 1.960850 3.584740
v 5.765190 1.960850 3.499610
v 5.765190 1.960850 3.499610
v 6.224660 1.960850 4.125180
v -4.303370 -0.033550 -3.047020
v -3.613180 -0.033550 -2.691940
v -3.604100 1.026480 -2.504750
v -4.460950 1.026480 -2.945560
v -3.613180 -0.033550 -2.691940
v -2.960580 -0.033550 -3.112130
v -2.793930 1.026480 -3.026400
v -2.960580 -0.033550 -3.112130
v -2.998170 -0.033550 -3.887390
v -2.840600 1.026479 -3.988850
v -2.793930 1.026480 -3.026400
v -2.998170 -0.033550 -3.887390
v -3.688370 -0.033551 -4.242470
v -3.697440 1.026479 -4.429660
v -2.840600 1.026479 -3.988850
v -3.688370 -0.033551 -4.242470
v -4.340970 -0.033550 -3.822280
v -4.507620 1.026479 -3.908010
v -3.697440 1.026479 -4.429660
v -4.340970 -0.033550 -3.822280
v -4.303370 -0.033550 -3.047020
v -4.507620 1.026479 -3.908010
v -2.960580 1.960850 -3.112130
v -2.998170 1.960850 -3.887390
v -3.688360 1.960850 -4.242470
v -4.340970 1.960850 -3.822280
v -4.303370 1.960850 -3.047020
v -3.613180 1.960850 -2.691940
v -3.688360 1.960850 -4.242470
v -2.998170 1.960850 -3.887390
v -2.998170 1.960850 -3.887390
v -2.960580 1.960850 -3.112130
v -2.960580 1.960850 -3.112130
v -3.613180 1.960850 -2.691940
v -3.613180 1.960850 -2.691940
v -4.303370 1.960850 -3.047020
v -4.303370 1.960850 -3.047020
v -4.340970 1.960850 -3.822280
v -4.340970 1.960850 -3.822280
v -3.688360 1.960850 -4.242470
v -3.506480 4.748830 2.801569
v -3.346650 4.760130 2.894439
v -3.297260 4.788371 2.824460
v -3.495790 4.770771 2.734110
v -3.703650 4.831710 2.764709
v -3.682420 4.797121 2.847099
v -3.208420 4.889321 3.448889
v -3.270150 4.927320 3.529809
v -3.222700 5.012801 3.609709
v -3.133940 4.931421 3.457309
v -3.170490 4.846770 3.338359
v -3.102470 4.888640 3.351730
v -3.252010 4.802290 3.045130
v -3.183110 4.833190 3.200939
v -3.077350 4.884581 3.189389
v -3.156530 4.845340 2.992640
v -3.369530 4.806080 2.920640
v -3.284050 4.853130 2.813740
v -3.262850 4.709060 2.777220
v -3.496580 4.713740 2.684780
v -3.739650 4.766840 2.704080
v -3.194720 4.967221 3.718290
v -3.074220 4.874071 3.487490
v -3.048430 4.836441 3.385679
v -3.000920 4.790890 3.178750
v -3.081540 4.747251 2.974349
v -3.223630 4.726591 2.745220
v -3.271400 4.626231 2.789370
v -3.505690 4.652821 2.694549
v -3.751470 4.714780 2.703900
v -3.206410 4.870461 3.747090
v -3.080110 4.798881 3.505300
v -3.054190 4.765501 3.402949
v -3.009930 4.685340 3.198330
v -3.091530 4.641780 2.992849
v -3.237070 4.595790 2.766569
v -3.733190 4.632801 2.808239
v -3.519470 4.612630 2.769739
v -3.328690 4.572670 2.870780
v -3.261640 4.750670 3.667069
v -3.163480 4.732510 3.500829
v -3.130420 4.700521 3.392889
v -3.123000 4.605100 3.234479
v -3.210160 4.561121 3.039579
v -3.335100 4.509430 2.888950
v -3.362690 4.652141 2.918069
v -3.518220 4.669830 2.818860
v -3.697190 4.697660 2.868860
v -3.289620 4.796250 3.558490
v -3.223200 4.789871 3.470659
v -3.184460 4.752710 3.358950
v -3.203850 4.695240 3.230119
v -3.273000 4.663120 3.075230
v -3.394770 4.636200 2.957819
v -3.506480 4.748830 2.801569
v -3.346650 4.760130 2.894439
v -3.682420 4.797121 2.847099
v -3.208420 4.889321 3.448889
v -3.270150 4.927320 3.529809
v -3.170490 4.846770 3.338359
v -3.252010 4.802290 3.045130
v -3.183110 4.833190 3.200939
v -3.369530 4.806080 2.920640
v -3.206430 4.879321 3.320029
v -3.093870 4.946230 3.334310
v -3.228770 4.728930 3.352940
v -3.206430 4.879321 3.320029
v -3.139310 4.640350 3.401249
v -3.013200 4.743751 3.409450
v -3.003950 4.857800 3.382320
v -3.346650 4.760130 2.894439
v -3.362690 4.652141 2.918069
v -3.297260 4.788371 2.824460
v -3.346650 4.760130 2.894439
v -3.262850 4.709060 2.777220
v -3.271400 4.626231 2.789370
v -3.328690 4.572670 2.870780
v -3.170490 4.846770 3.338359
v -3.102470 4.888640 3.351730
v -3.184460 4.752710 3.358950
v -3.170490 4.846770 3.338359
v -3.130420 4.700521 3.392889
v -3.054190 4.765501 3.402949
v -3.048430 4.836441 3.385679
v -3.269470 4.611781 3.837920
v -3.499450 4.436290 3.957929
v -3.604270 4.413230 3.715230
v -3.384470 4.580951 3.600530
v -3.499450 4.436290 3.957929
v -3.778860 4.430561 4.070659
v -3.871300 4.407751 3.822970
v -3.604270 4.413230 3.715230
v -4.032820 4.596130 4.145899
v -4.114020 4.565990 3.894880
v -4.193290 4.888640 4.163499
v -4.267380 4.845551 3.911700
v -4.217260 5.229721 4.118730
v -4.290290 5.171521 3.868909
v -4.098320 5.527960 4.023600
v -4.176610 5.456561 3.777989
v -3.868330 5.703450 3.903589
v -3.956810 5.624280 3.663289
v -3.588920 5.709181 3.790849
v -3.689780 5.629760 3.555549
v -3.334960 5.543610 3.715609
v -3.447060 5.471520 3.483639
v -3.174500 5.251101 3.698009
v -3.293700 5.191960 3.466820
v -3.150520 4.910030 3.742780
v -3.270790 4.865991 3.509609
v -3.972690 5.374341 2.916359
v -3.776400 5.246081 2.858249
v -3.887540 5.175481 2.624719
v -4.073520 5.297010 2.679779
v -4.188730 5.369650 3.003569
v -4.278210 5.292571 2.762409
v -4.366630 5.233260 3.096499
v -4.446770 5.163331 2.850459
v -4.458720 5.001721 3.170259
v -4.534030 4.943950 2.920350
v -4.440340 4.737061 3.205089
v -4.516610 4.693190 2.953350
v -4.316390 4.510211 3.191640
v -4.399180 4.478251 2.940609
v -4.120110 4.381950 3.133530
v -4.213200 4.356720 2.885550
v -3.904070 4.386641 3.046319
v -4.008500 4.361170 2.802920
v -3.726170 4.523030 2.953389
v -3.904070 4.386641 3.046319
v -4.008500 4.361170 2.802920
v -3.839940 4.490400 2.714869
v -3.634070 4.754580 2.879630
v -3.752680 4.709780 2.644979
v -3.652460 5.019231 2.844799
v -3.770100 4.960540 2.611980
v -3.700910 5.538521 3.582389
v -3.495850 5.404521 3.521679
v -3.814810 5.192721 2.885749
v -3.982290 5.302160 2.935329
v -3.926600 5.533620 3.673489
v -4.166620 5.298160 3.009739
v -4.112450 5.391130 3.770579
v -4.318410 5.181780 3.089029
v -4.208660 5.149240 3.847639
v -4.396990 4.984221 3.151969
v -4.189460 4.872760 3.884019
v -4.381300 4.758410 3.181680
v -4.059980 4.635770 3.869970
v -4.275550 4.564850 3.170210
v -3.854920 4.501770 3.809260
v -4.108070 4.455420 3.120630
v -3.629220 4.506670 3.718160
v -3.923740 4.459421 3.046219
v -3.443370 4.649160 3.621070
v -3.629220 4.506670 3.718160
v -3.923740 4.459421 3.046219
v -3.771950 4.575790 2.966929
v -3.347160 4.891050 3.544009
v -3.693370 4.773360 2.903989
v -3.366370 5.167531 3.507629
v -3.709060 4.999170 2.874279
v -3.629220 4.506670 3.718160
v -3.443370 4.649160 3.621070
v -3.854920 4.501770 3.809260
v -3.629220 4.506670 3.718160
v -4.059980 4.635770 3.869970
v -4.189460 4.872760 3.884019
v -4.208660 5.149240 3.847639
v -4.112450 5.391130 3.770579
v -3.926600 5.533620 3.673489
v -3.700910 5.538521 3.582389
v -3.495850 5.404521 3.521679
v -3.366370 5.167531 3.507629
v -3.347160 4.891050 3.544009
v -3.982290 5.302160 2.935329
v -3.814810 5.192721 2.885749
v -4.166620 5.298160 3.009739
v -4.318410 5.181780 3.089029
v -4.396990 4.984221 3.151969
v -4.381300 4.758410 3.181680
v -4.275550 4.564850 3.170210
v -4.108070 4.455420 3.120630
v -3.923740 4.459421 3.046219
v -3.771950 4.575790 2.966929
v -3.923740 4.459421 3.046219
v -3.693370 4.773360 2.903989
v -3.709060 4.999170 2.874279
v -4.042460 4.494550 2.807309
v -3.921410 4.587360 2.744070
v -4.189470 4.491351 2.866660
v -4.042460 4.494550 2.807309
v -4.323040 4.578630 2.906199
v -4.407380 4.733001 2.915349
v -4.419890 4.913090 2.891649
v -4.357220 5.070651 2.841460
v -4.236170 5.163460 2.778219
v -4.089160 5.166650 2.718879
v -3.955590 5.079370 2.679329
v -3.871250 4.925010 2.670190
v -3.858740 4.744921 2.693879
v -3.778860 4.430561 4.070659
v -3.499450 4.436290 3.957929
v -3.588920 5.709181 3.790849
v -3.868330 5.703450 3.903589
v -3.269470 4.611781 3.837920
v -3.334960 5.543610 3.715609
v -4.098320 5.527960 4.023600
v -4.032820 4.596130 4.145899
v -4.217260 5.229721 4.118730
v -4.193290 4.888640 4.163499
v -3.150520 4.910030 3.742780
v -3.174500 5.251101 3.698009
v 1.304180 1.580160 0.020960
v 1.251080 1.552320 0.175330
v 1.238710 2.733970 0.479690
v 1.326470 2.779990 0.224550
v 1.359990 1.519560 0.295710
v 1.418710 2.679830 0.678650
v 1.521990 1.514640 0.261720
v 1.686460 2.671700 0.622470
v 1.575090 1.542480 0.107350
v 1.774220 2.717720 0.367330
v 1.466180 1.575240 -0.013030
v 1.594220 2.771860 0.168370
v 1.304180 1.580160 0.020960
v 1.326470 2.779990 0.224550
v 1.326470 2.779990 0.224550
v 1.238710 2.733970 0.479690
v 1.418710 2.679830 0.678650
v 1.686460 2.671700 0.622470
v 1.774220 2.717720 0.367330
v 1.594220 2.771860 0.168370
v -1.518400 1.505340 -4.428250
v -1.250640 1.505339 -5.702510
v -1.250640 1.763469 -5.702510
v -1.518400 1.763470 -4.428250
v -2.124700 1.934449 -5.861030
v -2.392450 1.934449 -4.586780
v -2.124700 1.505339 -5.861030
v -2.392450 1.505340 -4.586780
v -1.250640 1.505339 -5.702510
v -2.124700 1.505339 -5.861030
v -2.392450 1.505340 -4.586780
v -1.518400 1.505340 -4.428250
v -2.493460 0.544399 -4.124390
v 1.156250 0.544390 -3.462460
v 1.156250 1.315540 -3.462460
v -2.493460 1.315539 -4.124390
v -2.042830 1.315539 -6.268930
v 1.606880 1.315539 -5.607000
v 1.606880 0.544389 -5.607000
v -2.042830 0.544399 -6.268930
v 1.606880 0.544389 -5.607000
v 1.606880 1.315539 -5.607000
v -0.306980 0.740879 -5.941960
v 1.180200 0.740879 -5.672240
v 1.340230 0.763719 -6.433830
v -0.146950 0.763719 -6.703560
v 1.340230 0.531929 -6.433830
v -0.146950 0.531929 -6.703560
v -0.146950 0.531929 -6.703560
v 1.340230 0.531929 -6.433830
v 1.180200 0.553829 -5.672240
v -0.306980 0.553829 -5.941960
v 1.180200 0.553829 -5.672240
v 1.340230 0.531929 -6.433830
v -0.146950 0.531929 -6.703560
v -0.306980 0.553829 -5.941960
v -0.019300 -0.031141 -6.314160
v 1.064310 -0.031141 -6.117630
v 1.161030 0.580629 -6.100080
v -0.116020 0.580629 -6.331700
v -0.061900 0.580629 -6.589290
v 1.215160 0.580629 -6.357670
v 1.118440 -0.031141 -6.375210
v 0.034820 -0.031141 -6.571750
v 1.064310 -0.031141 -6.117630
v 1.161030 0.580629 -6.100080
v -0.019300 -0.031141 -6.314160
v -0.116020 0.580629 -6.331700
v -2.693220 -0.032880 -3.846170
v 1.306760 -0.032880 -3.120700
v 1.335190 0.553590 -3.255970
v -2.664790 0.553590 -3.981440
v 1.869220 0.553589 -5.797440
v -2.130760 0.553589 -6.522900
v 1.897650 -0.032881 -5.932710
v -2.102330 -0.032881 -6.658170
v 1.306760 -0.032880 -3.120700
v 1.897650 -0.032881 -5.932710
v -2.102330 -0.032881 -6.658170
v -2.693220 -0.032880 -3.846170
v -2.604990 1.199819 -4.079430
v 1.297780 1.149630 -3.371600
v 1.297780 1.511570 -3.371600
v -2.604990 1.511570 -4.079430
v 1.779650 1.511569 -5.664830
v -2.123110 1.511569 -6.372660
v 1.779650 1.149629 -5.664830
v -2.123110 1.199819 -6.372660
v -2.123110 1.199819 -6.372660
v 1.779650 1.149629 -5.664830
v 1.297780 1.149630 -3.371600
v -2.604990 1.199819 -4.079430
v 1.297780 1.149630 -3.371600
v 1.779650 1.149629 -5.664830
v -2.123110 1.199819 -6.372660
v -2.604990 1.199819 -4.079430
v 2.223000 1.184261 5.965500
v 2.457860 1.184261 5.790010
v 2.124670 1.207190 3.093090
v 1.834500 1.207190 3.061280
v 2.457860 1.184261 5.790010
v 2.434820 1.248901 5.447510
v 1.842600 1.248901 5.561560
v 1.880870 1.184261 5.930860
v 1.568600 1.207190 3.153540
v 1.612600 1.248900 3.348440
v 2.164320 1.248900 3.281190
v 2.124670 1.207190 3.093090
v 1.880870 1.184261 5.930860
v 1.568600 1.207190 3.153540
v 2.350110 1.340330 4.395820
v 1.739530 1.340330 4.510370
v 1.739530 1.140241 4.510370
v 2.350110 1.140240 4.395820
v 1.190650 1.083251 5.844580
v 1.514110 1.083251 5.909040
v 1.171360 1.121230 3.061930
v 0.875780 1.121230 3.192030
v 1.863880 1.083251 5.783290
v 1.840270 1.190311 5.540690
v 1.165440 1.190311 5.601370
v 1.190650 1.083251 5.844580
v 1.546350 1.121230 3.057970
v 1.863880 1.083251 5.783290
v 1.737550 1.383121 4.579170
v 1.055570 1.383121 4.645770
v 1.055570 1.081651 4.645770
v 1.737550 1.081651 4.579170
v 0.875780 1.121230 3.192030
v 0.939800 1.190310 3.511180
v 1.616510 1.190310 3.367390
v 1.546350 1.121230 3.057970
v 0.861770 1.073471 6.018700
v 1.183070 1.073471 5.895800
v 0.890830 1.112900 3.255840
v 0.582060 1.112900 3.304010
v 1.183070 1.073471 5.895800
v 1.183400 1.184641 5.721830
v 0.556110 1.184641 5.655240
v 0.637420 1.073471 5.888140
v 0.347550 1.112900 3.446580
v 0.372240 1.184641 3.608890
v 0.933610 1.184640 3.441610
v 0.890830 1.112900 3.255840
v 0.637420 1.073471 5.888140
v 0.347550 1.112900 3.446580
v 0.475790 1.075981 4.571130
v 0.475790 1.339061 4.571130
v 1.059510 1.075981 4.633040
v 1.059510 1.339061 4.633040
v 1.233510 1.685101 3.958210
v 1.344590 1.638331 3.925090
v 1.208350 1.708490 4.076690
v 1.294270 1.685101 4.162060
v 1.405350 1.638331 4.128950
v 1.430510 1.614941 4.010470
v 1.239980 1.756600 3.939110
v 1.368250 1.702590 3.900870
v 1.210930 1.783610 4.075920
v 1.310150 1.756600 4.174500
v 1.438410 1.702590 4.136260
v 1.467470 1.675591 3.999450
v 1.273040 1.820871 3.946420
v 1.384130 1.774090 3.913310
v 1.247890 1.844260 4.064900
v 1.333810 1.820871 4.150280
v 1.444890 1.774090 4.117160
v 1.470050 1.750710 3.998680
v 1.429250 1.682230 4.168440
v 1.473470 1.597140 4.224160
v 1.343100 1.733640 4.201610
v 1.301170 1.699960 4.290490
v 1.345390 1.614870 4.346210
v 1.431540 1.563460 4.313040
v 1.463980 1.728770 4.179810
v 1.515040 1.630520 4.244140
v 1.364500 1.788140 4.218110
v 1.316090 1.749241 4.320740
v 1.367150 1.650990 4.385070
v 1.466630 1.591630 4.346770
v 1.485730 1.764900 4.218670
v 1.529960 1.679801 4.274390
v 1.399580 1.816310 4.251840
v 1.357660 1.782620 4.340730
v 1.401880 1.697531 4.396440
v 1.488030 1.646120 4.363270
v 1.576420 1.450630 3.885040
v 1.348500 1.464160 3.805180
v 1.353270 1.636250 3.764420
v 1.611760 1.620911 3.854990
v 1.116780 1.464160 3.874250
v 1.090470 1.636250 3.842760
v 0.969770 1.450630 4.065870
v 0.923750 1.620911 4.060070
v 0.963630 1.428741 4.306840
v 0.916780 1.596081 4.333360
v 1.100700 1.406851 4.505120
v 1.072240 1.571251 4.558240
v 1.328630 1.393321 4.584970
v 1.330730 1.555911 4.648800
v 1.560340 1.393321 4.515900
v 1.593530 1.555911 4.570470
v 1.707350 1.406851 4.324290
v 1.760250 1.571250 4.353160
v 1.713490 1.428741 4.083320
v 1.767220 1.596081 4.079870
v 1.343240 1.363641 4.895460
v 1.222220 1.363641 4.882950
v 1.210890 1.591361 4.844950
v 1.362100 1.591361 4.860580
v 1.127790 1.363641 4.959680
v 1.092910 1.591361 4.940820
v 1.115280 1.363641 5.080710
v 1.077280 1.591361 5.092030
v 1.192010 1.363641 5.175130
v 1.173150 1.591361 5.210010
v 1.313040 1.363641 5.187640
v 1.324360 1.591361 5.225640
v 1.407460 1.363641 5.110910
v 1.442340 1.591361 5.129770
v 1.407460 1.363641 5.110910
v 1.419970 1.363641 4.989880
v 1.457970 1.591361 4.978560
v 1.442340 1.591361 5.129770
v 1.366120 1.817591 4.853140
v 1.208470 1.817591 4.836850
v 1.226690 1.817591 4.897950
v 1.335800 1.817591 4.909230
v 1.085470 1.817591 4.936800
v 1.141560 1.817591 4.967120
v 1.069180 1.817591 5.094450
v 1.130280 1.817591 5.076230
v 1.169130 1.817591 5.217450
v 1.199460 1.817591 5.161360
v 1.326780 1.817591 5.233740
v 1.308570 1.817591 5.172640
v 1.449780 1.817591 5.133790
v 1.393700 1.817591 5.103470
v 1.449780 1.817591 5.133790
v 1.466080 1.817591 4.976140
v 1.404970 1.817591 4.994350
v 1.393700 1.817591 5.103470
v 1.335800 1.817591 4.909230
v 1.226690 1.817591 4.897950
v 1.277960 1.452241 4.935330
v 1.393700 1.817591 5.103470
v 1.367590 1.452241 5.045630
v 0.240370 1.202960 3.951280
v 0.833480 1.111050 3.895590
v 0.833480 1.484280 3.895590
v 0.240370 1.548331 3.951280
v 0.750520 1.484280 3.613030
v 0.228940 1.548331 3.590320
v 0.750520 1.080601 3.613030
v 0.228940 1.202960 3.590320
v 2.386930 1.173320 3.665890
v 2.260120 1.173320 3.268000
v 2.260120 1.577970 3.268000
v 2.386930 1.577970 3.665890
v 0.228940 1.202960 3.590320
v 0.240370 1.202960 3.951280
v 1.697330 1.549240 3.460620
v 2.260120 1.173320 3.268000
v 1.697330 1.111050 3.460620
v 1.772670 1.549241 3.776890
v 1.772670 1.111050 3.776890
v 2.386930 1.173320 3.665890
v 1.225230 1.526361 3.548450
v 1.225230 1.094320 3.548450
v 1.309170 1.111050 3.830640
v 1.309170 1.526361 3.830640
v 1.823800 -0.043930 3.675130
v 0.960510 1.287850 3.816700
v 0.430020 1.287850 3.907390
v 1.398490 -0.043930 3.747840
v 0.959700 1.287850 3.595150
v 1.822950 -0.043930 3.441550
v 1.397640 -0.043930 3.514260
v 0.429220 1.287850 3.685850
v 1.398490 -0.043930 3.747840
v 0.430020 1.287850 3.907390
v 0.583000 -0.043930 3.844730
v 1.011090 -0.043930 3.781340
v 1.985650 1.287850 3.632440
v 1.451700 1.287850 3.711510
v 1.443840 1.287850 3.544260
v 1.977790 1.287850 3.465180
v 1.002810 -0.043930 3.605000
v 0.574720 -0.043930 3.668390
v 0.583000 -0.043930 3.844730
v 1.451700 1.287850 3.711510
v 1.990450 -0.043929 5.321420
v 1.127370 1.287851 5.463720
v 0.597020 1.287851 5.554840
v 1.565240 -0.043929 5.394470
v 1.126980 1.287851 5.243590
v 1.990040 -0.043929 5.089320
v 1.564830 -0.043929 5.162380
v 0.596630 1.287851 5.334710
v 1.565240 -0.043929 5.394470
v 0.597020 1.287851 5.554840
v 0.750730 -0.043929 5.494650
v 1.178250 -0.043929 5.429350
v 2.151550 1.287851 5.276250
v 1.618310 1.287851 5.357700
v 1.611960 1.287851 5.195480
v 2.145200 1.287851 5.114030
v 1.171550 -0.043929 5.258310
v 0.744030 -0.043929 5.323620
v 0.750730 -0.043929 5.494650
v 1.618310 1.287851 5.357700
v 3.585590 0.612670 2.956840
v 3.164310 0.612670 2.808470
v 3.162290 0.854950 2.890910
v 3.535500 0.854950 3.022350
v 2.736270 0.612670 2.936060
v 2.783100 0.854950 3.003940
v 2.464980 0.612670 3.290870
v 2.542760 0.854950 3.318260
v 2.454050 0.612670 3.737380
v 2.533080 0.854950 3.713830
v 2.707660 0.612670 4.105040
v 2.757750 0.854950 4.039530
v 3.128940 0.612671 4.253410
v 3.130960 0.854950 4.170970
v 3.556980 0.612670 4.125830
v 3.510160 0.854950 4.057950
v 3.828270 0.612670 3.771010
v 3.750490 0.854950 3.743620
v 3.839200 0.612670 3.324500
v 3.760170 0.854950 3.348060
v 2.971520 -0.026590 2.871350
v 2.841430 -0.026590 3.111920
v 2.958930 0.661950 3.231780
v 3.031890 0.661950 3.096860
v 3.082000 -0.026590 3.242000
v 3.093850 0.661950 3.304740
v 3.082000 -0.026590 3.242000
v 3.212090 -0.026590 3.001430
v 3.166810 0.661950 3.169820
v 3.093850 0.661950 3.304740
v 2.436630 -0.026590 3.751850
v 2.680040 -0.026590 3.876540
v 2.805470 0.661951 3.754740
v 2.668950 0.661950 3.684810
v 2.804730 -0.026590 3.633130
v 2.875400 0.661950 3.618220
v 2.804730 -0.026590 3.633130
v 2.561320 -0.026590 3.508440
v 2.738880 0.661950 3.548290
v 2.875400 0.661950 3.618220
v 3.879920 -0.026590 3.345430
v 3.648670 -0.026590 3.199410
v 3.514620 0.661950 3.317290
v 3.644320 0.661950 3.399180
v 3.502660 -0.026590 3.430670
v 3.432730 0.661950 3.446990
v 3.502660 -0.026590 3.430670
v 3.733910 -0.026590 3.576680
v 3.562430 0.661950 3.528880
v 3.432730 0.661950 3.446990
v 3.355320 -0.026589 4.207250
v 3.485910 -0.026590 3.966950
v 3.366230 0.661951 3.847570
v 3.292980 0.661951 3.982340
v 3.245620 -0.026590 3.836360
v 3.231450 0.661951 3.774320
v 3.245620 -0.026590 3.836360
v 3.115030 -0.026590 4.076660
v 3.158210 0.661951 3.909100
v 3.231450 0.661951 3.774320
v 3.373130 -0.015269 5.112680
v 3.217770 -0.015269 5.014580
v 3.127710 0.447301 5.093770
v 3.214840 0.447301 5.148790
v 3.119670 -0.015269 5.169950
v 3.072690 0.447301 5.180910
v 3.119670 -0.015269 5.169950
v 3.275030 -0.015269 5.268040
v 3.159820 0.447301 5.235930
v 3.072690 0.447301 5.180910
v 3.175390 0.414201 4.851620
v 2.892360 0.414201 4.751940
v 2.891000 0.576971 4.807320
v 3.141730 0.576971 4.895630
v 2.604790 0.414201 4.837650
v 2.636250 0.576971 4.883260
v 2.422530 0.414201 5.076030
v 2.474790 0.576971 5.094430
v 2.415190 0.414201 5.376010
v 2.468280 0.576971 5.360180
v 2.585570 0.414201 5.623010
v 2.619220 0.576971 5.579000
v 2.868600 0.414201 5.722690
v 2.869960 0.576971 5.667300
v 3.156170 0.414201 5.636970
v 3.124710 0.576971 5.591370
v 3.338430 0.414201 5.398600
v 3.286170 0.576971 5.380200
v 3.345770 0.414201 5.098620
v 3.292680 0.576971 5.114450
v 2.403480 -0.015269 5.385730
v 2.567020 -0.015269 5.469500
v 2.651280 0.447301 5.387670
v 2.559560 0.447301 5.340680
v 2.650780 -0.015269 5.305960
v 2.698260 0.447301 5.295950
v 2.650780 -0.015269 5.305960
v 2.487250 -0.015269 5.222200
v 2.606550 0.447301 5.248970
v 2.698260 0.447301 5.295950
v 2.762840 -0.015269 4.794180
v 2.675440 -0.015269 4.955800
v 2.754380 0.447301 5.036330
v 2.803390 0.447301 4.945680
v 2.837060 -0.015269 5.043200
v 2.845020 0.447301 5.085350
v 2.837060 -0.015269 5.043200
v 2.924460 -0.015269 4.881580
v 2.894040 0.447301 4.994700
v 2.845020 0.447301 5.085350
v 3.020690 -0.015269 5.691680
v 3.108420 -0.015269 5.530240
v 3.028010 0.447301 5.450030
v 2.978810 0.447301 5.540570
v 2.946980 -0.015269 5.442500
v 2.937470 0.447301 5.400820
v 2.946980 -0.015269 5.442500
v 2.859250 -0.015269 5.603940
v 2.888260 0.447301 5.491370
v 2.937470 0.447301 5.400820
v 0.384210 1.127821 5.541500
v 0.980350 1.108611 5.595990
v 0.980350 1.501631 5.595990
v 0.384210 1.646641 5.541500
v 0.966710 1.501631 5.292260
v 0.394590 1.646641 5.116080
v 0.966710 1.076541 5.292260
v 0.394580 1.127821 5.116080
v 2.523420 1.111321 5.426660
v 2.530650 1.111321 5.033300
v 2.530650 1.663141 5.033300
v 2.523420 1.663141 5.426660
v 0.394580 1.127821 5.116080
v 0.384210 1.127821 5.541500
v 1.920040 1.570031 5.213300
v 2.530650 1.111321 5.033300
v 1.920040 1.108611 5.213300
v 1.948340 1.570031 5.549530
v 1.948340 1.108611 5.549530
v 2.523420 1.111321 5.426660
v 1.425710 1.545941 5.304120
v 1.425710 1.090981 5.304120
v 1.453440 1.108611 5.618270
v 1.453440 1.545941 5.618270
v -2.389970 4.652859 -5.774520
v -2.081400 4.652859 -5.926031
v -2.027930 5.370600 -5.870951
v -2.379090 5.370600 -5.698541
v -1.920810 4.652859 -6.229960
v -1.845180 5.370599 -6.216831
v -1.969540 4.652859 -6.570250
v -1.900640 5.370599 -6.604081
v -2.208980 4.652859 -6.816900
v -2.173120 5.370599 -6.884770
v -2.547670 4.652859 -6.875710
v -2.558550 5.370599 -6.951690
v -2.856240 4.652859 -6.724201
v -2.909710 5.370599 -6.779280
v -3.016830 4.652859 -6.420260
v -3.092460 5.370599 -6.433401
v -2.968100 4.652859 -6.079980
v -3.037000 5.370599 -6.046150
v -2.728660 4.652859 -5.833331
v -2.764520 5.370600 -5.765460
v -2.728660 4.652859 -5.833331
v -2.764520 5.370600 -5.765460
v -1.845180 5.370599 -6.216831
v -1.900640 5.370599 -6.604081
v -2.909710 5.370599 -6.779280
v -3.092460 5.370599 -6.433401
v -3.037000 5.370599 -6.046150
v -2.027930 5.370600 -5.870951
v -2.558550 5.370599 -6.951690
v -2.173120 5.370599 -6.884770
v -2.764520 5.370600 -5.765460
v -2.379090 5.370600 -5.698541
v -1.920810 4.652859 -6.229960
v -2.081400 4.652859 -5.926031
v -2.968100 4.652859 -6.079980
v -3.016830 4.652859 -6.420260
v -1.969540 4.652859 -6.570250
v -2.856240 4.652859 -6.724201
v -2.208980 4.652859 -6.816900
v -2.547670 4.652859 -6.875710
v -2.389970 4.652859 -5.774520
v -2.728660 4.652859 -5.833331
v -2.396130 5.358669 -5.817550
v -2.111680 5.358660 -5.957211
v -2.056400 5.817319 -5.900270
v -2.384880 5.817319 -5.738990
v -1.963640 5.358659 -6.237401
v -1.885450 5.817319 -6.223820
v -2.008560 5.358659 -6.551090
v -1.937330 5.817319 -6.586061
v -2.229290 5.358669 -6.778461
v -2.192220 5.817319 -6.848630
v -2.541510 5.358669 -6.832671
v -2.552760 5.817319 -6.911231
v -2.825960 5.358669 -6.693010
v -2.881240 5.817319 -6.749960
v -2.974000 5.358669 -6.412830
v -3.052190 5.817319 -6.426411
v -2.929080 5.358669 -6.099141
v -3.000310 5.817319 -6.064160
v -2.708350 5.358669 -5.871761
v -2.745430 5.817319 -5.801601
v -2.396130 5.358669 -5.817550
v -2.384880 5.817319 -5.738990
v -2.408480 4.467619 -5.943261
v -2.197710 4.491979 -6.048201
v -2.159160 4.678259 -6.006131
v -2.405800 4.678259 -5.885041
v -2.087280 4.491979 -6.257201
v -2.030810 4.678259 -6.249061
v -2.119360 4.467619 -6.490450
v -2.069760 4.678259 -6.521040
v -2.281700 4.428199 -6.658831
v -2.261130 4.678259 -6.718190
v -2.512290 4.388779 -6.698050
v -2.531840 4.678259 -6.765190
v -2.723050 4.364409 -6.593111
v -2.778480 4.678259 -6.644101
v -2.833480 4.364409 -6.384110
v -2.906830 4.678259 -6.401170
v -2.801400 4.388779 -6.150861
v -2.867880 4.678259 -6.129180
v -2.639060 4.428200 -5.982481
v -2.676510 4.678259 -5.932041
v -2.286340 4.005020 -5.973611
v -2.146640 4.069609 -6.057451
v -2.066150 4.069609 -6.209801
v -2.075610 4.005019 -6.372450
v -2.171410 3.900499 -6.483281
v -2.316960 3.795979 -6.499970
v -2.456660 3.731389 -6.416121
v -2.537150 3.731389 -6.263781
v -2.527690 3.795979 -6.101131
v -2.431890 3.900499 -5.990291
v -2.058900 3.497249 -5.948310
v -1.975500 3.545259 -6.003271
v -1.924950 3.545259 -6.098950
v -1.926540 3.497249 -6.198810
v -1.979680 3.419569 -6.264710
v -2.064060 3.341879 -6.271471
v -2.147460 3.293869 -6.216510
v -2.198010 3.293869 -6.120840
v -2.196410 3.341879 -6.020970
v -2.143280 3.419569 -5.955081
v -1.752310 3.077070 -5.917721
v -1.727030 3.077070 -5.965560
v -1.881480 3.666989 -6.175351
v -2.012650 3.666989 -5.927081
v -1.735910 3.030929 -6.000851
v -1.980800 3.487179 -6.386631
v -1.770070 2.984779 -5.988300
v -2.211310 3.307379 -6.349621
v -1.795340 2.984779 -5.940461
v -2.342490 3.307379 -6.101351
v -1.786470 3.030929 -5.905170
v -2.243160 3.487179 -5.890080
v -1.752310 3.077070 -5.917721
v -2.012650 3.666989 -5.927081
v -1.795340 2.984779 -5.940461
v -1.770070 2.984779 -5.988300
v -1.735910 3.030929 -6.000851
v -1.786470 3.030929 -5.905170
v -1.727030 3.077070 -5.965560
v -1.752310 3.077070 -5.917721
v -1.980800 3.487179 -6.386631
v -2.211310 3.307379 -6.349621
v -2.342490 3.307379 -6.101351
v -2.243160 3.487179 -5.890080
v -2.012650 3.666989 -5.927081
v -1.881480 3.666989 -6.175351
v -2.014840 4.652860 5.813660
v -1.940680 4.652860 5.478000
v -1.864270 5.370601 5.470590
v -1.948670 5.370601 5.852570
v -2.077970 4.652860 5.162849
v -2.020510 5.370601 5.111949
v -2.374280 4.652860 4.988589
v -2.357720 5.370601 4.913640
v -2.716430 4.652860 5.021770
v -2.747090 5.370601 4.951399
v -2.973730 4.652860 5.249729
v -3.039890 5.370601 5.210819
v -3.047890 4.652860 5.585389
v -3.124300 5.370601 5.592809
v -2.910600 4.652860 5.900539
v -2.968060 5.370601 5.951439
v -2.614290 4.652861 6.074800
v -2.630850 5.370601 6.149759
v -2.272140 4.652861 6.041619
v -2.241480 5.370601 6.111989
v -2.272140 4.652861 6.041619
v -2.241480 5.370601 6.111989
v -2.020510 5.370601 5.111949
v -2.357720 5.370601 4.913640
v -3.124300 5.370601 5.592809
v -2.968060 5.370601 5.951439
v -2.630850 5.370601 6.149759
v -1.864270 5.370601 5.470590
v -3.039890 5.370601 5.210819
v -2.747090 5.370601 4.951399
v -2.241480 5.370601 6.111989
v -1.948670 5.370601 5.852570
v -2.077970 4.652860 5.162849
v -1.940680 4.652860 5.478000
v -2.614290 4.652861 6.074800
v -2.910600 4.652860 5.900539
v -2.374280 4.652860 4.988589
v -3.047890 4.652860 5.585389
v -2.716430 4.652860 5.021770
v -2.973730 4.652860 5.249729
v -2.014840 4.652860 5.813660
v -2.272140 4.652861 6.041619
v -2.052310 5.358661 5.791620
v -1.983940 5.358661 5.482190
v -1.904950 5.817320 5.474529
v -1.983900 5.817320 5.831850
v -2.110500 5.358661 5.191679
v -2.051100 5.817320 5.139050
v -2.383660 5.358670 5.031030
v -2.366530 5.817320 4.953539
v -2.699070 5.358670 5.061630
v -2.730760 5.817320 4.988870
v -2.936260 5.358670 5.271769
v -3.004660 5.817320 5.231540
v -3.004630 5.358670 5.581200
v -3.083620 5.817320 5.588860
v -2.878070 5.358670 5.871719
v -2.937470 5.817320 5.924339
v -2.604910 5.358671 6.032360
v -2.622030 5.817321 6.109849
v -2.289500 5.358671 6.001770
v -2.257800 5.817321 6.074519
v -2.052310 5.358661 5.791620
v -1.983900 5.817320 5.831850
v -2.158240 4.467620 5.722820
v -2.108720 4.491981 5.492650
v -2.051790 4.678260 5.488780
v -2.111070 4.678260 5.757060
v -2.203130 4.491981 5.275939
v -2.161530 4.678260 5.236880
v -2.405410 4.467620 5.155460
v -2.398370 4.678260 5.097600
v -2.638290 4.428201 5.177230
v -2.671840 4.678260 5.124120
v -2.812830 4.388781 5.332949
v -2.877490 4.678260 5.306329
v -2.862340 4.364410 5.563120
v -2.936770 4.678260 5.574619
v -2.767930 4.364410 5.779830
v -2.827040 4.678260 5.826510
v -2.565660 4.388781 5.900310
v -2.590200 4.678260 5.965790
v -2.332780 4.428201 5.878530
v -2.316730 4.678260 5.939270
v -2.105750 4.005021 5.608449
v -2.084090 4.069611 5.446959
v -2.152900 4.069611 5.289010
v -2.285910 4.005021 5.194900
v -2.432290 3.900501 5.200600
v -2.536150 3.795981 5.303919
v -2.557810 3.731391 5.465400
v -2.488990 3.731391 5.623360
v -2.355990 3.795981 5.717470
v -2.209600 3.900501 5.711770
v -1.944050 3.497251 5.446500
v -1.934950 3.545261 5.347049
v -1.978170 3.545261 5.247840
v -2.057200 3.497251 5.186769
v -2.141850 3.419571 5.187170
v -2.199790 3.341881 5.248889
v -2.208890 3.293871 5.348349
v -2.165670 3.293871 5.447549
v -2.086640 3.341881 5.508620
v -2.001990 3.419571 5.508220
v -1.728830 3.077071 5.226020
v -1.750440 3.077071 5.176420
v -2.010750 3.666991 5.166190
v -1.898600 3.666991 5.423619
v -1.783550 3.030931 5.161330
v -2.237820 3.487180 5.111969
v -1.795060 2.984781 5.195860
v -2.352750 3.307381 5.315179
v -1.773450 2.984781 5.245460
v -2.240600 3.307381 5.572609
v -1.740330 3.030931 5.260549
v -2.013520 3.487180 5.626830
v -1.728830 3.077071 5.226020
v -1.898600 3.666991 5.423619
v -1.773450 2.984781 5.245460
v -1.795060 2.984781 5.195860
v -1.783550 3.030931 5.161330
v -1.740330 3.030931 5.260549
v -1.750440 3.077071 5.176420
v -1.728830 3.077071 5.226020
v -2.237820 3.487180 5.111969
v -2.352750 3.307381 5.315179
v -2.240600 3.307381 5.572609
v -2.013520 3.487180 5.626830
v -1.898600 3.666991 5.423619
v -2.010750 3.666991 5.166190
v -4.474260 -0.230259 5.274940
v -4.970540 -0.230259 5.604650
v -4.903190 1.408471 5.645540
v -4.438100 1.408471 5.336560
v -2.832430 -0.230259 7.131330
v -2.653810 -0.230259 6.251570
v -2.732080 1.408471 6.251790
v -2.899470 1.408471 7.127650
v -2.827370 -0.230259 5.604650
v -2.894720 1.408471 5.645540
v -3.323660 -0.230259 5.274940
v -3.359820 1.408471 5.336560
v -3.898960 -0.230259 5.213620
v -3.898960 1.408471 5.279090
v -3.487640 1.408471 5.730500
v -3.898960 1.408471 5.687910
v -3.898960 3.384471 5.776269
v -3.545340 3.384471 5.812890
v -3.186540 1.408471 5.924860
v -3.286480 3.384471 5.979970
v -3.076320 1.408471 6.323990
v -3.191730 3.384471 6.323109
v -3.186540 1.408471 7.004840
v -3.286480 3.384471 6.999830
v -4.310270 1.408471 5.730500
v -4.611380 1.408471 5.924860
v -4.511430 3.384471 5.979970
v -4.252570 3.384471 5.812890
v -4.611380 1.408471 5.924860
v -4.310270 1.408471 5.730500
v -3.076320 1.408471 6.323990
v -3.186540 1.408471 7.004840
v -3.186540 1.408471 5.924860
v -3.487640 1.408471 5.730500
v -3.898960 1.408471 5.687910
v -3.898960 9.211011 5.470059
v -3.345460 9.211011 5.527379
v -2.940270 9.211011 5.788919
v -2.791960 9.211011 6.326019
v -2.940270 9.211011 7.017179
v -4.606180 3.384471 6.323109
v -4.511430 3.384471 6.999830
v -4.857640 9.211011 7.017179
v -5.005950 9.211011 6.326019
v -4.857640 9.211011 5.788919
v -4.452450 9.211011 5.527379
v -2.940270 9.211011 7.017179
v -2.791960 9.211011 6.326019
v -5.005950 9.211011 6.326019
v -4.857640 9.211011 7.017179
v -4.857640 9.211011 5.788919
v -2.940270 9.211011 5.788919
v -4.474260 -0.230261 -5.274940
v -4.438100 1.408469 -5.336560
v -4.903190 1.408469 -5.645540
v -4.970540 -0.230261 -5.604650
v -2.832430 -0.230261 -7.131330
v -2.899470 1.408469 -7.127650
v -2.732080 1.408469 -6.251790
v -2.653810 -0.230261 -6.251570
v -2.894720 1.408469 -5.645540
v -2.827370 -0.230261 -5.604650
v -3.359820 1.408469 -5.336560
v -3.323660 -0.230261 -5.274940
v -3.898960 1.408469 -5.279090
v -3.898960 -0.230261 -5.213620
v -3.487640 1.408469 -5.730500
v -3.545340 3.384469 -5.812891
v -3.898960 3.384469 -5.776270
v -3.898960 1.408469 -5.687910
v -3.186540 1.408469 -5.924860
v -3.286480 3.384469 -5.979970
v -3.076320 1.408469 -6.323990
v -3.191730 3.384469 -6.323110
v -3.186540 1.408469 -7.004840
v -3.286480 3.384469 -6.999831
v -4.721590 1.408469 -6.323990
v -4.606180 3.384469 -6.323110
v -4.511430 3.384469 -6.999831
v -4.611380 1.407439 -7.004840
v -4.611380 1.408469 -5.924860
v -4.511430 3.384469 -5.979970
v -4.310270 1.408469 -5.730500
v -4.252570 3.384469 -5.812891
v -4.611380 1.408469 -5.924860
v -4.310270 1.408469 -5.730500
v -4.721590 1.408469 -6.323990
v -5.065840 1.407439 -6.251790
v -4.611380 1.407439 -7.004840
v -4.898450 1.407439 -7.127650
v -3.076320 1.408469 -6.323990
v -3.186540 1.408469 -7.004840
v -3.186540 1.408469 -5.924860
v -3.487640 1.408469 -5.730500
v -3.898960 1.408469 -5.687910
v -3.345460 9.211009 -5.527381
v -3.898960 9.211009 -5.470061
v -2.940270 9.211009 -5.788921
v -2.791960 9.211009 -6.326021
v -2.940270 9.211009 -7.017180
v -5.005950 9.211009 -6.326021
v -4.857640 9.211009 -7.017180
v -4.857640 9.211009 -5.788921
v -4.452450 9.211009 -5.527381
v -4.857640 9.211009 -7.017180
v -4.511430 3.384469 -6.999831
v -4.511430 3.384469 -6.999831
v -4.611380 1.407439 -7.004840
v -4.898450 1.407439 -7.127650
v -2.899470 1.408469 -7.127650
v -2.832430 -0.230261 -7.131330
v -4.965480 -0.252161 -7.131330
v -4.611380 1.407439 -7.004840
v -3.186540 1.408469 -7.004840
v -2.940270 9.211009 -7.017180
v -4.857640 9.211009 -7.017180
v -5.005950 9.211009 -6.326021
v -2.791960 9.211009 -6.326021
v -4.857640 9.211009 -5.788921
v -2.940270 9.211009 -5.788921
v 5.073250 -0.230259 5.274940
v 4.576970 -0.230259 5.604650
v 4.644320 1.408471 5.645540
v 5.109410 1.408471 5.336560
v 4.403410 -0.230259 6.251570
v 4.481670 1.407441 6.251790
v 4.582030 -0.230259 7.131330
v 4.649060 1.407441 7.127650
v 6.715080 -0.230259 7.131330
v 6.893700 -0.230259 6.251570
v 6.815430 1.408471 6.251790
v 6.648040 1.408471 7.127650
v 6.720140 -0.230259 5.604650
v 6.652790 1.408471 5.645540
v 6.223860 -0.230259 5.274940
v 6.187690 1.408471 5.336560
v 5.648550 -0.230259 5.213620
v 5.648550 1.408471 5.279090
v 6.059870 1.408471 5.730500
v 5.648550 1.408471 5.687910
v 5.648550 3.384471 5.776269
v 6.002170 3.384471 5.812890
v 6.360970 1.408471 5.924860
v 6.261030 3.384471 5.979970
v 6.471190 1.408471 6.323990
v 6.355780 3.384471 6.323109
v 6.360970 1.408471 7.004840
v 6.261030 3.384471 6.999830
v 4.825920 1.408471 6.323990
v 4.936130 1.407441 7.004840
v 5.036080 3.384471 6.999830
v 4.941330 3.384471 6.323109
v 4.936130 1.408471 5.924860
v 5.036080 3.384471 5.979970
v 5.237240 1.408471 5.730500
v 5.294940 3.384471 5.812890
v 4.936130 1.408471 5.924860
v 5.237240 1.408471 5.730500
v 4.825920 1.408471 6.323990
v 4.936130 1.407441 7.004840
v 6.471190 1.408471 6.323990
v 6.360970 1.408471 7.004840
v 6.360970 1.408471 5.924860
v 6.059870 1.408471 5.730500
v 5.648550 1.408471 5.687910
v 5.648550 9.211011 5.470059
v 6.202050 9.211011 5.527379
v 6.607240 9.211011 5.788919
v 6.755550 9.211011 6.326019
v 6.607240 9.211011 7.017179
v 4.689870 9.211011 7.017179
v 4.541560 9.211011 6.326019
v 4.689870 9.211011 5.788919
v 5.095060 9.211011 5.527379
v 6.607240 9.211011 7.017179
v 6.755550 9.211011 6.326019
v 4.541560 9.211011 6.326019
v 4.689870 9.211011 7.017179
v 4.689870 9.211011 5.788919
v 6.607240 9.211011 5.788919
v -2.878650 4.524631 7.123069
v -2.811510 4.524631 5.294730
v -2.811510 5.432830 5.294730
v -2.878650 5.432831 7.123069
v -2.974070 5.663841 7.117239
v -3.878290 5.663841 7.117239
v -3.878290 4.293621 7.117239
v -2.974070 4.293621 7.117239
v -2.929560 4.524631 5.047220
v -3.875020 4.524631 5.038620
v -3.875020 5.432830 5.038620
v -2.929560 5.432830 5.047220
v -4.841150 5.663841 7.117239
v -4.841150 4.293621 7.117239
v -4.849230 4.524631 5.049070
v -4.849230 5.432830 5.049070
v -2.913200 5.663841 5.365280
v -2.974070 5.663841 7.117239
v -3.020210 5.663841 5.140910
v -3.877250 5.663841 5.133119
v -4.760360 5.663841 5.142589
v -2.974070 4.293621 7.117239
v -2.913200 4.293621 5.365280
v -3.877250 4.293621 5.133119
v -4.760360 4.293621 5.142589
v -3.020210 4.293621 5.140910
v 6.652530 4.524631 7.123069
v 6.719670 4.524631 5.615129
v 6.719670 5.432830 5.615129
v 6.652530 5.432831 7.123069
v 6.557120 5.663841 7.117239
v 5.652890 5.663841 7.117239
v 4.592830 5.432831 7.123069
v 4.544860 5.432830 5.663060
v 4.544860 4.524631 5.663060
v 4.592830 4.524631 7.123069
v 5.652890 4.293621 7.117239
v 6.557120 4.293621 7.117239
v 6.601630 4.524631 5.367620
v 5.656160 4.524631 5.359020
v 5.656160 5.432830 5.359020
v 6.601630 5.432830 5.367620
v 4.690030 5.663841 7.117239
v 4.690030 4.293621 7.117239
v 4.681950 4.524631 5.369470
v 4.681950 5.432830 5.369470
v 6.617980 5.663841 5.685669
v 6.557120 5.663841 7.117239
v 4.690030 5.663841 7.117239
v 4.646540 5.663841 5.729119
v 6.510970 5.663841 5.461310
v 5.653930 5.663841 5.453519
v 4.770820 5.663841 5.462989
v 6.557120 4.293621 7.117239
v 6.617980 4.293621 5.685669
v 4.646540 4.293621 5.729119
v 4.690030 4.293621 7.117239
v 4.770820 4.293621 5.462989
v 5.653930 4.293621 5.453519
v 6.510970 4.293621 5.461310
v 5.652890 5.663841 7.117239
v 4.690030 5.663841 7.117239
v 4.690030 4.293621 7.117239
v 5.652890 4.293621 7.117239
v 6.557120 5.663841 7.117239
v 6.557120 4.293621 7.117239
v 4.592830 5.432831 7.123069
v 4.592830 4.524631 7.123069
v 6.652530 4.524631 7.123069
v 6.652530 5.432831 7.123069
v -2.875720 4.524629 -7.123070
v -2.875720 5.432829 -7.123070
v -2.808580 5.432829 -5.294731
v -2.808580 4.524630 -5.294731
v -2.971130 5.663839 -7.117240
v -3.875360 5.663839 -7.117240
v -3.875360 4.293619 -7.117240
v -2.971130 4.293619 -7.117240
v -2.926620 4.524630 -5.047221
v -2.926620 5.432829 -5.047221
v -3.872080 5.432829 -5.038620
v -3.872080 4.524630 -5.038620
v -4.838220 5.663839 -7.117240
v -4.838220 4.293619 -7.117240
v -4.846300 5.432829 -5.049071
v -4.846300 4.524630 -5.049071
v -2.971130 5.663839 -7.117240
v -2.910270 5.663840 -5.365281
v -3.017270 5.663840 -5.140911
v -3.874320 5.663840 -5.133120
v -4.757430 5.663840 -5.142590
v -2.910270 4.293620 -5.365281
v -2.971130 4.293619 -7.117240
v -4.757430 4.293620 -5.142590
v -3.874320 4.293620 -5.133120
v -3.017270 4.293620 -5.140911
v -3.875360 5.663839 -7.117240
v -3.875360 4.293619 -7.117240
v -4.838220 4.293619 -7.117240
v -4.838220 5.663839 -7.117240
v -2.971130 5.663839 -7.117240
v -2.971130 4.293619 -7.117240
v -4.935420 5.432829 -7.123070
v -4.935420 4.524629 -7.123070
v -2.875720 5.432829 -7.123070
v -2.875720 4.524629 -7.123070
v -3.569350 3.902411 4.385960
v -3.926900 3.962510 4.385960
v -3.958430 4.148170 4.385960
v -3.576320 4.156761 4.385960
v -4.349130 3.152271 4.385960
v -4.532640 3.152271 4.385960
v -3.569350 3.902411 4.640810
v -3.576320 4.156761 4.640810
v -3.958430 4.148170 4.640810
v -3.926900 3.962510 4.640810
v -4.532640 3.152271 4.640810
v -4.349130 3.152271 4.640810
v -3.569350 3.902411 4.640810
v -3.926900 3.962510 4.640810
v -3.926900 3.962510 4.385960
v -3.569350 3.902411 4.385960
v -3.576320 4.156761 4.640810
v -3.576320 4.156761 4.385960
v -4.277700 3.945320 4.640810
v -4.277700 3.945320 4.385960
v -4.349130 3.152271 4.640810
v -4.349130 3.152271 4.385960
v -4.532640 3.152271 4.640810
v -4.532640 3.152271 4.385960
v -3.924000 3.974130 4.407060
v -3.708540 3.936861 4.407060
v -3.730610 3.626760 4.419049
v -3.932280 3.655431 4.419049
v -3.965820 3.358541 4.439499
v -4.085610 3.470891 4.434080
v -4.383950 3.223360 4.458990
v -4.381790 3.361460 4.433409
v -3.924000 3.974130 4.619709
v -3.932280 3.655431 4.607729
v -3.730610 3.626760 4.607729
v -3.708540 3.936861 4.619709
v -4.085610 3.470891 4.594959
v -3.965820 3.358541 4.589530
v -4.381790 3.361460 4.586760
v -4.383950 3.223360 4.567780
v -3.708540 3.936861 4.619709
v -3.730610 3.626760 4.607729
v -3.730610 3.626760 4.419049
v -3.708540 3.936861 4.407060
v -3.932280 3.655431 4.607729
v -3.924000 3.974130 4.619709
v -3.924000 3.974130 4.407060
v -3.932280 3.655431 4.419049
v -3.965820 3.358541 4.589530
v -3.965820 3.358541 4.439499
v -4.085610 3.470891 4.594959
v -4.085610 3.470891 4.434080
v -4.383950 3.223360 4.567780
v -4.383950 3.223360 4.458990
v -4.381790 3.361460 4.586760
v -4.381790 3.361460 4.433409
v -3.285520 4.077890 5.023760
v -3.285520 4.181211 3.652260
v -3.285520 4.402541 3.652260
v -3.285520 4.468821 5.023760
v -4.532640 4.402541 3.652260
v -4.532640 4.468821 5.023760
v -4.532640 4.181211 3.652260
v -4.532640 4.077890 5.023760
v -4.532640 4.077890 5.023760
v -4.532640 4.181211 3.652260
v -3.285520 4.181211 3.652260
v -3.285520 4.077890 5.023760
v -3.285520 4.078131 2.254580
v -4.532640 4.078131 2.254580
v -4.532640 4.468571 2.254580
v -3.285520 4.468571 2.254580
v -4.532640 4.077890 5.023760
v -3.285520 4.077890 5.023760
v -4.532640 4.078131 2.254580
v -4.532640 4.078131 2.254580
v -3.285520 4.078131 2.254580
v -3.285520 4.078131 2.254580
v -3.569350 3.902410 2.573550
v -3.926900 3.962510 2.573550
v -3.958430 4.148170 2.573550
v -3.576320 4.156761 2.573550
v -4.349130 3.152270 2.573550
v -4.532640 3.152270 2.573550
v -3.569350 3.902410 2.828390
v -3.576320 4.156761 2.828390
v -3.958430 4.148170 2.828390
v -3.926900 3.962510 2.828390
v -4.532640 3.152270 2.828390
v -4.349130 3.152270 2.828390
v -3.569350 3.902410 2.828390
v -3.926900 3.962510 2.828390
v -3.926900 3.962510 2.573550
v -3.569350 3.902410 2.573550
v -3.576320 4.156761 2.828390
v -3.576320 4.156761 2.573550
v -4.277700 3.945320 2.828390
v -4.277700 3.945320 2.573550
v -4.349130 3.152270 2.828390
v -4.349130 3.152270 2.573550
v -4.532640 3.152270 2.828390
v -4.532640 3.152270 2.573550
v -3.924000 3.974130 2.594640
v -3.708540 3.936860 2.594640
v -3.730610 3.626760 2.606630
v -3.932280 3.655430 2.606630
v -3.965820 3.358540 2.627090
v -4.085610 3.470890 2.621660
v -4.383950 3.223360 2.646580
v -4.381790 3.361460 2.620990
v -3.924000 3.974130 2.807300
v -3.932280 3.655430 2.795310
v -3.730610 3.626760 2.795310
v -3.708540 3.936860 2.807300
v -4.085610 3.470890 2.782540
v -3.965820 3.358540 2.777119
v -4.381790 3.361460 2.774350
v -4.383950 3.223360 2.755360
v -3.708540 3.936860 2.807300
v -3.730610 3.626760 2.795310
v -3.730610 3.626760 2.606630
v -3.708540 3.936860 2.594640
v -3.932280 3.655430 2.795310
v -3.924000 3.974130 2.807300
v -3.924000 3.974130 2.594640
v -3.932280 3.655430 2.606630
v -3.965820 3.358540 2.777119
v -3.965820 3.358540 2.627090
v -4.085610 3.470890 2.782540
v -4.085610 3.470890 2.621660
v -4.383950 3.223360 2.755360
v -4.383950 3.223360 2.646580
v -4.381790 3.361460 2.774350
v -4.381790 3.361460 2.620990
v -3.569350 3.928890 -2.775420
v -3.926900 3.978470 -2.775420
v -3.958430 4.131649 -2.775420
v -3.576320 4.138740 -2.775420
v -4.349130 3.310010 -2.775420
v -4.532640 3.310010 -2.775420
v -3.569350 3.928890 -2.501851
v -3.576320 4.138740 -2.501851
v -3.958430 4.131649 -2.501851
v -3.926900 3.978470 -2.501851
v -4.532640 3.310010 -2.501851
v -4.349130 3.310010 -2.501851
v -3.569350 3.928890 -2.501851
v -3.926900 3.978470 -2.501851
v -3.926900 3.978470 -2.775420
v -3.569350 3.928890 -2.775420
v -3.576320 4.138740 -2.501851
v -3.576320 4.138740 -2.775420
v -4.277700 3.964290 -2.501851
v -4.277700 3.964290 -2.775420
v -4.349130 3.310010 -2.501851
v -4.349130 3.310010 -2.775420
v -4.532640 3.310010 -2.501851
v -4.532640 3.310010 -2.775420
v -3.924000 3.988060 -2.752780
v -3.708540 3.957310 -2.752780
v -3.730610 3.701470 -2.739910
v -3.932280 3.725120 -2.739910
v -3.965820 3.480190 -2.717951
v -4.085610 3.572880 -2.723771
v -4.383950 3.368660 -2.697020
v -4.381790 3.482599 -2.724490
v -3.924000 3.988060 -2.524491
v -3.932280 3.725120 -2.537360
v -3.730610 3.701470 -2.537360
v -3.708540 3.957310 -2.524491
v -4.085610 3.572880 -2.551070
v -3.965820 3.480190 -2.556890
v -4.381790 3.482599 -2.559860
v -4.383950 3.368660 -2.580250
v -3.708540 3.957310 -2.524491
v -3.730610 3.701470 -2.537360
v -3.730610 3.701470 -2.739910
v -3.708540 3.957310 -2.752780
v -3.932280 3.725120 -2.537360
v -3.924000 3.988060 -2.524491
v -3.924000 3.988060 -2.752780
v -3.932280 3.725120 -2.739910
v -3.965820 3.480190 -2.556890
v -3.965820 3.480190 -2.717951
v -4.085610 3.572880 -2.551070
v -4.085610 3.572880 -2.723771
v -4.383950 3.368660 -2.580250
v -4.383950 3.368660 -2.697020
v -4.381790 3.482599 -2.559860
v -4.381790 3.482599 -2.724490
v -3.285520 4.073659 -2.315560
v -3.285520 4.158909 -3.614791
v -3.285520 4.341509 -3.614791
v -3.285520 4.396199 -2.315560
v -4.532640 4.341509 -3.614791
v -4.532640 4.396199 -2.315560
v -4.532640 4.158909 -3.614791
v -4.532640 4.073659 -2.315560
v -4.532640 4.073659 -2.315560
v -4.532640 4.158909 -3.614791
v -3.285520 4.158909 -3.614791
v -3.285520 4.073659 -2.315560
v -3.285520 4.073869 -4.938820
v -4.532640 4.073869 -4.938820
v -4.532640 4.395989 -4.938820
v -3.285520 4.395989 -4.938820
v -4.532640 4.073659 -2.315560
v -3.285520 4.073659 -2.315560
v -4.532640 4.073869 -4.938820
v -4.532640 4.073869 -4.938820
v -3.285520 4.073869 -4.938820
v -3.285520 4.073869 -4.938820
v -3.569350 3.928890 -4.624310
v -3.926900 3.978469 -4.624310
v -3.958430 4.131649 -4.624310
v -3.576320 4.138740 -4.624310
v -4.349130 3.310010 -4.624310
v -4.532640 3.310010 -4.624310
v -3.569350 3.928890 -4.350821
v -3.576320 4.138740 -4.350821
v -3.958430 4.131649 -4.350821
v -3.926900 3.978469 -4.350821
v -4.532640 3.310010 -4.350821
v -4.349130 3.310010 -4.350821
v -3.569350 3.928890 -4.350821
v -3.926900 3.978469 -4.350821
v -3.926900 3.978469 -4.624310
v -3.569350 3.928890 -4.624310
v -3.576320 4.138740 -4.350821
v -3.576320 4.138740 -4.624310
v -4.277700 3.964290 -4.350821
v -4.277700 3.964290 -4.624310
v -4.349130 3.310010 -4.350821
v -4.349130 3.310010 -4.624310
v -4.532640 3.310010 -4.350821
v -4.532640 3.310010 -4.624310
v -3.924000 3.988060 -4.601670
v -3.708540 3.957309 -4.601670
v -3.730610 3.701469 -4.588810
v -3.932280 3.725120 -4.588810
v -3.965820 3.480190 -4.566851
v -4.085610 3.572880 -4.572670
v -4.383950 3.368659 -4.545930
v -4.381790 3.482599 -4.573390
v -3.924000 3.988060 -4.373461
v -3.932280 3.725120 -4.386321
v -3.730610 3.701469 -4.386321
v -3.708540 3.957309 -4.373461
v -4.085610 3.572880 -4.400021
v -3.965820 3.480190 -4.405840
v -4.381790 3.482599 -4.408811
v -4.383950 3.368659 -4.429190
v -3.708540 3.957309 -4.373461
v -3.730610 3.701469 -4.386321
v -3.730610 3.701469 -4.588810
v -3.708540 3.957309 -4.601670
v -3.932280 3.725120 -4.386321
v -3.924000 3.988060 -4.373461
v -3.924000 3.988060 -4.601670
v -3.932280 3.725120 -4.588810
v -3.965820 3.480190 -4.405840
v -3.965820 3.480190 -4.566851
v -4.085610 3.572880 -4.400021
v -4.085610 3.572880 -4.572670
v -4.383950 3.368659 -4.429190
v -4.383950 3.368659 -4.545930
v -4.381790 3.482599 -4.408811
v -4.381790 3.482599 -4.573390
v -2.952520 1.544810 -1.810620
v -3.042890 1.544810 -1.716020
v -2.980810 2.088300 -1.688690
v -2.918290 2.088300 -1.754140
v -3.056930 1.544810 -1.581600
v -2.990520 2.088300 -1.595680
v -2.989270 1.544810 -1.458680
v -2.943720 2.088300 -1.510640
v -2.865770 1.544810 -1.394230
v -2.858270 2.088300 -1.466050
v -2.733580 1.544810 -1.412860
v -2.766820 2.088300 -1.478940
v -2.733580 1.544810 -1.412860
v -2.643210 1.544810 -1.507460
v -2.704290 2.088300 -1.544390
v -2.766820 2.088300 -1.478940
v -2.629180 1.544810 -1.641880
v -2.694580 2.088300 -1.637390
v -2.696830 1.544810 -1.764800
v -2.741390 2.088300 -1.722430
v -2.820340 1.544810 -1.829250
v -2.826840 2.088300 -1.767030
v -2.694710 2.305300 -1.755110
v -2.635360 2.255350 -1.642460
v -2.655150 2.211500 -1.519910
v -2.746520 2.190520 -1.434270
v -2.746520 2.190520 -1.434270
v -2.874570 2.200400 -1.418250
v -2.990390 2.237380 -1.477970
v -3.049740 2.287330 -1.590620
v -3.029960 2.331180 -1.713170
v -2.938590 2.352160 -1.798810
v -2.810540 2.342280 -1.814830
v -2.990390 2.237380 -1.477970
v -2.874570 2.200400 -1.418250
v -2.694710 2.305300 -1.755110
v -2.810540 2.342280 -1.814830
v -2.710290 1.582620 1.727350
v -2.579220 1.582620 1.718590
v -2.606650 2.128360 1.656250
v -2.697330 2.128360 1.662310
v -2.477660 1.582620 1.628560
v -2.536380 2.128360 1.593960
v -2.444400 1.582620 1.491660
v -2.513380 2.128360 1.499240
v -2.492150 1.582620 1.360170
v -2.546410 2.128360 1.408270
v -2.602670 1.582620 1.284330
v -2.622880 2.128360 1.355800
v -2.602670 1.582620 1.284330
v -2.733740 1.582620 1.293090
v -2.713560 2.128360 1.361860
v -2.622880 2.128360 1.355800
v -2.835300 1.582620 1.383120
v -2.783830 2.128360 1.424150
v -2.868560 1.582620 1.520020
v -2.806840 2.128360 1.518870
v -2.820810 1.582620 1.651510
v -2.773800 2.128360 1.609840
v -2.863560 2.346260 1.511410
v -2.831120 2.296100 1.387740
v -2.733350 2.252080 1.310400
v -2.607610 2.231000 1.308950
v -2.607610 2.231000 1.308950
v -2.501920 2.240930 1.383930
v -2.456650 2.278060 1.506700
v -2.489100 2.328220 1.630370
v -2.586860 2.372250 1.707710
v -2.712600 2.393320 1.709160
v -2.818290 2.383390 1.634180
v -2.456650 2.278060 1.506700
v -2.501920 2.240930 1.383930
v -2.863560 2.346260 1.511410
v -2.818290 2.383390 1.634180
v -2.090100 -0.000760 -1.737850
v -2.090100 -0.000760 -2.142390
v -2.090100 1.810100 -2.349960
v -2.090100 1.769270 -1.873990
v -2.090100 1.769270 -1.873990
v -4.483280 1.810100 -2.349960
v -4.483280 1.769280 -1.873990
v -4.483280 -0.000760 -2.142390
v -4.483280 -0.000760 -1.737850
v -2.090100 -0.000760 -1.737850
v -2.090100 1.769270 -1.873990
v -4.483280 1.769280 -1.873990
v -2.090100 -0.000760 1.811870
v -2.090100 1.769270 1.948020
v -2.090100 1.810100 2.423990
v -2.090100 -0.000760 2.216410
v -2.090100 1.769270 1.948020
v -4.483280 1.769280 1.948020
v -4.483280 1.810100 2.423990
v -4.483280 -0.000760 2.216410
v -4.483280 -0.000760 1.811870
v -4.483280 1.769280 1.948020
v -2.090100 1.769270 1.948020
v -2.090100 -0.000760 1.811870
v -2.367990 1.597380 1.951770
v -2.367990 1.603560 -1.872080
v -4.491340 1.603560 -1.872080
v -4.491340 1.597380 1.951770
v -2.367990 0.000580 1.829290
v -2.367990 0.000580 -1.759480
v 0.162430 0.165780 -0.279800
v 0.091010 0.225690 0.309010
v -0.202660 0.842400 0.304280
v -0.109080 0.763910 -0.467220
v 0.381110 0.278400 0.827130
v 0.177450 0.911470 0.983170
v 0.921920 0.303780 1.076670
v 0.886060 0.944730 1.310130
v 1.506870 0.292150 0.962290
v 1.652520 0.929490 1.160260
v 1.912540 0.247930 0.527700
v 2.184050 0.871550 0.590830
v 1.983960 0.188030 -0.061110
v 2.277630 0.793060 -0.180680
v 1.693860 0.135320 -0.579230
v 1.897520 0.723990 -0.859570
v 1.153050 0.109930 -0.828760
v 1.188910 0.690730 -1.186520
v 0.568100 0.121570 -0.714390
v 0.422450 0.705980 -1.036660
v 0.162430 0.165780 -0.279800
v -0.109080 0.763910 -0.467220
v -0.070010 2.002740 -0.575040
v -0.160410 2.078560 0.170180
v 0.100060 2.077300 0.118850
v 0.170800 2.017970 -0.464330
v 0.206750 2.145270 0.825930
v 0.387390 2.129510 0.632020
v 0.891220 2.177400 1.141740
v 0.923030 2.154650 0.879160
v 1.631560 2.162670 0.996990
v 1.502390 2.143130 0.765880
v 2.144980 2.106720 0.446950
v 1.904170 2.099340 0.335440
v 2.235380 2.030900 -0.298270
v 1.974910 2.040010 -0.247740
v 1.868220 1.964190 -0.954020
v 1.687590 1.987800 -0.760910
v 1.183750 1.932060 -1.269830
v 1.151950 1.962660 -1.008050
v 0.443410 1.946780 -1.125080
v 0.572580 1.974180 -0.894770
v -0.070010 2.002740 -0.575040
v 0.170800 2.017970 -0.464330
v 0.100060 1.716800 0.153890
v 0.170800 1.691980 -0.431780
v 0.387390 1.738630 0.669240
v 0.923030 1.749150 0.917440
v 1.502390 1.744330 0.803680
v 1.799600 1.745350 0.322040
v 1.861800 1.723530 -0.192960
v 1.609150 1.704330 -0.646130
v 1.138130 1.695080 -0.864380
v 0.628680 1.699320 -0.764350
v 0.170800 1.691980 -0.431780
v 1.944910 1.345160 -0.974060
v 1.197250 1.310070 -1.319030
v 2.345970 1.418040 -0.257760
v 2.247230 1.500850 0.556260
v 1.686410 1.561980 1.157070
v 0.877720 1.578060 1.315190
v 0.130060 1.542970 0.970220
v -0.271000 1.470100 0.253930
v -0.172260 1.387280 -0.560100
v 0.388560 1.326150 -1.160910
v -0.172260 1.387280 -0.560100
v -1.726750 -0.036100 -1.932490
v -1.215400 -0.036100 -0.976890
v -1.215400 0.617810 -0.976890
v -1.726750 0.617810 -1.932490
v -1.653990 0.695210 -1.910450
v -1.193370 0.695210 -1.049660
v -0.738870 0.695210 -1.213880
v -1.265200 0.695210 -2.197480
v -0.771150 0.617810 -2.443840
v -0.259800 0.617810 -1.488240
v -0.259800 -0.036100 -1.488240
v -0.771150 -0.036100 -2.443840
v -0.710850 -0.036100 -1.159200
v -0.710850 0.617810 -1.159200
v -1.295150 -0.036100 -2.251120
v -1.726750 -0.036100 -1.932490
v -1.726750 0.617810 -1.932490
v -1.295150 0.617810 -2.251120
v -1.193370 0.695210 -1.049660
v -1.653990 0.695210 -1.910450
v -0.738870 0.695210 -1.213880
v -0.793190 0.695210 -2.371080
v -0.332570 0.695210 -1.510280
v -1.653990 0.695210 -1.910450
v -1.265200 0.695210 -2.197480
v -0.332570 0.695210 -1.510280
v -0.793190 0.695210 -2.371080
v -0.603200 0.482610 -2.188950
v -0.593010 0.482610 -1.481400
v 0.847360 0.543160 -1.502140
v 0.837170 0.543160 -2.209700
v -0.593010 -0.062930 -1.481400
v 0.847360 -0.062930 -1.502140
v 0.837170 -0.062930 -2.209700
v -0.603200 -0.062930 -2.188950
v 2.001440 -0.062930 -1.518770
v 2.001440 0.482610 -1.518770
v 1.991250 0.482610 -2.226320
v 1.991250 -0.062930 -2.226320
v 2.815520 -0.062930 -1.530490
v 2.815520 0.482610 -1.530490
v 2.805330 0.482610 -2.238040
v 2.805330 -0.062930 -2.238040
v -1.441320 0.429000 1.914410
v -0.733720 0.429000 1.920340
v -0.721650 0.429000 0.479860
v -1.429250 0.429000 0.473930
v -0.733720 -0.513270 1.920340
v -0.721650 -0.513270 0.479860
v -1.429250 -0.513270 0.473930
v -1.441320 -0.513270 1.914410
v -0.711970 -0.513270 -0.674300
v -0.711970 0.579530 -0.674300
v -1.419570 0.579530 -0.680230
v -1.419580 -0.513270 -0.680230
v -0.705150 -0.513270 -1.488430
v -0.705150 0.429000 -1.488430
v -1.412750 0.429000 -1.494360
v -1.412750 -0.513270 -1.494360
v -0.571980 -0.036100 2.712950
v -0.353100 -0.036100 1.651470
v -0.353100 0.617810 1.651470
v -0.571980 0.617810 2.712950
v -0.613770 0.695210 2.649440
v -0.416610 0.695210 1.693270
v -0.870900 0.695210 1.528490
v -1.096190 0.695210 2.621070
v -1.633460 0.617810 2.494070
v -1.414580 0.617810 1.432600
v -1.414580 -0.036100 1.432600
v -1.633460 -0.036100 2.494070
v -0.857430 -0.036100 1.468550
v -0.857430 0.617810 1.468550
v -1.107530 -0.036100 2.681450
v -0.571980 -0.036100 2.712950
v -0.571980 0.617810 2.712950
v -1.107530 0.617810 2.681450
v -0.416610 0.695210 1.693270
v -0.613770 0.695210 2.649440
v -0.870900 0.695210 1.528490
v -1.569950 0.695210 2.452280
v -1.372780 0.695210 1.496100
v -0.613770 0.695210 2.649440
v -1.096190 0.695210 2.621070
v -1.372780 0.695210 1.496100
v -1.569950 0.695210 2.452280
v 2.612480 0.482610 2.593790
v 2.612480 0.482610 1.886160
v 1.171950 0.561810 1.886160
v 1.171950 0.561810 2.593790
v 2.612480 -0.062930 1.886160
v 1.171950 -0.062930 1.886160
v 1.171950 -0.062930 2.593790
v 2.612480 -0.062930 2.593790
v 0.017750 -0.062930 1.886160
v 0.017750 0.482610 1.886160
v 0.017750 0.482610 2.593790
v 0.017750 -0.062930 2.593790
v -0.796410 -0.062930 1.886160
v -0.796410 0.482610 1.886160
v -0.796410 0.482610 2.593790
v -0.796410 -0.062930 2.593790
v 3.747630 -0.036100 1.859310
v 2.847500 -0.036100 1.255650
v 2.847500 0.617800 1.255650
v 3.747630 0.617800 1.859310
v 3.673040 0.695210 1.874020
v 2.862200 0.695210 1.330240
v 2.538020 0.695210 1.688620
v 3.464520 0.695210 2.309970
v 3.143970 0.617800 2.759440
v 2.243840 0.617800 2.155780
v 2.243840 -0.036100 2.155780
v 3.143970 -0.036100 2.759440
v 2.487610 -0.036100 1.653500
v 2.487610 0.617800 1.653500
v 3.516150 -0.036100 2.343270
v 3.747630 -0.036100 1.859310
v 3.747630 0.617800 1.859310
v 3.516150 0.617800 2.343270
v 2.862200 0.695210 1.330240
v 3.673040 0.695210 1.874020
v 2.538020 0.695210 1.688620
v 3.129270 0.695210 2.684850
v 2.318430 0.695210 2.141080
v 3.673040 0.695210 1.874020
v 3.464520 0.695210 2.309970
v 2.318430 0.695210 2.141080
v 3.129270 0.695210 2.684850
v 3.608060 0.482610 -1.500270
v 2.900540 0.482610 -1.512600
v 2.875430 0.586080 -0.072300
v 3.582950 0.586080 -0.059960
v 2.900540 -0.062930 -1.512600
v 2.875430 0.040540 -0.072300
v 3.582950 -0.062930 -0.059960
v 3.608060 -0.062930 -1.500270
v 2.855310 -0.062930 1.081730
v 2.855310 0.482610 1.081730
v 3.562830 0.482610 1.094060
v 3.562830 -0.062930 1.094060
v 2.841120 -0.062930 1.895770
v 2.841120 0.482610 1.895770
v 3.548640 0.482610 1.908100
v 3.548640 -0.062930 1.908100
v 3.078780 -0.036100 -2.541250
v 2.319770 -0.036100 -1.767590
v 2.319770 0.617800 -1.767590
v 3.078780 0.617800 -2.541250
v 3.079510 0.695210 -2.465220
v 2.395790 0.695210 -1.768320
v 2.688380 0.695210 -1.383710
v 3.469630 0.695210 -2.180030
v 3.852440 0.617800 -1.782230
v 3.093420 0.617800 -1.008580
v 3.093420 -0.036100 -1.008580
v 3.852440 -0.036100 -1.782230
v 2.644580 -0.036100 -1.340630
v 2.644580 0.617800 -1.340630
v 3.511870 -0.036100 -2.224650
v 3.078780 -0.036100 -2.541250
v 3.078780 0.617800 -2.541250
v 3.511870 0.617800 -2.224650
v 2.395790 0.695210 -1.768320
v 3.079510 0.695210 -2.465220
v 2.688380 0.695210 -1.383710
v 3.776410 0.695210 -1.781510
v 3.092700 0.695210 -1.084600
v 3.079510 0.695210 -2.465220
v 3.469630 0.695210 -2.180030
v 3.092700 0.695210 -1.084600
v 3.776410 0.695210 -1.781510
v 2.891970 -0.055610 1.977160
v 2.891970 0.128980 0.165410
v 1.080220 0.424220 0.165410
v 1.080220 0.239630 1.977160
v 2.891970 -0.055610 -1.646340
v 1.080220 0.239630 -1.646340
v -0.731520 0.128980 0.165410
v -0.731520 -0.055610 1.977160
v -0.731520 -0.055610 -1.646340
v -2.099940 -0.090650 3.418990
v -2.644840 -0.090650 3.665170
v -2.540330 0.380650 3.772290
v -2.064830 0.379920 3.565420
v -2.975230 -0.090650 4.122230
v -2.832380 0.378480 4.164620
v -2.975230 -0.090650 4.122230
v -3.103820 -0.090649 4.716760
v -2.951110 0.374091 4.678600
v -2.832380 0.378480 4.164620
v -2.869470 -0.090649 5.248630
v -2.754350 0.368351 5.142620
v -2.384690 -0.090649 5.572890
v -2.337920 0.363081 5.429670
v -1.829780 -0.090649 5.542530
v -1.856360 0.360461 5.410070
v -1.225310 -0.090649 5.403920
v -1.330510 0.358501 5.297200
v -0.881890 -0.090649 4.935030
v -1.027020 0.360711 4.894770
v -0.903700 -0.090649 4.358110
v -1.038920 0.365731 4.394240
v -1.221200 -0.090650 3.844630
v -1.308000 0.371740 3.945150
v -1.558850 -0.090650 3.467710
v -1.596220 0.376700 3.614220
v -1.166600 0.766841 4.280390
v -1.081540 0.753021 4.720940
v -1.289290 0.762091 5.122130
v -1.736290 0.793061 5.300790
v -2.158120 0.823601 5.390390
v -2.568200 0.857941 5.199210
v -2.810880 0.882731 4.818660
v -2.782720 0.888481 4.346620
v -2.782720 0.888481 4.346620
v -2.583560 0.879880 3.956080
v -2.194970 0.854620 3.701890
v -1.774360 0.823130 3.674690
v -1.470840 0.795910 3.923890
v -1.736290 0.793061 5.300790
v -1.289290 0.762091 5.122130
v -1.470840 0.795910 3.923890
v -1.774360 0.823130 3.674690
v -2.158120 0.823601 5.390390
v -2.194970 0.854620 3.701890
v -2.568200 0.857941 5.199210
v -2.583560 0.879880 3.956080
v -2.782720 0.888481 4.346620
v -2.810880 0.882731 4.818660
v -1.081540 0.753021 4.720940
v -1.166600 0.766841 4.280390
v -3.380180 0.532370 4.236770
v -3.187400 0.534351 4.400800
v -2.504020 0.428960 3.380650
v -2.696800 0.426990 3.216610
v -3.157170 0.090011 4.431830
v -2.473790 -0.015380 3.411680
v -3.157170 0.090011 4.431830
v -3.606780 0.144170 4.127310
v -2.923400 0.038780 3.107150
v -2.473790 -0.015380 3.411680
v -3.606780 0.144170 4.127310
v -3.157170 0.090011 4.431830
v -3.187400 0.534351 4.400800
v -3.380180 0.532370 4.236770
v -2.504020 0.428960 3.380650
v -2.473790 -0.015380 3.411680
v -2.923400 0.038780 3.107150
v -2.696800 0.426990 3.216610
v -1.183950 0.432880 3.384410
v -1.405990 0.456890 3.503560
v -0.701890 0.457251 4.515040
v -0.479850 0.433231 4.395890
v -1.459430 0.019670 3.576350
v -0.755340 0.020031 4.587820
v -1.459430 0.019670 3.576350
v -1.012610 0.020640 3.263030
v -0.308510 0.020991 4.274500
v -0.755340 0.020031 4.587820
v -1.012610 0.020640 3.263030
v -1.459430 0.019670 3.576350
v -1.405990 0.456890 3.503560
v -1.183950 0.432880 3.384410
v -0.701890 0.457251 4.515040
v -0.755340 0.020031 4.587820
v -0.308510 0.020991 4.274500
v -0.479850 0.433231 4.395890
v -2.771060 2.778241 3.284730
v -2.811520 2.658301 3.146530
v -2.737950 2.578490 3.236540
v -2.707220 2.674500 3.342480
v -2.687160 2.612031 3.026140
v -2.640470 2.541171 3.143550
v -2.522340 2.685690 3.043960
v -2.512270 2.599861 3.156490
v -2.481880 2.805630 3.182170
v -2.481540 2.695880 3.262430
v -2.606230 2.851911 3.302550
v -2.579020 2.733191 3.355420
v -2.606230 2.851911 3.302550
v -2.579020 2.733191 3.355420
v -2.687160 2.612031 3.026140
v -2.811520 2.658301 3.146530
v -2.481880 2.805630 3.182170
v -2.522340 2.685690 3.043960
v -2.771060 2.778241 3.284730
v -2.606230 2.851911 3.302550
v -2.111140 1.392071 4.757430
v -2.129900 1.266151 4.679210
v -2.028870 1.213651 4.600940
v -1.909070 1.287071 4.600880
v -1.890310 1.412991 4.679100
v -1.991350 1.465491 4.757370
v -2.074780 1.364791 4.501900
v -1.995700 1.413251 4.501860
v -1.909070 1.287071 4.600880
v -2.028870 1.213651 4.600940
v -2.141470 1.399441 4.553560
v -2.129900 1.266151 4.679210
v -2.129080 1.482561 4.605190
v -2.111140 1.392071 4.757430
v -2.050010 1.531021 4.605150
v -1.991350 1.465491 4.757370
v -1.983320 1.496361 4.553490
v -1.890310 1.412991 4.679100
v -1.983320 1.496361 4.553490
v -1.890310 1.412991 4.679100
v -2.243710 1.628981 4.078740
v -2.091650 1.722170 4.078670
v -1.945470 1.386050 4.465040
v -2.083320 1.301570 4.465100
v -2.371950 1.695620 4.178090
v -2.243710 1.628981 4.078740
v -2.083320 1.301570 4.465100
v -2.199580 1.361981 4.555170
v -2.348140 1.855450 4.277370
v -2.177990 1.506891 4.645180
v -2.196080 1.948641 4.277300
v -2.040140 1.591371 4.645120
v -2.067840 1.882000 4.177950
v -1.923880 1.530951 4.555040
v -2.235160 1.692200 4.115540
v -2.141890 1.749370 4.115500
v -1.995700 1.413251 4.501860
v -2.074780 1.364791 4.501900
v -2.313830 1.733081 4.176480
v -2.235160 1.692200 4.115540
v -2.074780 1.364791 4.501900
v -2.141470 1.399441 4.553560
v -2.299220 1.831130 4.237390
v -2.129080 1.482561 4.605190
v -2.205950 1.888291 4.237340
v -2.050010 1.531021 4.605150
v -2.127280 1.847411 4.176400
v -1.983320 1.496361 4.553490
v -2.391330 2.271971 3.460840
v -2.366100 2.368680 3.551400
v -2.232000 2.046860 3.897840
v -2.251010 1.949371 3.824660
v -2.507600 2.213800 3.452330
v -2.353820 1.891791 3.821150
v -2.598650 2.252341 3.534380
v -2.437620 1.931700 3.890840
v -2.573430 2.349041 3.624930
v -2.418610 2.029191 3.964030
v -2.457160 2.407211 3.633440
v -2.315800 2.086771 3.967530
v -2.457160 2.407211 3.633440
v -2.315800 2.086771 3.967530
v -2.127280 1.847411 4.176400
v -2.141890 1.749370 4.115500
v -2.235160 1.692200 4.115540
v -2.313830 1.733081 4.176480
v -2.299220 1.831130 4.237390
v -2.205950 1.888291 4.237340
v -2.205950 1.888291 4.237340
v -2.052570 1.197400 4.233020
v -2.049200 1.489431 4.395380
v -2.011250 1.407480 4.485900
v -1.996330 1.064721 4.364910
v -2.196470 0.738081 4.047140
v -2.080570 0.924230 4.099140
v -2.300880 0.912970 3.787930
v -2.173570 1.094511 3.871180
v -2.127950 1.360580 4.053300
v -2.097540 1.594540 4.280220
v -2.205440 1.528291 3.868560
v -2.162010 1.734010 4.126510
v -2.248110 1.178890 4.302380
v -2.191870 1.046201 4.434260
v -2.147820 1.394551 4.534340
v -2.185770 1.476490 4.443820
v -2.179000 0.766541 4.414310
v -2.276110 0.905710 4.168500
v -2.369110 1.075990 3.940540
v -2.323490 1.342050 4.122650
v -2.234120 1.581610 4.328660
v -2.480370 1.423160 3.696660
v -2.400980 1.509771 3.937910
v -2.298580 1.721070 4.174950
v -2.147820 1.394551 4.534340
v -2.191870 1.046201 4.434260
v -2.400980 1.509771 3.937910
v -2.298580 1.721070 4.174950
v -5.058070 4.856930 0.906719
v -4.929530 4.907110 0.875379
v -4.953980 4.838470 0.672369
v -5.090810 4.785040 0.705729
v -4.795330 4.864210 0.873229
v -4.811110 4.792790 0.670069
v -4.706720 4.744590 0.901089
v -4.716790 4.665450 0.699729
v -4.697560 4.593960 0.948319
v -4.707040 4.505100 0.750009
v -4.771340 4.469840 0.996879
v -4.785580 4.372980 0.801709
v -4.899880 4.419650 1.028219
v -4.922410 4.319550 0.835069
v -5.034080 4.462570 1.030370
v -5.065270 4.365230 0.837359
v -5.122680 4.582180 1.002519
v -5.159600 4.492560 0.807709
v -5.131840 4.732810 0.955279
v -5.169350 4.652920 0.757429
v -5.131840 4.732810 0.955279
v -5.169350 4.652920 0.757429
v -4.795330 4.864210 0.873229
v -4.929530 4.907110 0.875379
v -5.122680 4.582180 1.002519
v -5.034080 4.462570 1.030370
v -4.706720 4.744590 0.901089
v -4.899880 4.419650 1.028219
v -4.697560 4.593960 0.948319
v -4.771340 4.469840 0.996879
v -5.058070 4.856930 0.906719
v -5.131840 4.732810 0.955279
v -4.964150 4.963760 1.081239
v -4.875770 4.980640 1.032489
v -4.935310 4.866670 0.867889
v -5.044710 4.823960 0.894569
v -4.778740 4.945090 1.026499
v -4.821090 4.830150 0.866069
v -4.710120 4.870690 1.065549
v -4.745680 4.728350 0.889769
v -4.696120 4.785860 1.134749
v -4.737890 4.600150 0.929969
v -4.742090 4.722990 1.207629
v -4.800680 4.494510 0.971299
v -4.830470 4.706110 1.256389
v -4.910070 4.451800 0.997979
v -4.927500 4.741660 1.262379
v -5.024290 4.488320 0.999810
v -4.996120 4.816070 1.223329
v -5.099710 4.590120 0.976099
v -5.010120 4.900900 1.154139
v -5.107500 4.718330 0.935899
v -5.010120 4.900900 1.154139
v -5.107500 4.718330 0.935899
v -4.839760 5.189420 1.252869
v -4.788480 5.169920 1.201779
v -4.719460 5.140110 1.192119
v -4.659060 5.111380 1.227579
v -4.630360 5.094700 1.294609
v -4.644310 5.096460 1.367619
v -4.695590 5.115960 1.418709
v -4.764610 5.145770 1.428359
v -4.825010 5.174500 1.392919
v -4.853720 5.191180 1.325879
v -4.853720 5.191180 1.325879
v -4.728990 5.401370 1.258979
v -4.702450 5.376260 1.227339
v -4.660320 5.354740 1.219799
v -4.618710 5.345030 1.239219
v -4.593500 5.350840 1.278189
v -4.594310 5.369950 1.321829
v -4.620860 5.395060 1.353469
v -4.662980 5.416570 1.361009
v -4.704590 5.426280 1.341589
v -4.729810 5.420470 1.302619
v -4.729810 5.420470 1.302619
v -4.614650 5.584240 1.194449
v -4.593590 5.573480 1.190679
v -4.645760 5.294370 1.196149
v -4.755060 5.350200 1.215749
v -4.575720 5.579800 1.204659
v -4.562910 5.294000 1.284549
v -4.575720 5.579800 1.204659
v -4.578900 5.596870 1.222419
v -4.589370 5.349480 1.392539
v -4.562910 5.294000 1.284549
v -4.599960 5.607620 1.226189
v -4.698670 5.405310 1.412129
v -4.617840 5.601310 1.212209
v -4.781520 5.405670 1.323729
v -4.599960 5.607620 1.226189
v -4.578900 5.596870 1.222419
v -4.575720 5.579800 1.204659
v -4.617840 5.601310 1.212209
v -4.593590 5.573480 1.190679
v -4.614650 5.584240 1.194449
v -4.562910 5.294000 1.284549
v -4.589370 5.349480 1.392539
v -4.698670 5.405310 1.412129
v -4.781520 5.405670 1.323729
v -4.755060 5.350200 1.215749
v -4.645760 5.294370 1.196149
v -5.094090 4.803920 -0.786521
v -5.126830 4.732040 -0.585531
v -4.990000 4.785460 -0.552171
v -4.965550 4.854110 -0.755181
v -4.847140 4.739780 -0.549881
v -4.831350 4.811200 -0.753031
v -4.752820 4.612450 -0.579531
v -4.742750 4.691580 -0.780891
v -4.743060 4.452090 -0.629811
v -4.733580 4.540950 -0.828121
v -4.821600 4.319970 -0.681511
v -4.807360 4.416840 -0.876681
v -4.958430 4.266540 -0.714871
v -4.935900 4.366650 -0.908021
v -5.101300 4.312230 -0.717161
v -5.070100 4.409560 -0.910181
v -5.195620 4.439560 -0.687511
v -5.158710 4.529180 -0.882321
v -5.205370 4.599910 -0.637231
v -5.167870 4.679810 -0.835081
v -5.167870 4.679810 -0.835081
v -5.205370 4.599910 -0.637231
v -4.831350 4.811200 -0.753031
v -5.070100 4.409560 -0.910181
v -5.158710 4.529180 -0.882321
v -4.965550 4.854110 -0.755181
v -4.742750 4.691580 -0.780891
v -4.935900 4.366650 -0.908021
v -4.733580 4.540950 -0.828121
v -4.807360 4.416840 -0.876681
v -5.167870 4.679810 -0.835081
v -5.094090 4.803920 -0.786521
v -5.000170 4.910760 -0.961041
v -5.080729 4.770950 -0.774371
v -4.971340 4.813670 -0.747701
v -4.911800 4.927640 -0.912291
v -4.857120 4.777150 -0.745861
v -4.814760 4.892080 -0.906301
v -4.781710 4.675340 -0.769571
v -4.746150 4.817690 -0.945361
v -4.773910 4.547140 -0.809781
v -4.732150 4.732850 -1.014551
v -4.836700 4.441510 -0.851101
v -4.778120 4.669990 -1.087431
v -4.946100 4.398790 -0.877781
v -4.866500 4.653110 -1.136191
v -5.060320 4.435310 -0.879611
v -4.963530 4.688660 -1.142181
v -5.135730 4.537120 -0.855901
v -5.032150 4.763060 -1.103131
v -5.143530 4.665320 -0.815701
v -5.046140 4.847890 -1.033941
v -5.046140 4.847890 -1.033941
v -5.143530 4.665320 -0.815701
v -4.824500 5.116910 -1.081591
v -4.875780 5.136420 -1.132671
v -4.755480 5.087100 -1.071921
v -4.695080 5.058370 -1.107381
v -4.666380 5.041700 -1.174411
v -4.680330 5.043450 -1.247421
v -4.731610 5.062960 -1.298511
v -4.800640 5.092770 -1.308161
v -4.861030 5.121500 -1.272721
v -4.889740 5.138170 -1.205681
v -4.889740 5.138170 -1.205681
v -4.738470 5.323250 -1.107151
v -4.765010 5.348360 -1.138781
v -4.696340 5.301740 -1.099601
v -4.654730 5.292030 -1.119021
v -4.629520 5.297840 -1.157991
v -4.630340 5.316940 -1.201631
v -4.656880 5.342050 -1.233271
v -4.699000 5.363570 -1.240811
v -4.740620 5.373280 -1.221391
v -4.765830 5.367470 -1.182431
v -4.765830 5.367470 -1.182431
v -4.650670 5.531240 -1.074251
v -4.791090 5.297200 -1.095551
v -4.681790 5.241360 -1.075951
v -4.629610 5.520480 -1.070481
v -4.598930 5.241000 -1.164351
v -4.611740 5.526790 -1.084461
v -4.611740 5.526790 -1.084461
v -4.598930 5.241000 -1.164351
v -4.625390 5.296470 -1.272341
v -4.614930 5.543860 -1.102221
v -4.734690 5.352310 -1.291931
v -4.635990 5.554620 -1.105991
v -4.817540 5.352660 -1.203531
v -4.653860 5.548310 -1.092011
v -4.635990 5.554620 -1.105991
v -4.653860 5.548310 -1.092011
v -4.611740 5.526790 -1.084461
v -4.614930 5.543860 -1.102221
v -4.629610 5.520480 -1.070481
v -4.650670 5.531240 -1.074251
v -4.598930 5.241000 -1.164351
v -4.817540 5.352660 -1.203531
v -4.734690 5.352310 -1.291931
v -4.625390 5.296470 -1.272341
v -4.681790 5.241360 -1.075951
v -4.791090 5.297200 -1.095551
v -2.648800 5.801259 -6.513710
v -2.651110 6.133809 -6.528531
v -2.382900 6.011099 -6.059081
v -2.514970 5.571399 -6.273971
v -2.557230 6.447749 -6.375831
v -2.445140 6.529009 -6.183961
v -2.639380 5.801079 -6.519141
v -2.505620 5.571219 -6.279360
v -2.373210 6.010909 -6.064671
v -2.641480 6.133629 -6.534081
v -2.435160 6.528819 -6.189711
v -2.547360 6.447559 -6.381521
v -2.305850 5.696111 5.624609
v -2.302270 5.967191 5.625639
v -2.719220 5.854810 5.493819
v -2.513900 5.502640 5.558890
v -2.448220 6.218641 5.579389
v -2.622470 6.279681 5.524259
v -2.308520 5.696111 5.633059
v -2.516550 5.502640 5.567269
v -2.721970 5.854810 5.502510
v -2.305000 5.967191 5.634279
v -2.625290 6.279681 5.533209
v -2.451010 6.218641 5.588239
v -2.783270 2.360790 -1.512410
v -2.782200 2.522110 -1.510480
v -2.906270 2.455230 -1.739220
v -2.845180 2.245660 -1.626540
v -2.772610 2.360790 -1.518190
v -2.834510 2.245660 -1.632330
v -2.895680 2.455230 -1.744960
v -2.771590 2.522110 -1.516230
v -2.690080 2.342200 1.423490
v -2.690870 2.458220 1.422110
v -2.599840 2.410120 1.585640
v -2.644660 2.259400 1.505080
v -2.697700 2.342200 1.427730
v -2.652290 2.259400 1.509330
v -2.607420 2.410120 1.589850
v -2.698450 2.458220 1.426330
v 1.277960 1.452241 4.935330
v 1.167670 1.452241 5.024960
v 1.257290 1.452241 5.135260
v 1.367590 1.452241 5.045630
v -5.754910 0.019231 7.210430
v -5.754910 0.019231 7.210430
v -1.146450 0.019231 7.210430
v 3.191770 0.019231 7.210430
v 7.419050 0.019231 7.210430
v 7.419050 0.019231 7.210430
v 4.649060 1.407441 7.127650
v -2.899470 1.408471 7.127650
v 6.648040 1.408471 7.127650
v 4.481670 1.407441 6.251790
v -2.732080 1.408471 6.251790
v 6.815430 1.408471 6.251790
v -1.859470 2.647621 6.189110
v -1.874380 3.145381 6.163270
v -3.307700 2.462661 6.160180
v -3.307700 3.166831 6.160180
v 0.755520 2.484781 6.155340
v 0.791900 2.991571 6.141700
v 3.596780 3.146561 6.112620
v 3.491250 2.627581 6.109809
v 5.103770 2.436071 6.082449
v 5.103770 3.224341 6.082449
v 0.861770 1.073471 6.018700
v 0.861770 1.527001 6.018700
v 0.861770 1.527001 6.018700
v 2.223000 1.529191 5.965500
v 2.934240 8.315811 5.962879
v -3.004800 8.518460 5.962879
v 0.581020 8.518460 5.962879
v 4.738090 8.518460 5.962879
v -1.572460 8.366470 5.962879
v 1.880870 1.529191 5.930860
v 1.880870 1.529191 5.930860
v 1.514110 1.602941 5.909040
v 1.183070 1.527001 5.895800
v 1.183070 1.527001 5.895800
v 0.637420 1.527001 5.888140
v 1.190650 1.602941 5.844580
v 1.190650 1.602941 5.844580
v -3.153130 3.667181 5.810210
v -3.213180 4.979170 5.810210
v 2.457860 1.529191 5.790010
v 2.457860 1.529191 5.790010
v 1.863880 1.602941 5.783290
v 1.863880 1.602941 5.783290
v -3.346540 6.083090 5.733009
v 1.183400 1.447721 5.721830
v 3.020690 -0.015269 5.691680
v 2.869960 0.576971 5.667300
v 0.556110 1.447721 5.655240
v -4.903190 1.408471 5.645540
v -2.894720 1.408471 5.645540
v 4.644320 1.408471 5.645540
v 6.652790 1.408471 5.645540
v -2.013520 3.487180 5.626830
v 1.453440 1.545941 5.618270
v 2.859250 -0.015269 5.603940
v 1.165440 1.491781 5.601370
v 0.980350 1.501631 5.595990
v 3.124710 0.576971 5.591370
v 2.619220 0.576971 5.579000
v -2.240600 3.307381 5.572609
v 1.842600 1.448991 5.561560
v 1.948340 1.570031 5.549530
v 0.384210 1.646641 5.541500
v 0.384210 1.646641 5.541500
v 1.840270 1.491781 5.540690
v 2.978810 0.447301 5.540570
v 3.108420 -0.015269 5.530240
v 2.888260 0.447301 5.491370
v 2.567020 -0.015269 5.469500
v 1.127370 1.287851 5.463720
v 4.770820 4.293621 5.462989
v 4.770820 5.663841 5.462989
v 6.510970 4.293621 5.461310
v 6.510970 5.663841 5.461310
v 3.028010 0.447301 5.450030
v 2.434820 1.448991 5.447510
v -2.904160 7.293480 5.444249
v 1.178250 -0.043929 5.429350
v 2.523420 1.663141 5.426660
v 2.523420 1.663141 5.426660
v -2.158120 0.823601 5.390390
v 2.651280 0.447301 5.387670
v 2.403480 -0.015269 5.385730
v 3.286170 0.576971 5.380200
v 4.681950 4.524631 5.369470
v 4.681950 5.432830 5.369470
v 6.601630 4.524631 5.367620
v 6.601630 5.432830 5.367620
v 2.468280 0.576971 5.360180
v 2.559560 0.447301 5.340680
v -4.438100 1.408471 5.336560
v -3.359820 1.408471 5.336560
v 5.109410 1.408471 5.336560
v 6.187690 1.408471 5.336560
v 0.596630 1.287851 5.334710
v 0.744030 -0.043929 5.323620
v 1.990450 -0.043929 5.321420
v -2.352750 3.307381 5.315179
v -4.581500 3.667181 5.311470
v -3.153130 3.667181 5.311470
v 1.425710 1.545941 5.304120
v 0.966710 1.501631 5.292260
v -3.898960 1.408471 5.279090
v 5.648550 1.408471 5.279090
v 2.151550 1.287851 5.276250
v 3.275030 -0.015269 5.268040
v -1.740330 3.030931 5.260549
v 1.171550 -0.043929 5.258310
v 2.606550 0.447301 5.248970
v -1.773450 2.984781 5.245460
v 1.126980 1.287851 5.243590
v 3.159820 0.447301 5.235930
v 1.326780 1.817591 5.233740
v 2.487250 -0.015269 5.222200
v 1.169130 1.817591 5.217450
v 1.920040 1.570031 5.213300
v -1.795060 2.984781 5.195860
v 1.611960 1.287851 5.195480
v -1.750440 3.077071 5.176420
v -2.010750 3.666991 5.166190
v 1.564830 -0.043929 5.162380
v -1.783550 3.030931 5.161330
v 3.214840 0.447301 5.148790
v -3.020210 4.293621 5.140910
v -3.020210 5.663841 5.140910
v 1.449780 1.817591 5.133790
v 1.449780 1.817591 5.133790
v -1.289290 0.762091 5.122130
v 0.394590 1.646641 5.116080
v 0.394590 1.646641 5.116080
v 3.292680 0.576971 5.114450
v 2.145200 1.287851 5.114030
v 3.373130 -0.015269 5.112680
v -2.237820 3.487180 5.111969
v 1.069180 1.817591 5.094450
v 2.474790 0.576971 5.094430
v 3.127710 0.447301 5.093770
v 1.990040 -0.043929 5.089320
v -2.929560 4.524631 5.047220
v -2.929560 5.432830 5.047220
v 2.754380 0.447301 5.036330
v 2.530650 1.663141 5.033300
v 2.530650 1.663141 5.033300
v -4.532640 4.468821 5.023760
v -4.532640 4.468821 5.023760
v -3.285520 4.468821 5.023760
v -3.285520 4.468821 5.023760
v 3.217770 -0.015269 5.014580
v 2.894040 0.447301 4.994700
v 1.466080 1.817591 4.976140
v 2.675440 -0.015269 4.955800
v 2.803390 0.447301 4.945680
v 1.085470 1.817591 4.936800
v 3.141730 0.576971 4.895630
v 2.636250 0.576971 4.883260
v 2.924460 -0.015269 4.881580
v 1.366120 1.817591 4.853140
v 1.208470 1.817591 4.836850
v -2.810880 0.882731 4.818660
v 2.891000 0.576971 4.807320
v 2.762840 -0.015269 4.794180
v -2.111140 1.392071 4.757430
v -1.991350 1.465491 4.757370
v -1.081540 0.753021 4.720940
v -2.441780 8.324241 4.710449
v -2.441780 8.324241 4.710449
v -2.129900 1.266151 4.679210
v 1.330730 1.555911 4.648800
v 1.055570 1.383121 4.645770
v -2.177990 1.506891 4.645180
v -2.177990 1.506891 4.645180
v -2.040140 1.591371 4.645120
v -2.040140 1.591371 4.645120
v -4.349130 3.152271 4.640810
v -3.569350 3.902411 4.640810
v -4.277700 3.945320 4.640810
v 1.059510 1.339061 4.633040
v -2.129080 1.482561 4.605190
v -2.050010 1.531021 4.605150
v -2.028870 1.213651 4.600940
v -1.909070 1.287071 4.600880
v 1.737550 1.383121 4.579170
v 0.475790 1.339061 4.571130
v 1.593530 1.555911 4.570470
v 1.072240 1.571251 4.558240
v -2.199580 1.361981 4.555170
v -2.199580 1.361981 4.555170
v -1.923880 1.530951 4.555040
v -1.923880 1.530951 4.555040
v -2.141470 1.399441 4.553560
v -0.701890 0.457251 4.515040
v 1.739530 1.340330 4.510370
v -2.074780 1.364791 4.501900
v -1.995700 1.413251 4.501860
v -2.011250 1.407480 4.485900
v -2.083320 1.301570 4.465100
v -2.083320 1.301570 4.465100
v -1.945470 1.386050 4.465040
v -1.945470 1.386050 4.465040
v -3.187400 0.534351 4.400800
v -0.479850 0.433231 4.395890
v 2.350110 1.340330 4.395820
v -4.349130 3.152271 4.385960
v -3.569350 3.902411 4.385960
v -4.277700 3.945320 4.385960
v 1.367150 1.650990 4.385070
v -2.072890 0.594711 4.366710
v -2.072890 0.594711 4.366710
v -1.996330 1.064721 4.364910
v -2.389690 7.915540 4.359459
v 1.760250 1.571250 4.353160
v 1.466630 1.591630 4.346770
v -1.983460 0.785061 4.344960
v 0.916780 1.596081 4.333360
v 1.316090 1.749241 4.320740
v 1.431540 1.563460 4.313040
v -2.348140 1.855450 4.277370
v -2.348140 1.855450 4.277370
v -2.196080 1.948641 4.277300
v -2.196080 1.948641 4.277300
v -0.308510 0.020991 4.274500
v 1.399580 1.816310 4.251840
v 1.515040 1.630520 4.244140
v -2.299220 1.831130 4.237390
v -3.380180 0.532370 4.236770
v 1.364500 1.788140 4.218110
v 3.355320 -0.026589 4.207250
v 1.463980 1.728770 4.179810
v -2.371950 1.695620 4.178090
v -2.371950 1.695620 4.178090
v -2.067840 1.882000 4.177950
v -2.067840 1.882000 4.177950
v -2.313830 1.733081 4.176480
v -2.127280 1.847411 4.176400
v 1.310150 1.756600 4.174500
v 3.130960 0.854950 4.170970
v 1.438410 1.702590 4.136260
v -3.606780 0.144170 4.127310
v -2.162010 1.734010 4.126510
v -2.235160 1.692200 4.115540
v -2.141890 1.749370 4.115500
v 1.767220 1.596081 4.079870
v -2.243710 1.628981 4.078740
v -2.243710 1.628981 4.078740
v -2.091650 1.722170 4.078670
v -2.091650 1.722170 4.078670
v 3.115030 -0.026590 4.076660
v 1.210930 1.783610 4.075920
v 1.247890 1.844260 4.064900
v 0.923750 1.620911 4.060070
v 3.510160 0.854950 4.057950
v -2.196470 0.738081 4.047140
v 2.757750 0.854950 4.039530
v 1.430510 1.614941 4.010470
v 1.467470 1.675591 3.999450
v 3.292980 0.661951 3.982340
v 3.485910 -0.026590 3.966950
v -2.418610 2.029191 3.964030
v 0.240370 1.548331 3.951280
v 0.240370 1.548331 3.951280
v 1.239980 1.756600 3.939110
v -4.267380 4.845551 3.911700
v 3.158210 0.661951 3.909100
v 1.368250 1.702590 3.900870
v -2.232000 2.046860 3.897840
v 0.833480 1.484280 3.895590
v -4.114020 4.565990 3.894880
v -2.437620 1.931700 3.890840
v 2.680040 -0.026590 3.876540
v -4.290290 5.171521 3.868909
v -2.205440 1.528291 3.868560
v 1.611760 1.620911 3.854990
v 3.366230 0.661951 3.847570
v 1.090470 1.636250 3.842760
v 1.309170 1.526361 3.830640
v -2.251010 1.949371 3.824660
v -3.871300 4.407751 3.822970
v -2.353820 1.891791 3.821150
v 0.960510 1.287850 3.816700
v -2.300880 0.912970 3.787930
v 1.011090 -0.043930 3.781340
v -4.176610 5.456561 3.777989
v 1.772670 1.549241 3.776890
v 1.353270 1.636250 3.764420
v 2.805470 0.661951 3.754740
v 2.436630 -0.026590 3.751850
v 3.750490 0.854950 3.743620
v -1.766090 9.008180 3.732099
v -1.766090 9.008180 3.732099
v -3.194720 4.967221 3.718290
v -3.604270 4.413230 3.715230
v -3.604270 4.413230 3.715230
v 2.533080 0.854950 3.713830
v 0.429220 1.287850 3.685850
v 2.668950 0.661950 3.684810
v 1.823800 -0.043930 3.675130
v -1.774360 0.823130 3.674690
v 0.574720 -0.043930 3.668390
v -3.261640 4.750670 3.667069
v 2.386930 1.577970 3.665890
v 2.386930 1.577970 3.665890
v -3.956810 5.624280 3.663289
v -4.532640 4.402541 3.652260
v -3.285520 4.402541 3.652260
v 1.985650 1.287850 3.632440
v -2.284830 1.441681 3.627300
v -2.573430 2.349041 3.624930
v 0.750520 1.484280 3.613030
v -3.222700 5.012801 3.609709
v 0.372240 1.447720 3.608890
v 1.002810 -0.043930 3.605000
v -3.384470 4.580951 3.600530
v 0.959700 1.287850 3.595150
v -1.766090 8.480960 3.592499
v 0.228940 1.548331 3.590320
v 0.228940 1.548331 3.590320
v 3.733910 -0.026590 3.576680
v -3.289620 4.796250 3.558490
v -3.689780 5.629760 3.555549
v -2.366100 2.368680 3.551400
v 1.225230 1.526361 3.548450
v 2.738880 0.661950 3.548290
v 1.443840 1.287850 3.544260
v -2.598650 2.252341 3.534380
v 3.562430 0.661950 3.528880
v 1.397640 -0.043930 3.514260
v 0.939800 1.491781 3.511180
v -3.270790 4.865991 3.509609
v 2.561320 -0.026590 3.508440
v -2.434010 1.376340 3.505760
v -2.434010 1.376340 3.505760
v -1.405990 0.456890 3.503560
v -3.163480 4.732510 3.500829
v -3.074220 4.874071 3.487490
v -3.447060 5.471520 3.483639
v -3.223200 4.789871 3.470659
v -3.293700 5.191960 3.466820
v 1.977790 1.287850 3.465180
v -2.391330 2.271971 3.460840
v 1.697330 1.549240 3.460620
v -3.133940 4.931421 3.457309
v -2.507600 2.213800 3.452330
v 0.347550 1.498880 3.446580
v 0.347550 1.498880 3.446580
v 0.933610 1.447720 3.441610
v 1.822950 -0.043930 3.441550
v -3.013200 4.743751 3.409450
v -3.013200 4.743751 3.409450
v -3.054190 4.765501 3.402949
v -3.139310 4.640350 3.401249
v -3.139310 4.640350 3.401249
v 3.644320 0.661950 3.399180
v -3.130420 4.700521 3.392889
v -3.048430 4.836441 3.385679
v -1.183950 0.432880 3.384410
v -3.003950 4.857800 3.382320
v -3.003950 4.857800 3.382320
v -2.504020 0.428960 3.380650
v 1.616510 1.491780 3.367390
v -3.184460 4.752710 3.358950
v -3.228770 4.728930 3.352940
v -3.228770 4.728930 3.352940
v -3.102470 4.888640 3.351730
v 1.612600 1.448990 3.348440
v 3.760170 0.854950 3.348060
v 3.879920 -0.026590 3.345430
v -2.707220 2.674500 3.342480
v -3.093870 4.946230 3.334310
v -3.093870 4.946230 3.334310
v -3.206430 4.879321 3.320029
v -3.206430 4.879321 3.320029
v 2.542760 0.854950 3.318260
v 3.514620 0.661950 3.317290
v 0.582060 1.498880 3.304010
v -2.771060 2.778241 3.284730
v 2.164320 1.448990 3.281190
v 2.260120 1.577970 3.268000
v 2.260120 1.577970 3.268000
v -1.012610 0.020640 3.263030
v -2.481540 2.695880 3.262430
v 0.890830 1.498880 3.255840
v 0.890830 1.498880 3.255840
v -2.737950 2.578490 3.236540
v -3.123000 4.605100 3.234479
v 2.958930 0.661950 3.231780
v -3.203850 4.695240 3.230119
v -2.696800 0.426990 3.216610
v -4.440340 4.737061 3.205089
v 3.648670 -0.026590 3.199410
v -3.009930 4.685340 3.198330
v 0.875780 1.563510 3.192030
v 0.875780 1.563510 3.192030
v -4.316390 4.510211 3.191640
v -3.077350 4.884581 3.189389
v -2.481880 2.805630 3.182170
v -3.000920 4.790890 3.178750
v -4.458720 5.001721 3.170259
v 3.166810 0.661950 3.169820
v -2.512270 2.599861 3.156490
v 1.568600 1.500740 3.153540
v 1.568600 1.500740 3.153540
v -2.811520 2.658301 3.146530
v -2.640470 2.541171 3.143550
v -4.120110 4.381950 3.133530
v 2.841430 -0.026590 3.111920
v -2.923400 0.038780 3.107150
v 3.031890 0.661950 3.096860
v -4.366630 5.233260 3.096499
v 2.124670 1.500740 3.093090
v 2.124670 1.500740 3.093090
v -3.273000 4.663120 3.075230
v 1.171360 1.563510 3.061930
v 1.834500 1.500740 3.061280
v 1.546350 1.563510 3.057970
v 1.546350 1.563510 3.057970
v -3.904070 4.386641 3.046319
v -3.904070 4.386641 3.046319
v -2.522340 2.685690 3.043960
v -3.210160 4.561121 3.039579
v -2.687160 2.612031 3.026140
v 3.535500 0.854950 3.022350
v 2.783100 0.854950 3.003940
v -4.188730 5.369650 3.003569
v 3.212090 -0.026590 3.001430
v -3.091530 4.641780 2.992849
v -3.156530 4.845340 2.992640
v -3.394770 4.636200 2.957819
v -3.394770 4.636200 2.957819
v -3.726170 4.523030 2.953389
v -4.516610 4.693190 2.953350
v -4.399180 4.478251 2.940609
v -3.369530 4.806080 2.920640
v -3.369530 4.806080 2.920640
v -4.534030 4.943950 2.920350
v -3.362690 4.652141 2.918069
v -3.972690 5.374341 2.916359
v 3.162290 0.854950 2.890910
v -3.335100 4.509430 2.888950
v -3.335100 4.509430 2.888950
v -4.213200 4.356720 2.885550
v -3.634070 4.754580 2.879630
v 2.971520 -0.026590 2.871350
v -3.328690 4.572670 2.870780
v -3.697190 4.697660 2.868860
v -3.776400 5.246081 2.858249
v -4.446770 5.163331 2.850459
v -3.652460 5.019231 2.844799
v -4.349130 3.152270 2.828390
v -3.569350 3.902410 2.828390
v -4.277700 3.945320 2.828390
v -3.297260 4.788371 2.824460
v -3.518220 4.669830 2.818860
v -3.518220 4.669830 2.818860
v -3.284050 4.853130 2.813740
v -3.284050 4.853130 2.813740
v -3.733190 4.632801 2.808239
v -4.008500 4.361170 2.802920
v -4.008500 4.361170 2.802920
v -3.506480 4.748830 2.801569
v -3.271400 4.626231 2.789370
v -3.262850 4.709060 2.777220
v -3.519470 4.612630 2.769739
v -3.237070 4.595790 2.766569
v -3.237070 4.595790 2.766569
v -3.703650 4.831710 2.764709
v -4.278210 5.292571 2.762409
v 3.143970 -0.036100 2.759440
v 3.143970 0.617800 2.759440
v -3.223630 4.726591 2.745220
v -3.495790 4.770771 2.734110
v -3.839940 4.490400 2.714869
v -3.739650 4.766840 2.704080
v -3.751470 4.714780 2.703900
v -3.505690 4.652821 2.694549
v 3.129270 0.695210 2.684850
v -3.496580 4.713740 2.684780
v -4.073520 5.297010 2.679779
v -3.752680 4.709780 2.644979
v -3.887540 5.175481 2.624719
v -3.770100 4.960540 2.611980
v -0.796410 0.482610 2.593790
v 0.017750 0.482610 2.593790
v 2.612480 0.482610 2.593790
v 1.171950 0.561810 2.593790
v -4.349130 3.152270 2.573550
v -3.569350 3.902410 2.573550
v -4.277700 3.945320 2.573550
v -4.476350 6.561740 2.543619
v -4.174210 6.561740 2.543619
v -4.174210 6.561740 2.543619
v -1.633460 -0.036100 2.494070
v -1.633460 0.617810 2.494070
v -4.174210 6.496640 2.482899
v -4.485690 7.373190 2.470809
v -4.114610 7.373190 2.470809
v -1.569950 0.695210 2.452280
v -4.174210 7.176190 2.451829
v -4.483280 1.810100 2.423990
v -2.090100 1.810100 2.423990
v -2.090100 1.810100 2.423990
v -4.532640 4.468571 2.254580
v -4.532640 4.468571 2.254580
v -3.285520 4.468571 2.254580
v -3.285520 4.468571 2.254580
v -2.090100 -0.000760 2.216410
v 2.243840 -0.036100 2.155780
v 2.243840 0.617800 2.155780
v 2.318430 0.695210 2.141080
v -4.174210 6.841780 2.139949
v -4.092660 4.474161 2.022530
v -4.485690 6.086451 2.008529
v -4.114610 6.086451 2.008529
v -4.086310 3.434160 1.978870
v -2.367990 1.597380 1.951770
v -0.733720 0.429000 1.920340
v -1.441320 0.429000 1.914410
v 3.548640 0.482610 1.908100
v 2.841120 0.482610 1.895770
v -0.796410 0.482610 1.886160
v 0.017750 0.482610 1.886160
v 2.612480 0.482610 1.886160
v 1.171950 0.561810 1.886160
v -4.188410 1.559990 1.878390
v -4.188410 6.194470 1.856039
v -4.188410 4.054680 1.837649
v -3.374350 3.291280 1.764790
v -3.374350 3.291280 1.764790
v -4.485690 6.996460 1.735709
v -4.114610 6.996460 1.735709
v -3.374350 2.938540 1.732740
v -5.736510 6.293860 1.722509
v -4.471210 6.293860 1.722509
v -4.485690 6.700420 1.709619
v -4.114610 6.700420 1.709619
v -0.416610 0.695210 1.693270
v -4.561840 4.211600 1.677249
v -4.485690 7.728490 1.665059
v -4.114610 7.728490 1.665059
v -0.353100 -0.036100 1.651470
v -0.353100 0.617810 1.651470
v -4.561840 3.735930 1.646990
v -3.313140 3.260870 1.627810
v -3.374350 2.599080 1.589640
v -5.736510 -0.001540 1.580770
v -3.551170 3.732390 1.504330
v -3.200090 3.732390 1.504330
v -4.188410 4.073940 1.503070
v -1.372780 0.695210 1.496100
v -4.086310 3.504030 1.462319
v -4.188410 1.556000 1.444970
v -4.188410 6.238810 1.443119
v -3.498790 3.217600 1.432950
v -3.249900 3.217600 1.432950
v -3.249900 3.217600 1.432950
v -1.414580 -0.036100 1.432600
v -1.414580 0.617810 1.432600
v -4.698670 5.405310 1.412129
v -3.551170 3.951240 1.405339
v -3.200090 3.951240 1.405339
v -3.374350 2.443180 1.403540
v -4.485690 7.187610 1.400559
v -4.114610 7.187610 1.400559
v -3.534140 3.142610 1.397090
v -3.214550 3.142610 1.397090
v -3.214550 3.142610 1.397090
v -4.589370 5.349480 1.392539
v -3.535110 3.664540 1.385270
v -3.216150 3.664540 1.385270
v -4.092660 4.400600 1.380090
v -3.375630 4.060670 1.355850
v 2.862200 0.695210 1.330240
v -4.781520 5.405670 1.323729
v -3.535110 3.869680 1.311330
v -3.216150 3.869680 1.311330
v -3.375630 3.972250 1.274349
v 2.847500 -0.036100 1.255650
v 2.847500 0.617800 1.255650
v -3.944830 2.155490 1.252770
v -3.944830 2.155490 1.252770
v -2.740170 2.155490 1.242090
v -2.740170 2.155490 1.242090
v -4.599960 5.607620 1.226189
v -4.578900 5.596870 1.222419
v -4.485690 6.611910 1.217629
v -4.114610 6.611910 1.217629
v -4.755060 5.350200 1.215749
v -4.617840 5.601310 1.212209
v -3.255000 2.155490 1.210040
v -3.375630 3.455540 1.207990
v -3.375630 3.455540 1.207990
v -4.645760 5.294370 1.196149
v -4.614650 5.584240 1.194449
v -3.527290 3.560440 1.191519
v -3.527290 3.560440 1.191519
v -3.223980 3.560440 1.191519
v -3.223980 3.560440 1.191519
v -4.593590 5.573480 1.190679
v -3.468120 3.601370 1.185099
v -3.283140 3.601360 1.185099
v -3.306100 3.478410 1.168410
v -3.468120 3.729330 1.164999
v -3.283140 3.729330 1.164999
v -3.374350 2.348430 1.160480
v -3.527290 3.770250 1.158580
v -3.527290 3.770250 1.158580
v -3.223980 3.770250 1.158580
v -3.223980 3.770250 1.158580
v -3.375630 3.793310 1.154960
v -3.375630 3.875160 1.142099
v -3.375630 3.875160 1.142099
v 0.891220 2.177400 1.141740
v 3.562830 0.482610 1.094060
v 2.855310 0.482610 1.081730
v -3.613010 3.329920 1.002420
v -3.138260 3.329920 1.002420
v 1.631560 2.162670 0.996990
v -3.436860 3.773060 0.923110
v -3.320300 3.773060 0.923110
v -3.472410 4.019300 0.895780
v -3.284760 4.019300 0.895780
v 0.923030 2.154650 0.879160
v -3.374350 2.397810 0.850520
v -3.613010 3.700300 0.844240
v -3.138260 3.700300 0.844240
v -3.534140 2.929650 0.837040
v -3.214550 2.929650 0.837040
v -3.214550 2.929650 0.837040
v -3.262020 3.716220 0.828550
v -3.867860 1.996660 0.828360
v -2.810390 1.996660 0.828360
v 0.206750 2.145270 0.825930
v -3.255000 2.069020 0.824810
v 1.502390 1.744330 0.803680
v -3.306100 3.251140 0.768460
v -2.730060 2.069020 0.767830
v -2.730060 2.069020 0.767830
v 1.502390 2.143130 0.765880
v 1.502390 2.143130 0.765880
v -3.375630 3.177370 0.757740
v -3.375630 3.177370 0.757740
v -3.190930 3.942050 0.737700
v -3.249900 2.751410 0.735970
v -3.436860 3.659380 0.733980
v -3.320300 3.659380 0.733980
v -3.951570 2.069020 0.732220
v -3.951570 2.069020 0.732220
v -3.223980 3.262740 0.702330
v -3.223980 3.262740 0.702330
v -3.527290 3.262740 0.702330
v -3.527290 3.262740 0.702330
v -3.468120 3.296050 0.680710
v -3.283140 3.296050 0.680710
v 1.418710 2.679830 0.678650
v 0.387390 2.129510 0.632020
v 1.686460 2.671700 0.622470
v -3.468120 3.400180 0.613130
v -3.283140 3.400180 0.613130
v -3.435550 2.663300 0.599840
v -3.313140 2.663300 0.599840
v -3.313140 2.663300 0.599840
v -3.527290 3.433490 0.591510
v -3.527290 3.433490 0.591510
v -3.223980 3.433490 0.591510
v -3.223980 3.433490 0.591510
v -3.472410 3.864810 0.579630
v -3.284760 3.864810 0.579630
v -3.375630 3.452250 0.579340
v -3.374350 2.520070 0.551250
v -3.374350 2.520070 0.551250
v -3.229680 2.701910 0.543860
v -3.229680 2.701910 0.543860
v -3.375630 3.518860 0.536100
v -3.375630 3.518860 0.536100
v -3.229680 3.018970 0.527500
v -3.229680 3.018970 0.527500
v -3.218740 1.914590 0.515690
v -3.263480 2.775400 0.487130
v -0.721650 0.429000 0.479860
v 1.238710 2.733970 0.479690
v -1.429250 0.429000 0.473930
v -3.263250 2.313390 0.454160
v 2.144980 2.106720 0.446950
v -3.483860 3.057800 0.388140
v -3.267400 3.057800 0.388140
v 1.774220 2.717720 0.367330
v 1.904170 2.099340 0.335440
v -3.483860 3.192730 0.327100
v -3.267400 3.192730 0.327100
v -3.263250 2.304080 0.306560
v -3.375630 3.260200 0.296590
v 1.359990 1.519560 0.295710
v -4.344230 4.376410 0.268749
v 1.521990 1.514640 0.261720
v -4.450480 4.842150 0.255669
v -5.645850 4.849960 0.251889
v -3.263480 2.775400 0.250670
v -4.482820 5.079130 0.238819
v -5.610140 5.088370 0.235279
v -4.266000 3.940450 0.219460
v -4.266000 3.940450 0.219460
v -3.218740 1.892440 0.212730
v -4.542350 5.296100 0.206779
v -5.544360 5.304190 0.203709
v -3.229680 2.749880 0.193090
v -3.229680 2.749880 0.193090
v 1.251080 1.552320 0.175330
v -4.630930 5.487340 0.174639
v -5.450120 5.494510 0.172009
v -0.160410 2.078560 0.170180
v 1.594220 2.771860 0.168370
v -4.746350 5.642000 0.151809
v -5.331230 5.647710 0.149889
v -3.808720 1.911480 0.147090
v -4.878930 5.741950 0.140719
v -5.189490 5.748530 0.139359
v -5.031830 5.781400 0.136779
v -3.229680 2.889860 0.135370
v -3.229680 2.889860 0.135370
v 0.100060 2.077300 0.118850
v 1.575090 1.542480 0.107350
v -2.763840 1.911480 0.086550
v -3.467760 2.943610 0.065340
v -3.283510 2.943610 0.065340
v -4.386170 3.815880 0.061910
v -4.250940 3.840500 0.059930
v -4.250940 3.840500 0.059930
v -3.467760 3.065400 0.031030
v -3.283510 3.065400 0.031030
v -3.375630 3.126290 0.013880
v -4.485690 6.872630 0.005339
v -4.114610 6.872630 0.005339
v -1.766090 9.201990 -0.000001
v -4.485690 7.543490 -0.003811
v -4.114610 7.543490 -0.003811
v 1.466180 1.575240 -0.013030
v -5.736510 7.137480 -0.015301
v -4.471210 7.137480 -0.015301
v -5.021620 5.776000 -0.051921
v -4.868440 5.736400 -0.053191
v -5.179020 5.742990 -0.054071
v -4.734940 5.635960 -0.059111
v 3.582950 0.586080 -0.059960
v -5.319810 5.641670 -0.061121
v 2.875430 0.586080 -0.072300
v -4.617440 5.480210 -0.074511
v -5.436630 5.487370 -0.077341
v -4.525870 5.287380 -0.097801
v -5.527850 5.295450 -0.101391
v -4.270580 3.931200 -0.103340
v -4.270580 3.931200 -0.103340
v -4.463400 5.068860 -0.120051
v -5.590700 5.078080 -0.124011
v -4.429800 4.831210 -0.126451
v -5.625160 4.839010 -0.130541
v -4.350450 4.363850 -0.169671
v -3.494780 2.854600 -0.196210
v -3.256490 2.854600 -0.196210
v -3.494780 3.019500 -0.221750
v -3.256490 3.019500 -0.221750
v -3.375630 3.101950 -0.234520
v 1.974910 2.040010 -0.247740
v 2.235380 2.030900 -0.298270
v -2.819290 1.900670 -0.369910
v -3.867860 1.900670 -0.434010
v -3.229680 2.448610 -0.445840
v -3.229680 2.448610 -0.445840
v -3.229680 2.689300 -0.464070
v -3.229680 2.689300 -0.464070
v 0.170800 2.017970 -0.464330
v 0.170800 2.017970 -0.464330
v -3.218740 1.903110 -0.484530
v -3.263480 2.515390 -0.484980
v -3.478980 2.812290 -0.504740
v -3.272290 2.812290 -0.504740
v -3.375630 2.675240 -0.515280
v -3.375630 2.675240 -0.515280
v -3.478980 2.955330 -0.526900
v -3.272290 2.955330 -0.526900
v -3.521610 2.776780 -0.529280
v -3.521610 2.776780 -0.529280
v -3.229660 2.776780 -0.529280
v -3.229660 2.776780 -0.529280
v -3.375630 3.026850 -0.537980
v -3.521200 2.979190 -0.557250
v -3.521200 2.979190 -0.557250
v -3.230060 2.979190 -0.557250
v -3.230060 2.979190 -0.557250
v -3.375630 3.079880 -0.571200
v -3.375630 3.079880 -0.571200
v -0.070010 2.002740 -0.575040
v -0.070010 2.002740 -0.575040
v -3.263250 2.241490 -0.590110
v -0.711970 0.579530 -0.674300
v -1.419570 0.579530 -0.680230
v -3.263250 2.235880 -0.757730
v 1.687590 1.987800 -0.760910
v -3.218740 1.942690 -0.770500
v -3.263480 2.491870 -0.803530
v -2.726690 2.069020 -0.841760
v -2.726690 2.069020 -0.841760
v -3.934710 2.069020 -0.852440
v -3.934710 2.069020 -0.852440
v -3.229680 2.623340 -0.871090
v -3.229680 2.623340 -0.871090
v -3.229680 2.470610 -0.883920
v -3.229680 2.470610 -0.883920
v -3.310390 2.069020 -0.888060
v -3.867860 1.991760 -0.888750
v -2.810390 1.991760 -0.888750
v 0.572580 1.974180 -0.894770
v -3.497500 2.712680 -0.927540
v -3.253760 2.712680 -0.927540
v -3.254040 2.881620 -0.951380
v -3.497230 2.881620 -0.951380
v 1.868220 1.964190 -0.954020
v -3.375630 2.965730 -0.963280
v -1.215400 -0.036100 -0.976890
v -1.215400 0.617810 -0.976890
v 1.151950 1.962660 -1.008050
v 3.093420 -0.036100 -1.008580
v 3.093420 0.617800 -1.008580
v -1.193370 0.695210 -1.049660
v -4.629610 5.520480 -1.070481
v -4.650670 5.531240 -1.074251
v -4.681790 5.241360 -1.075951
v 3.092700 0.695210 -1.084600
v -4.653860 5.548310 -1.092011
v -4.791090 5.297200 -1.095551
v -4.614930 5.543860 -1.102221
v -4.635990 5.554620 -1.105991
v 0.443410 1.946780 -1.125080
v -3.333980 2.130270 -1.198930
v -4.817540 5.352660 -1.203531
v -4.485690 6.520020 -1.215051
v -4.114610 6.520020 -1.215051
v -3.975160 2.130270 -1.248790
v -3.975160 2.130270 -1.248790
v -4.092660 4.401770 -1.256171
v 1.183750 1.932060 -1.269830
v -2.743540 2.130270 -1.270160
v -2.743540 2.130270 -1.270160
v -4.625390 5.296470 -1.272341
v -4.734690 5.352310 -1.291931
v -3.375630 2.436710 -1.309930
v -3.375630 2.436710 -1.309930
v -3.575300 2.575370 -1.329780
v -3.575300 2.575370 -1.329780
v -3.175970 2.575360 -1.329780
v -3.175970 2.575360 -1.329780
v -4.207340 1.581190 -1.331520
v -4.086310 3.505200 -1.338400
v -3.375630 2.521770 -1.341840
v -4.485690 7.296900 -1.354651
v -4.114610 7.296900 -1.354651
v -3.511270 2.615640 -1.356380
v -3.239990 2.615640 -1.356380
v -3.176350 2.852070 -1.369450
v -3.176350 2.852070 -1.369450
v -3.574920 2.852070 -1.369450
v -3.574920 2.852070 -1.369450
v -3.511270 2.803380 -1.385460
v -3.239990 2.803380 -1.385460
v -3.375630 2.989930 -1.389240
v -3.375630 2.989930 -1.389240
v -4.207340 6.238810 -1.393971
v -4.207340 4.006490 -1.440150
v -0.593010 0.482610 -1.481400
v -0.259800 -0.036100 -1.488240
v -0.259800 0.617810 -1.488240
v -0.705150 0.429000 -1.488430
v -1.412750 0.429000 -1.494360
v 3.608060 0.482610 -1.500270
v 0.847360 0.543160 -1.502140
v -3.375630 2.385140 -1.509650
v -3.375630 2.385140 -1.509650
v -3.375630 2.385140 -1.509650
v -0.332570 0.695210 -1.510280
v 2.900540 0.482610 -1.512600
v -5.736510 -0.001540 -1.513820
v 2.001440 0.482610 -1.518770
v 2.815520 0.482610 -1.530490
v -3.577330 2.524720 -1.531270
v -3.577330 2.524720 -1.531270
v -3.577330 2.524720 -1.531270
v -3.173930 2.524720 -1.531270
v -3.173930 2.524720 -1.531270
v -3.173930 2.524720 -1.531270
v -3.577330 2.803890 -1.574510
v -3.577330 2.803890 -1.574510
v -3.577330 2.803890 -1.574510
v -3.173930 2.803890 -1.574510
v -3.173930 2.803890 -1.574510
v -3.173930 2.803890 -1.574510
v -4.561840 3.852510 -1.589841
v -3.375630 2.943480 -1.596130
v -3.375630 2.943480 -1.596130
v -4.561840 4.160300 -1.597700
v -3.375630 2.446160 -1.622460
v -3.518360 2.544930 -1.637760
v -3.232900 2.544930 -1.637760
v -5.736510 6.190810 -1.644741
v -4.471210 6.190810 -1.644741
v -3.518360 2.742480 -1.668360
v -3.232900 2.742480 -1.668360
v -4.485690 6.705550 -1.684951
v -4.114610 6.705550 -1.684951
v -4.485690 6.990990 -1.703191
v -4.114610 6.990990 -1.703191
v -4.207340 3.984540 -1.711650
v 2.319770 -0.036100 -1.767590
v 2.319770 0.617800 -1.767590
v -4.207340 1.585180 -1.768130
v 2.395790 0.695210 -1.768320
v 3.776410 0.695210 -1.781510
v 3.852440 -0.036100 -1.782230
v 3.852440 0.617800 -1.782230
v -4.207340 6.194470 -1.806891
v -4.485690 7.752390 -1.837461
v -4.114610 7.752390 -1.837461
v -4.086310 3.435340 -1.854950
v -2.367990 1.603560 -1.872080
v -4.092660 4.475330 -1.898610
v -4.485690 6.147379 -2.022301
v -4.114610 6.147379 -2.022301
v -2.090100 -0.000760 -2.142390
v -4.174210 6.926489 -2.163281
v -0.603200 0.482610 -2.188950
v 0.837170 0.543160 -2.209700
v 1.991250 0.482610 -2.226320
v 2.805330 0.482610 -2.238040
v -4.532640 4.396199 -2.315560
v -4.532640 4.396199 -2.315560
v -3.285520 4.396199 -2.315560
v -3.285520 4.396199 -2.315560
v -4.483280 1.810100 -2.349960
v -2.090100 1.810100 -2.349960
v -2.090100 1.810100 -2.349960
v -0.793190 0.695210 -2.371080
v -0.771150 -0.036100 -2.443840
v -0.771150 0.617810 -2.443840
v -4.174210 7.260900 -2.475161
v -3.692230 5.399749 -2.497011
v -4.349130 3.310010 -2.501851
v -3.569350 3.928890 -2.501851
v -4.277700 3.964290 -2.501851
v -4.485690 7.470759 -2.504441
v -4.114610 7.470759 -2.504441
v -3.604100 1.026480 -2.504750
v -4.174210 6.581349 -2.506231
v -4.476350 6.646450 -2.566951
v -4.174210 6.646450 -2.566951
v -4.174210 6.646450 -2.566951
v -3.882930 6.025019 -2.574181
v -3.843750 5.380060 -2.664411
v -3.706360 5.454750 -2.674431
v -4.031290 5.854439 -2.744331
v -3.504600 5.030230 -2.759701
v -3.941600 5.927849 -2.767451
v -4.349130 3.310010 -2.775420
v -3.569350 3.928890 -2.775420
v -4.277700 3.964290 -2.775420
v -3.731840 5.036299 -2.831251
v -3.617310 5.148320 -2.867721
v 1.845800 0.084890 -2.898390
v -3.404490 4.735440 -2.939491
v -4.460950 1.026480 -2.945560
v -4.299350 6.522290 -2.947741
v -4.110030 6.495619 -3.022761
v -4.110030 6.495619 -3.022761
v -3.582510 4.773950 -3.039480
v -3.445130 4.848639 -3.049500
v -4.180780 6.263909 -3.087041
v -4.180780 6.263909 -3.087041
v -4.043390 6.338600 -3.097061
v -4.043390 6.338600 -3.097061
v 1.335190 0.553590 -3.255970
v 1.335190 0.553590 -3.255970
v -4.126660 6.525290 -3.354101
v 1.297780 1.511570 -3.371600
v 1.297780 1.511570 -3.371600
v -3.371950 4.453030 -3.402761
v -4.164000 6.267700 -3.427311
v -3.589850 4.582500 -3.431520
v -4.026610 6.342390 -3.437321
v -3.452470 4.657190 -3.441540
v 1.156250 0.544390 -3.462460
v 1.156250 1.315540 -3.462460
v -1.766090 8.480960 -3.592501
v -4.532640 4.341509 -3.614791
v -3.285520 4.341509 -3.614791
v -4.098180 6.413869 -3.657471
v -4.098180 6.413869 -3.657471
v -4.112370 6.632360 -3.657961
v -4.112370 6.632360 -3.657961
v -4.243110 6.397099 -3.681961
v -4.243110 6.397099 -3.681961
v -4.375400 6.601920 -3.702401
v -3.702680 5.420589 -3.730021
v -1.766090 9.008180 -3.732101
v -1.766090 9.008180 -3.732101
v -3.747010 5.538070 -3.757031
v -2.664790 0.553590 -3.981440
v -2.664790 0.553590 -3.981440
v -3.512930 4.709360 -4.001300
v -3.375550 4.784050 -4.011321
v -2.604990 1.511570 -4.079430
v -2.604990 1.511570 -4.079430
v -2.493460 0.544399 -4.124390
v -2.493460 1.315539 -4.124390
v -3.297140 4.602640 -4.128340
v -4.099580 6.183839 -4.167691
v -3.962190 6.258530 -4.177711
v -4.011630 6.392220 -4.275551
v -4.349130 3.310010 -4.350821
v -3.569350 3.928890 -4.350821
v -4.277700 3.964290 -4.350821
v -3.610220 4.990960 -4.358850
v -3.472830 5.065650 -4.368861
v -3.958750 5.858299 -4.380570
v -3.821370 5.932980 -4.390590
v -1.518400 1.763470 -4.428250
v -1.518400 1.763470 -4.428250
v -2.428630 7.842320 -4.469291
v -3.767490 5.444440 -4.488040
v -3.427040 4.966450 -4.497440
v -3.630110 5.519130 -4.498050
v -3.831030 5.974710 -4.548570
v -2.392450 1.934449 -4.586780
v -2.392450 1.934449 -4.586780
v -4.349130 3.310010 -4.624310
v -3.569350 3.928890 -4.624310
v -4.277700 3.964290 -4.624310
v -3.616550 5.503449 -4.657880
v -2.442610 8.251009 -4.820281
v -2.442610 8.251009 -4.820281
v -4.532640 4.395989 -4.938820
v -4.532640 4.395989 -4.938820
v -3.285520 4.395989 -4.938820
v -3.285520 4.395989 -4.938820
v -2.926620 4.524630 -5.047221
v -2.926620 5.432829 -5.047221
v -3.017270 4.293620 -5.140911
v -3.017270 5.663840 -5.140911
v -3.898960 1.408469 -5.279090
v -4.581500 3.667179 -5.311471
v -3.153130 3.667179 -5.311471
v -4.438100 1.408469 -5.336560
v -3.359820 1.408469 -5.336560
v -2.904160 7.293479 -5.444251
v -4.903190 1.408469 -5.645540
v -2.894720 1.408469 -5.645540
v 1.779650 1.511569 -5.664830
v 1.779650 1.511569 -5.664830
v 1.180200 0.740879 -5.672240
v -1.250640 1.763469 -5.702510
v -1.250640 1.763469 -5.702510
v -3.346540 6.083089 -5.733011
v 1.869220 0.553589 -5.797440
v 1.869220 0.553589 -5.797440
v -3.153130 3.667179 -5.810211
v -3.213180 4.979169 -5.810211
v -2.124700 1.934449 -5.861030
v -2.124700 1.934449 -5.861030
v -2.243160 3.487179 -5.890080
v -1.786470 3.030929 -5.905170
v -1.795340 2.984779 -5.940461
v -0.306980 0.740879 -5.941960
v -1.727030 3.077070 -5.965560
v -1.770070 2.984779 -5.988300
v -1.735910 3.030929 -6.000851
v -2.342490 3.307379 -6.101351
v -1.881480 3.666989 -6.175351
v -2.732080 1.408469 -6.251790
v -2.042830 0.544399 -6.268930
v -2.042830 1.315539 -6.268930
v -2.211310 3.307379 -6.349621
v 1.215160 0.580629 -6.357670
v -2.123110 1.511569 -6.372660
v -2.123110 1.511569 -6.372660
v 1.118440 -0.031141 -6.375210
v -1.980800 3.487179 -6.386631
v 1.340230 0.763719 -6.433830
v 1.340230 0.763719 -6.433830
v -2.130760 0.553589 -6.522900
v -2.130760 0.553589 -6.522900
v 0.034820 -0.031141 -6.571750
v -0.061900 0.580629 -6.589290
v -0.146950 0.763719 -6.703560
v -0.146950 0.763719 -6.703560
v -3.286480 3.384469 -6.999831
v -3.186540 1.408469 -7.004840
v -2.940270 9.211009 -7.017180
v -4.898450 1.407439 -7.127650
v -2.899470 1.408469 -7.127650
v -2.899470 1.408469 -7.127650
v -5.754910 0.019229 -7.395350
v -5.754910 0.019229 -7.395350
v -1.146450 0.019229 -7.395350
v 3.191770 0.019229 -7.395350
v 7.419050 0.019229 -7.395350
v 7.419050 0.019229 -7.395350
vn 1.0000 -0.0000 -0.0000
vn -0.0000 1.0000 -0.0000
vn -0.0000 0.9995 -0.0312
vn -0.0000 0.9995 -0.0313
vn -0.0000 -1.0000 -0.0000
vn -0.0000 -0.0000 -1.0000
vn -0.0000 -0.0000 1.0000
vn 0.1158 0.9291 0.3512
vn 0.1158 0.9291 0.3511
vn 0.1519 0.9292 -0.3369
vn 0.1518 0.9292 -0.3371
vn -0.1874 0.9425 -0.2767
vn -0.8790 0.0001 0.4768
vn 0.8737 -0.0000 -0.4864
vn -0.8737 0.0001 0.4864
vn -0.0000 -0.8647 0.5024
vn -0.0000 0.0211 0.9998
vn -0.0000 0.0225 -0.9997
vn -0.0000 0.1103 0.9939
vn -0.0000 -0.6007 -0.7995
vn -0.0000 0.8985 -0.4391
vn -0.0000 0.8985 -0.4390
vn -0.8795 -0.0905 0.4671
vn 0.8795 -0.0905 0.4671
vn -0.0000 0.5629 0.8265
vn -0.0000 0.4314 -0.9022
vn -0.8660 -0.0765 -0.4941
vn -0.4871 -0.7682 -0.4155
vn 0.4871 -0.7682 -0.4155
vn 0.8660 -0.0765 -0.4941
vn 0.4694 0.5743 -0.6707
vn 0.4693 0.5743 -0.6708
vn -0.4693 0.5743 -0.6707
vn -0.0000 -0.1531 -0.9882
vn -0.0000 -0.5444 -0.8388
vn -0.0000 -0.5445 -0.8388
vn -0.0001 0.1552 0.9879
vn 0.0001 0.1551 0.9879
vn -0.0000 0.1550 0.9879
vn -0.0000 0.1551 0.9879
vn -0.0001 0.1550 0.9879
vn 0.0001 -0.5444 -0.8388
vn -0.0002 0.1552 0.9879
vn -0.0000 0.1552 0.9879
vn 0.9428 0.0510 0.3296
vn 0.5172 -0.6637 0.5404
vn -0.5172 -0.6637 0.5404
vn -0.9428 0.0510 0.3296
vn -0.5444 0.8164 0.1924
vn 0.5444 0.8165 0.1924
vn -0.0000 0.4121 0.9111
vn 0.9998 -0.0000 0.0213
vn -0.9999 -0.0000 0.0129
vn 0.9992 0.0002 -0.0390
vn 0.9992 -0.0000 -0.0393
vn -0.9949 -0.0003 0.1011
vn -0.9949 -0.0000 0.1007
vn -0.0000 0.9498 -0.3127
vn -0.0000 -0.9908 -0.1355
vn -0.0000 0.0515 0.9987
vn -0.0000 0.9871 -0.1600
vn -0.0000 -0.9987 -0.0502
vn -0.0000 0.0837 -0.9965
vn -0.0000 0.0755 0.9971
vn -0.1977 0.9739 0.1115
vn -0.1314 -0.9824 0.1329
vn -0.0000 0.9999 -0.0157
vn -0.0000 -0.9994 -0.0360
vn -0.1977 0.9739 -0.1115
vn -0.1314 -0.9824 -0.1329
vn -1.0000 -0.0000 -0.0000
vn -0.0000 -0.6821 -0.7313
vn -0.0000 -0.7049 0.7094
vn -0.0000 0.1477 -0.9890
vn -0.0000 -0.6821 0.7313
vn -0.0000 -0.7049 -0.7094
vn -0.0000 0.1477 0.9890
vn -0.0000 0.9301 0.3672
vn -0.0000 0.0638 0.9980
vn -0.0000 0.2137 -0.9769
vn -0.0000 0.2138 -0.9769
vn -0.0000 0.7274 0.6862
vn -0.0000 -0.7516 0.6596
vn -0.0000 0.7638 -0.6454
vn -0.0000 0.9842 -0.1771
vn -0.0000 0.1613 0.9869
vn -0.0000 -0.8686 -0.4954
vn -0.0000 0.4393 -0.8983
vn 0.9837 0.1787 -0.0191
vn 0.1589 -0.8298 0.5349
vn 0.1487 -0.8567 -0.4938
vn 0.0127 -0.1492 -0.9887
vn 0.0339 -0.1063 0.9938
vn -0.4991 0.2554 0.8280
vn -0.4992 0.2553 0.8280
vn 0.3675 0.1464 0.9184
vn 0.3676 0.1464 0.9184
vn -0.9471 0.0707 -0.3130
vn -0.7533 -0.1714 0.6349
vn 0.1856 -0.3164 0.9303
vn 0.7443 0.0215 -0.6675
vn -0.1976 0.1676 -0.9659
vn 0.0718 0.9770 0.2009
vn 0.9786 -0.0000 0.2056
vn 0.1850 0.9820 0.0389
vn -0.9786 -0.0000 -0.2056
vn 0.1784 -0.0000 -0.9839
vn -0.1785 -0.0000 0.9839
vn 0.1785 -0.0000 -0.9839
vn -0.0052 0.9996 0.0289
vn -0.0050 -0.9996 0.0277
vn 0.9662 -0.1586 0.2031
vn 0.9662 -0.1586 0.2030
vn -0.9662 -0.1586 -0.2030
vn -0.1737 0.2293 0.9577
vn 0.1737 0.2293 -0.9577
vn -0.0124 -0.9999 -0.0026
vn 0.3573 -0.0000 0.9340
vn 0.0271 0.9955 0.0911
vn 0.0272 0.9955 0.0911
vn -0.9995 -0.0000 0.0316
vn 0.1685 0.0045 0.9857
vn -0.1685 0.0045 -0.9857
vn -0.1685 0.0044 -0.9857
vn -0.8086 -0.5884 0.0029
vn 0.8390 0.5442 -0.0031
vn 0.1465 0.0034 0.9892
vn -0.1465 0.0034 -0.9892
vn 0.8044 -0.5929 -0.0378
vn -0.8351 0.5487 0.0392
vn 0.1693 0.0044 0.9855
vn 0.1693 0.0044 0.9856
vn -0.1693 0.0044 -0.9855
vn -0.8088 -0.5881 0.0014
vn 0.8391 0.5440 -0.0015
vn 0.1510 0.0033 0.9885
vn -0.1510 0.0033 -0.9885
vn 0.8052 -0.5921 -0.0315
vn -0.8359 0.5479 0.0327
vn -0.8567 0.2268 -0.4633
vn -0.4744 -0.0718 0.8774
vn 0.8781 -0.0584 0.4749
vn 0.4619 0.2392 -0.8541
vn -0.4433 0.2338 0.8653
vn -0.4433 0.2338 0.8654
vn 0.8871 -0.0812 0.4544
vn 0.4549 -0.0659 -0.8881
vn -0.8622 0.2479 -0.4417
vn 0.5181 0.2414 -0.8205
vn 0.5181 0.2413 -0.8206
vn -0.8433 -0.0730 -0.5324
vn -0.5324 -0.0741 0.8432
vn 0.8208 0.2404 0.5182
vn 0.8552 0.2292 0.4648
vn 0.8552 0.2293 0.4648
vn 0.4764 -0.0692 -0.8765
vn -0.8770 -0.0610 -0.4766
vn -0.4639 0.2368 0.8536
vn -0.8433 -0.0730 -0.5325
vn -0.5325 -0.0741 0.8432
vn 0.8207 0.2404 0.5183
vn -0.4433 0.2339 0.8653
vn -0.8622 0.2479 -0.4418
vn -0.8567 0.2269 -0.4633
vn -0.8567 0.2268 -0.4632
vn -0.4745 -0.0718 0.8773
vn 0.8553 0.2293 0.4647
vn -0.4639 0.2369 0.8536
vn -0.4638 0.2368 0.8537
vn 0.9998 -0.0000 0.0184
vn -0.9997 -0.0000 -0.0244
vn 0.8216 0.3695 0.4341
vn -0.4420 -0.8661 -0.2335
vn 0.7821 -0.4666 0.4131
vn 0.7820 -0.4666 0.4132
vn -0.6136 0.7200 -0.3242
vn -0.6136 0.7199 -0.3242
vn -0.6137 0.7199 -0.3242
vn 0.8519 0.3695 -0.3712
vn 0.8519 0.3695 -0.3711
vn -0.4583 -0.8661 0.1997
vn 0.8109 -0.4666 -0.3533
vn 0.8109 -0.4665 -0.3532
vn 0.8110 -0.4664 -0.3533
vn -0.6363 0.7199 0.2772
vn -0.0000 0.0022 -1.0000
vn 0.9996 0.0274 -0.0000
vn 0.9960 -0.0897 -0.0000
vn 0.9994 0.0332 -0.0000
vn 0.9941 -0.1085 -0.0000
vn 0.1156 0.9292 0.3511
vn 0.1518 0.9292 -0.3370
vn -0.0000 0.9963 0.0855
vn -0.0000 0.9963 0.0854
vn -0.0000 0.0767 0.9971
vn -0.0000 0.9963 -0.0854
vn -0.0000 0.9963 -0.0855
vn -0.0000 -0.1139 0.9935
vn -0.0000 0.0767 -0.9971
vn -0.0000 1.0000 0.0016
vn 0.0144 -0.0000 0.9999
vn -0.0144 -0.0000 -0.9999
vn 1.0000 -0.0000 0.0084
vn -1.0000 -0.0000 -0.0084
vn -0.9998 -0.0000 -0.0174
vn 0.9998 -0.0000 0.0174
vn 0.0757 0.9970 0.0167
vn 0.0493 0.9963 -0.0699
vn 0.8316 0.0948 0.5473
vn -0.1299 -0.9914 0.0154
vn -0.6744 0.5367 -0.5072
vn -0.6744 0.5366 -0.5072
vn 0.0782 0.9954 -0.0548
vn -0.8055 0.1918 0.5607
vn 0.0016 -1.0000 -0.0008
vn 0.7313 0.4539 -0.5092
vn -0.2787 0.7642 -0.5816
vn -0.2787 0.7642 -0.5817
vn 0.3272 -0.5333 0.7801
vn 0.2838 -0.4638 -0.8393
vn -0.6729 -0.5375 -0.5082
vn -0.6730 -0.5375 -0.5082
vn -0.9874 0.0547 0.1486
vn -0.9874 0.0546 0.1488
vn -0.4541 0.7413 0.4942
vn -0.4541 0.7413 0.4941
vn 0.5432 0.8267 0.1466
vn 0.5431 0.8268 0.1466
vn 0.8446 0.1860 -0.5020
vn 0.8447 0.1860 -0.5020
vn 0.3806 -0.6215 -0.6847
vn -0.6261 -0.7035 -0.3363
vn -0.9317 -0.0812 0.3541
vn -0.9317 -0.0811 0.3541
vn -0.3602 0.5882 0.7241
vn 0.6403 0.6687 0.3780
vn 0.6404 0.6686 0.3780
vn 0.9484 0.0530 -0.3127
vn 0.9484 0.0529 -0.3127
vn 0.1122 0.3035 0.9462
vn 0.1123 0.3035 0.9462
vn -0.1700 0.0125 -0.9854
vn -0.1703 0.0125 -0.9853
vn 0.3969 0.5086 0.7640
vn 0.3968 0.5086 0.7641
vn 0.2516 0.7199 -0.6469
vn 0.2517 0.7199 -0.6468
vn 0.2520 0.7199 -0.6467
vn 0.2520 0.7200 -0.6466
vn -0.3760 -0.8584 0.3489
vn -0.3760 -0.8585 0.3488
vn 0.1122 0.3035 -0.9462
vn 0.1123 0.3035 -0.9462
vn 0.1122 0.3036 -0.9462
vn -0.1703 0.0125 0.9853
vn -0.1700 0.0125 0.9854
vn 0.3968 0.5086 -0.7641
vn 0.3967 0.5087 -0.7641
vn 0.2519 0.7198 0.6468
vn 0.2520 0.7199 0.6467
vn 0.2518 0.7199 0.6468
vn -0.3760 -0.8584 -0.3488
vn -0.3760 -0.8584 -0.3489
vn -0.3760 -0.8585 -0.3488
vn 0.8663 -0.0163 -0.4992
vn 0.8663 -0.0162 -0.4992
vn -0.8662 0.0170 0.4995
vn -0.8662 0.0167 0.4994
vn -0.3015 0.0004 0.9535
vn -0.3015 0.0003 0.9535
vn 0.3012 0.0004 -0.9535
vn 0.3012 0.0003 -0.9536
vn 0.3012 0.0004 -0.9536
vn 0.3014 -0.0001 -0.9535
vn -0.8790 0.0001 0.4767
vn -0.8790 0.0002 0.4769
vn 0.8790 0.0002 -0.4769
vn 0.8789 0.0002 -0.4769
vn 0.8790 0.0003 -0.4768
vn 0.8738 0.0002 -0.4863
vn 0.8738 0.0001 -0.4863
vn 0.8737 0.0003 -0.4865
vn 0.8738 0.0001 -0.4864
vn -0.8737 0.0002 0.4864
vn -0.8737 0.0002 0.4865
vn -0.8738 0.0005 0.4862
vn 0.9844 -0.1685 -0.0500
vn 0.9790 0.2015 -0.0307
vn 0.9966 -0.0735 0.0360
vn 0.9837 0.0055 0.1796
vn 0.9991 0.0147 0.0390
vn 0.9804 0.1430 -0.1357
vn -0.9844 -0.1685 -0.0500
vn -0.9966 -0.0735 0.0360
vn -0.9790 0.2015 -0.0307
vn -0.9837 0.0055 0.1796
vn -0.9804 0.1430 -0.1357
vn -0.9991 0.0147 0.0390
vn -0.0000 0.3213 -0.9470
vn -0.0000 0.7472 -0.6646
vn -0.0000 0.6240 -0.7814
vn -0.0000 0.9762 -0.2168
vn -0.0000 0.9762 -0.2167
vn -0.9919 0.1267 -0.0096
vn -0.9984 -0.0310 0.0463
vn -0.9995 0.0293 -0.0068
vn 0.9987 -0.0494 0.0110
vn 0.9993 -0.0269 -0.0257
vn 0.9988 0.0372 -0.0332
vn 0.0246 0.9606 0.2768
vn 0.1356 0.9860 0.0967
vn 0.0540 0.9665 0.2510
vn 0.1461 0.9861 0.0797
vn -0.0172 0.9587 -0.2840
vn 0.1063 0.8880 -0.4474
vn 0.0998 0.9887 -0.1117
vn -0.0778 0.9294 0.3607
vn -0.1053 0.9609 0.2560
vn -0.1723 0.9842 0.0398
vn 0.1033 0.9124 0.3962
vn 0.0295 0.9782 -0.2056
vn -0.0790 0.9881 -0.1318
vn -0.0180 0.9063 -0.4222
vn -0.1864 0.0639 0.9804
vn -0.1430 0.0508 0.9884
vn -0.1792 0.0727 0.9811
vn -0.1688 0.0296 -0.9852
vn -0.1831 0.0232 -0.9828
vn -0.1336 0.0078 -0.9910
vn -0.1328 0.0336 -0.9906
vn -0.1186 0.0390 -0.9922
vn -0.1730 0.0378 -0.9842
vn -0.1645 0.0799 0.9831
vn -0.1571 0.0975 0.9828
vn -0.1244 0.0751 0.9894
vn -0.0781 -0.0297 -0.9965
vn -0.0516 -0.0543 -0.9972
vn -0.1007 0.0081 -0.9949
vn -0.0962 0.0363 0.9947
vn -0.1093 0.0259 0.9937
vn -0.0618 -0.0245 0.9978
vn 0.0943 -0.0075 -0.9955
vn 0.1075 -0.0179 -0.9940
vn 0.0584 -0.0674 -0.9960
vn 0.0764 0.0111 0.9970
vn 0.0494 -0.0128 0.9987
vn 0.1013 0.0486 0.9937
vn 0.1647 0.0355 -0.9857
vn 0.1582 0.0529 -0.9860
vn 0.1240 0.0317 -0.9918
vn 0.1350 0.0741 0.9881
vn 0.1214 0.0797 0.9894
vn 0.1757 0.0774 0.9814
vn 0.1861 0.0194 -0.9823
vn 0.1425 0.0065 -0.9898
vn 0.1793 0.0280 -0.9834
vn 0.1712 0.0693 0.9828
vn 0.1846 0.0628 0.9808
vn 0.1355 0.0486 0.9896
vn 0.7291 0.6476 0.2212
vn 0.7482 0.4766 0.4615
vn 0.8978 0.2714 0.3467
vn 0.9255 0.3736 0.0620
vn 0.9191 0.3909 0.0504
vn 0.9319 0.3592 0.0500
vn 0.9166 0.3938 0.0695
vn 0.9140 0.4044 0.0337
vn 0.9248 0.3803 -0.0118
vn 0.9272 0.3718 0.0448
vn 0.9267 0.3734 0.0420
vn 0.9397 0.3400 0.0369
vn 0.9315 0.3566 0.0725
vn 0.9437 0.3298 -0.0260
vn 0.9580 0.2822 0.0503
vn 0.9344 0.3331 0.1262
vn 0.9320 0.3583 0.0539
vn -0.8287 0.5379 -0.1550
vn -0.4605 0.8032 -0.3779
vn -0.3675 -0.1464 -0.9184
vn 0.0390 0.8132 -0.5807
vn 0.4702 0.5612 -0.6812
vn 0.7115 0.1765 -0.6802
vn 0.7538 -0.2454 -0.6095
vn 0.7539 -0.2454 -0.6095
vn 0.5902 -0.6500 -0.4787
vn 0.2036 -0.9358 -0.2876
vn -0.3120 -0.9467 -0.0800
vn -0.7359 -0.6748 0.0554
vn -0.9583 -0.2740 0.0809
vn -0.9889 0.1484 0.0068
vn -0.1605 0.9634 -0.2148
vn -0.0353 0.9910 -0.1295
vn -0.0408 0.9815 -0.1870
vn -0.0183 0.9925 -0.1205
vn 0.0180 0.9940 0.1081
vn 0.0110 0.9921 0.1246
vn 0.0255 0.9749 0.2211
vn -0.0297 0.9621 0.2710
vn 0.0217 0.9765 -0.2143
vn 0.0827 0.9677 0.2383
vn 0.0840 0.9030 -0.4214
vn -0.0322 0.9341 -0.3556
vn -0.0082 0.9875 -0.1575
vn -0.0276 0.9816 -0.1891
vn -0.1440 0.9049 -0.4006
vn 0.0302 0.9920 0.1228
vn 0.0399 0.9803 0.1935
vn 0.0887 0.9755 0.2015
vn 0.0166 0.9937 0.1105
vn 0.0024 0.9743 0.2253
vn -0.1568 0.8986 -0.4098
vn 0.0029 0.9885 -0.1510
vn 0.0184 0.9564 -0.2915
vn 0.0189 0.9917 -0.1272
vn 0.0191 0.9931 0.1153
vn 0.0327 0.9924 0.1183
vn 0.0749 0.9700 0.2312
vn 0.0400 0.9657 0.2567
vn 0.2229 0.8965 -0.3830
vn 0.1662 0.9474 0.2734
vn -0.7482 -0.6298 -0.2086
vn -0.2983 -0.8176 -0.4925
vn -0.3586 -0.9274 0.1069
vn -0.7398 -0.5762 0.3475
vn -0.2882 -0.7002 0.6532
vn 0.1868 -0.8970 0.4007
vn 0.1882 -0.9628 -0.1938
vn 0.5119 0.6298 -0.5842
vn -0.0200 0.8176 -0.5755
vn 0.3586 0.9273 -0.1069
vn -0.2636 0.9628 -0.0591
vn 0.0631 0.8970 0.4376
vn 0.5988 0.7002 0.3888
vn 0.8093 0.5762 -0.1142
vn -0.3394 -0.3176 -0.8854
vn -0.0302 -0.6923 -0.7210
vn -0.5768 -0.6357 -0.5130
vn -0.7699 -0.1768 -0.6132
vn -0.9129 -0.3790 -0.1516
vn -0.6401 -0.7661 0.0577
vn -0.1757 -0.9554 -0.2373
vn 0.9047 0.2567 0.3400
vn 0.7993 0.6004 -0.0248
vn 0.5768 0.6357 0.5130
vn 0.3636 0.9299 0.0559
vn 0.0278 0.8442 0.5353
vn 0.1699 0.4616 0.8707
vn 0.6030 0.1944 0.7737
vn 0.8714 0.1369 0.4712
vn 0.8896 0.1515 -0.4309
vn 0.9383 0.1879 0.2905
vn 0.4712 0.1369 -0.8714
vn -0.4310 0.1515 -0.8896
vn 0.2905 0.1879 -0.9383
vn -0.8713 0.1369 -0.4712
vn -0.8896 0.1515 0.4309
vn -0.9383 0.1879 -0.2904
vn -0.0512 0.9325 -0.3574
vn -0.2406 0.9384 -0.2479
vn -0.3288 0.9427 -0.0571
vn -0.2956 0.9442 0.1452
vn -0.1558 0.9428 0.2948
vn 0.0489 0.9386 0.3416
vn 0.2512 0.9327 0.2588
vn 0.3688 0.9273 0.0640
vn 0.3410 0.9250 -0.1674
vn 0.1750 0.9272 -0.3312
vn -0.3112 0.9326 -0.1830
vn -0.3439 0.9384 0.0334
vn -0.2497 0.9427 0.2213
vn -0.0710 0.9442 0.3215
vn 0.1332 0.9428 0.3057
vn 0.2975 0.9386 0.1749
vn 0.3590 0.9327 -0.0348
vn 0.2802 0.9273 -0.2482
vn 0.0820 0.9250 -0.3709
vn -0.1496 0.9272 -0.3434
vn -0.1741 0.9776 -0.1187
vn -0.1868 0.9824 -0.0049
vn -0.0105 0.9995 -0.0311
vn -0.1296 0.9867 0.0978
vn -0.0228 0.9888 0.1473
vn 0.0899 0.9879 0.1261
vn 0.1725 0.9841 0.0417
vn 0.1879 0.9791 -0.0784
vn 0.1303 0.9747 -0.1817
vn 0.0229 0.9726 -0.2315
vn -0.0958 0.9736 -0.2073
vn 0.3381 -0.0515 0.9397
vn 0.8662 -0.0173 -0.4994
vn 0.8661 -0.0181 -0.4995
vn 0.8663 -0.0169 -0.4993
vn -0.8663 0.0159 0.4993
vn -0.8663 0.0162 0.4993
vn -0.8664 0.0151 0.4992
vn -0.3014 -0.0004 0.9535
vn -0.3011 -0.0015 0.9536
vn -0.3014 -0.0003 0.9535
vn 0.3015 -0.0007 -0.9535
vn 0.3014 -0.0004 -0.9535
vn 0.3016 -0.0015 -0.9534
vn -0.0000 -0.8996 -0.4367
vn 0.0123 -0.0213 -0.9997
vn 0.0022 -0.0000 -1.0000
vn -0.0029 -0.0320 -0.9995
vn -0.0009 -0.0519 -0.9987
vn 0.0150 0.9999 0.0011
vn 0.0357 0.9994 0.0027
vn 0.0489 0.9988 0.0038
vn 0.1265 -0.9919 0.0097
vn 0.0022 -1.0000 0.0002
vn 0.0055 -1.0000 0.0004
vn 0.0177 0.9998 0.0014
vn -0.0202 0.9998 -0.0015
vn 0.0170 -0.9999 0.0013
vn -0.0215 -0.9998 -0.0016
vn -0.0119 -0.0144 -0.9998
vn -0.0137 -0.0345 -0.9993
vn -0.0534 0.9986 -0.0042
vn -0.0545 0.9985 -0.0042
vn -0.0517 0.9987 -0.0044
vn -0.0516 0.9987 -0.0045
vn -0.0404 -0.9992 -0.0035
vn -0.1181 -0.9929 -0.0104
vn -0.1186 -0.9929 -0.0095
vn 0.0112 -0.9999 0.0009
vn -0.0152 0.0053 -0.9999
vn -0.0200 -0.0000 -0.9998
vn -0.0183 0.0037 -0.9998
vn -0.0137 -0.0047 -0.9999
vn -0.1116 0.9937 -0.0000
vn 0.0311 0.9995 -0.0000
vn -0.0340 0.9994 -0.0000
vn 0.1116 -0.9937 -0.0000
vn 0.0340 -0.9994 -0.0000
vn -0.0311 -0.9995 -0.0000
vn -0.0152 0.9999 -0.0000
vn 0.0369 0.9993 -0.0000
vn -0.0369 -0.9993 -0.0000
vn 0.0152 -0.9999 -0.0000
vn 0.0303 0.9995 -0.0000
vn -0.0265 0.9996 -0.0000
vn 0.0265 -0.9996 -0.0000
vn -0.0303 -0.9995 -0.0000
vn 0.1055 0.9944 -0.0000
vn -0.1055 -0.9944 -0.0000
vn -0.8652 -0.3918 -0.3129
vn -0.8715 -0.3819 -0.3076
vn -0.8652 -0.3919 -0.3129
vn -0.8610 -0.3983 -0.3164
vn -0.8420 -0.0559 0.5366
vn -0.8381 -0.0451 0.5437
vn -0.8445 -0.0629 0.5319
vn 0.8420 -0.0559 0.5366
vn 0.8335 -0.0593 0.5494
vn 0.8469 -0.0538 0.5290
vn 0.8652 -0.3918 -0.3129
vn 0.8692 -0.3939 -0.2989
vn 0.8627 -0.3906 -0.3212
vn 0.9336 -0.3468 -0.0904
vn 0.9498 -0.2983 -0.0944
vn 0.9567 -0.2911 -0.0010
vn 0.9503 -0.3044 0.0647
vn 0.9442 -0.1665 0.2843
vn 0.9467 -0.2122 0.2423
vn 0.9253 -0.1213 0.3593
vn 0.9252 -0.0831 0.3703
vn 0.9550 -0.2601 0.1426
vn 0.9590 -0.2389 0.1528
vn 1.0000 -0.0026 0.0096
vn 0.9835 0.1551 -0.0928
vn 0.9283 -0.3450 -0.1388
vn 0.9499 -0.2907 -0.1145
vn 0.9195 -0.0170 0.3927
vn 0.9092 -0.0377 0.4146
vn 0.9184 0.3249 0.2259
vn -0.9336 -0.3468 -0.0904
vn -0.9503 -0.3044 0.0647
vn -0.9567 -0.2911 -0.0010
vn -0.9498 -0.2983 -0.0944
vn -0.9442 -0.1665 0.2843
vn -0.9252 -0.0831 0.3703
vn -0.9253 -0.1213 0.3593
vn -0.9467 -0.2122 0.2423
vn -0.9590 -0.2388 0.1528
vn -0.9550 -0.2601 0.1426
vn -1.0000 -0.0026 0.0096
vn -0.9835 0.1551 -0.0928
vn -0.9499 -0.2907 -0.1145
vn -0.9283 -0.3451 -0.1388
vn -0.9092 -0.0377 0.4146
vn -0.9195 -0.0170 0.3927
vn -0.9184 0.3249 0.2259
vn -0.0000 0.0050 -1.0000
vn -0.0000 -0.2086 -0.9780
vn -0.0000 0.1715 -0.9852
vn -0.0000 0.5954 -0.8034
vn -0.0000 0.7007 -0.7134
vn 0.4965 0.5413 -0.6786
vn 0.5039 0.5408 -0.6735
vn 0.4689 0.5048 -0.7248
vn 0.4285 0.5015 -0.7516
vn 0.9717 -0.0703 -0.2257
vn 0.9722 -0.0794 -0.2203
vn 0.9454 -0.0885 -0.3136
vn 0.9276 -0.0580 -0.3691
vn 0.5672 -0.7973 0.2062
vn 0.5620 -0.8046 0.1920
vn 0.5601 -0.8244 0.0815
vn 0.5724 -0.8172 0.0664
vn -0.5673 -0.7973 0.2061
vn -0.5616 -0.8065 0.1849
vn -0.5601 -0.8244 0.0815
vn -0.5731 -0.8147 0.0882
vn -0.9716 -0.0703 -0.2257
vn -0.9641 -0.0901 -0.2499
vn -0.9454 -0.0885 -0.3136
vn -0.9517 -0.0477 -0.3034
vn -0.4855 0.5315 -0.6941
vn -0.5096 0.5429 -0.6675
vn -0.4689 0.5048 -0.7248
vn -0.4474 0.5342 -0.7172
vn 0.4720 0.7588 -0.4488
vn 0.3885 0.7923 -0.4705
vn 0.4331 0.5903 -0.6812
vn 0.5482 0.5871 -0.5957
vn 0.9985 -0.0294 -0.0454
vn 0.9981 0.0095 0.0605
vn 0.9663 -0.1146 -0.2305
vn 0.9724 -0.1270 -0.1957
vn 0.4292 -0.8078 0.4041
vn 0.4032 -0.7077 0.5802
vn 0.4421 -0.8882 0.1249
vn 0.5036 -0.8626 0.0493
vn -0.4318 -0.8261 0.3622
vn -0.4081 -0.7360 0.5402
vn -0.4421 -0.8882 0.1249
vn -0.5297 -0.8311 0.1694
vn -0.9983 -0.0315 -0.0486
vn -0.9983 0.0091 0.0578
vn -0.9663 -0.1146 -0.2305
vn -0.9585 -0.1552 -0.2391
vn -0.4391 0.7385 -0.5116
vn -0.4434 0.8184 -0.3656
vn -0.4331 0.5903 -0.6812
vn -0.5285 0.4881 -0.6946
vn 0.5732 0.8032 -0.1622
vn 0.5704 0.8109 -0.1308
vn 0.5721 0.7962 -0.1970
vn 0.5721 0.7961 -0.1970
vn 1.0000 -0.0004 -0.0029
vn 0.9992 0.0093 0.0396
vn 0.9987 -0.0078 -0.0501
vn 0.5733 -0.8037 0.1595
vn 0.5707 -0.7887 0.2287
vn 0.5731 -0.8153 0.0825
vn -0.5733 -0.8034 0.1608
vn -0.5707 -0.7887 0.2287
vn -0.5731 -0.8153 0.0825
vn -1.0000 -0.0004 -0.0029
vn -0.9992 0.0093 0.0396
vn -0.9987 -0.0078 -0.0501
vn -0.5732 0.8030 -0.1635
vn -0.5704 0.8109 -0.1308
vn -0.5721 0.7962 -0.1970
vn 0.9971 0.0124 0.0752
vn 0.9831 0.0273 0.1808
vn 0.9831 0.0272 0.1808
vn 0.9979 0.0107 0.0643
vn 0.5646 -0.7707 0.2953
vn 0.5730 -0.7984 0.1850
vn 0.5556 -0.7481 0.3629
vn 0.5556 -0.7481 0.3628
vn -0.5639 -0.7712 0.2953
vn -0.5730 -0.7984 0.1850
vn -0.5556 -0.7481 0.3629
vn -0.9929 0.0183 0.1179
vn -0.9998 0.0045 0.0185
vn -0.9831 0.0272 0.1808
vn -0.9831 0.0273 0.1808
vn -0.5700 0.8212 -0.0273
vn -0.5723 0.8076 -0.1422
vn -0.5651 0.8237 0.0468
vn 0.5705 0.8209 -0.0272
vn 0.5723 0.8076 -0.1422
vn 0.5652 0.8237 0.0468
vn 0.9990 0.0207 0.0384
vn 0.9991 0.0228 0.0352
vn 0.9999 0.0070 0.0107
vn 0.9999 -0.0040 -0.0141
vn 0.5512 -0.6329 0.5438
vn 0.5539 -0.6321 0.5419
vn 0.5616 -0.6929 0.4522
vn 0.5656 -0.7399 0.3642
vn -0.5511 -0.6329 0.5438
vn -0.5538 -0.6308 0.5435
vn -0.5615 -0.6921 0.4535
vn -0.5655 -0.7394 0.3654
vn -0.9990 0.0207 0.0384
vn -0.9990 0.0243 0.0374
vn -0.9999 0.0071 0.0109
vn -0.9999 -0.0040 -0.0139
vn -0.5578 0.6864 -0.4665
vn -0.5572 0.6869 -0.4666
vn -0.5613 0.7071 -0.4301
vn -0.5625 0.7258 -0.3961
vn 0.5580 0.6863 -0.4665
vn 0.5628 0.7164 -0.4124
vn 0.5615 0.7170 -0.4131
vn 0.5572 0.6869 -0.4666
vn 0.9579 0.0898 0.2726
vn 0.9332 0.0557 0.3551
vn 0.3751 -0.5326 0.7587
vn 0.4531 -0.5441 0.7062
vn -0.3751 -0.5327 0.7586
vn -0.4156 -0.4795 0.7729
vn -0.9579 0.0898 0.2726
vn -0.9662 0.0400 0.2546
vn -0.4681 0.8726 -0.1393
vn -0.5724 0.7976 -0.1900
vn 0.4681 0.8726 -0.1393
vn 0.5724 0.7976 -0.1900
vn 0.9921 -0.0474 -0.1162
vn 0.9911 -0.0550 -0.1216
vn 0.5635 -0.7490 0.3485
vn 0.5646 -0.7475 0.3498
vn -0.5635 -0.7487 0.3492
vn -0.5646 -0.7488 0.3471
vn -0.9921 -0.0474 -0.1163
vn -0.9931 -0.0482 -0.1065
vn -0.5289 0.5850 -0.6149
vn -0.5329 0.5735 -0.6222
vn 0.5289 0.5850 -0.6149
vn 0.5329 0.5735 -0.6222
vn -0.5444 0.8165 0.1925
vn 0.5444 0.8164 0.1925
vn 0.4697 0.2686 0.8410
vn 0.3625 0.4083 0.8378
vn 0.4872 0.0031 0.8733
vn 0.4065 -0.1455 0.9020
vn 0.2671 -0.0490 -0.9624
vn 0.2116 -0.2732 -0.9384
vn 0.2763 -0.2037 -0.9392
vn 0.2253 0.0348 -0.9737
vn 0.1224 -0.3052 0.9444
vn -0.0788 -0.3072 0.9484
vn -0.0393 -0.3552 -0.9340
vn 0.0673 -0.3552 -0.9324
vn -0.3868 -0.1729 0.9058
vn -0.4668 -0.0310 0.8838
vn -0.2636 -0.2210 -0.9390
vn -0.1957 -0.2951 -0.9352
vn -0.4871 0.2395 0.8399
vn -0.3870 0.3733 0.8431
vn -0.2372 0.0174 -0.9713
vn -0.2809 -0.0710 -0.9571
vn -0.1221 0.5324 0.8376
vn 0.0767 0.5343 0.8418
vn 0.0443 0.1109 -0.9928
vn -0.0721 0.1102 -0.9913
vn 0.9988 0.0090 0.0489
vn 1.0000 -0.0048 -0.0067
vn 0.5642 -0.7714 0.2943
vn 0.5641 -0.7805 0.2694
vn -0.5642 -0.7714 0.2944
vn -0.5640 -0.7807 0.2691
vn -0.9988 0.0088 0.0478
vn -1.0000 -0.0049 -0.0069
vn -0.5702 0.8012 -0.1814
vn -0.5665 0.7739 -0.2831
vn 0.5703 0.8015 -0.1799
vn 0.5672 0.7733 -0.2832
vn 0.9982 -0.0064 -0.0593
vn 0.9982 -0.0062 -0.0594
vn 0.5745 -0.8128 0.0960
vn 0.5746 -0.8128 0.0959
vn -0.5745 -0.8128 0.0960
vn -0.5746 -0.8128 0.0960
vn -0.9982 -0.0063 -0.0592
vn -0.9982 -0.0062 -0.0592
vn -0.5685 0.7899 -0.2300
vn -0.5684 0.7899 -0.2300
vn 0.5685 0.7899 -0.2301
vn 0.5684 0.7899 -0.2301
vn 0.9972 -0.0630 0.0405
vn 0.9980 -0.0000 0.0626
vn -0.0035 0.9929 -0.1191
vn -0.0046 0.9968 -0.0798
vn -0.0020 0.9970 -0.0780
vn -0.0000 0.9923 -0.1241
vn -0.9953 0.0785 -0.0564
vn -0.9996 -0.0000 -0.0297
vn -0.0036 0.9990 0.0446
vn -0.0031 0.9939 0.1100
vn -0.9989 -0.0400 0.0224
vn 0.9990 0.0452 -0.0050
vn 0.9999 -0.0000 0.0172
vn -0.0056 0.9829 0.1839
vn -0.0000 0.9805 0.1964
vn -0.0047 0.9803 -0.1972
vn -0.0195 0.9835 -0.1797
vn 0.0080 0.9786 -0.2055
vn 0.0084 0.9807 -0.1952
vn -0.1079 -0.0000 -0.9942
vn 0.0292 -0.0000 -0.9996
vn 0.0291 -0.0000 -0.9996
vn -0.0124 -0.0000 0.9999
vn -0.0621 -0.0000 0.9981
vn 0.0282 -0.0000 0.9996
vn 0.0618 -0.0000 0.9981
vn 0.1318 -0.0000 -0.9913
vn 0.0067 0.9822 -0.1876
vn -0.0101 0.9865 -0.1637
vn 0.0035 0.9866 0.1633
vn 0.0170 0.9899 0.1409
vn -0.0024 0.9849 0.1731
vn -0.0058 0.9841 0.1776
vn -0.9949 -0.0004 0.1012
vn -0.9948 -0.0006 0.1014
vn -0.1198 0.0057 -0.9928
vn -0.0173 0.0058 -0.9998
vn -0.0318 -0.0000 0.9995
vn -0.0791 -0.0000 0.9969
vn 0.0136 -0.0000 0.9999
vn -0.0019 0.9853 0.1708
vn 0.0087 0.9884 0.1519
vn 0.0570 -0.0000 0.9984
vn 0.0775 0.0058 -0.9970
vn 0.9939 0.1097 -0.0074
vn 0.9940 0.1093 -0.0080
vn 0.9968 0.0794 -0.0055
vn 0.9996 0.0279 -0.0017
vn -0.0000 0.2222 -0.9750
vn -0.0000 0.1153 -0.9933
vn -0.0000 -0.0132 -0.9999
vn -0.0000 0.1525 0.9883
vn -0.0000 0.0806 0.9967
vn -0.0000 -0.0033 1.0000
vn 1.0000 0.0005 -0.0000
vn -0.0000 -0.0712 0.9975
vn -0.0000 -0.1178 -0.9930
vn -0.0000 -0.3812 -0.9245
vn 0.9899 0.1411 0.0106
vn 0.9886 0.1492 0.0206
vn 0.9940 0.1088 0.0081
vn 0.9992 0.0408 -0.0014
vn -0.0000 0.0435 -0.9991
vn -0.0000 -0.0157 -0.9999
vn -0.0000 -0.0974 -0.9952
vn 1.0000 0.0009 -0.0001
vn -0.0000 -0.1761 -0.9844
vn -0.0000 -0.1172 0.9931
vn -0.0000 -0.3583 0.9336
vn -0.0000 0.1354 0.9908
vn -0.0000 0.2979 0.9546
vn 0.9775 0.2104 -0.0172
vn 0.9795 0.1995 -0.0270
vn 0.9970 0.0765 -0.0099
vn 0.9975 -0.0695 -0.0084
vn 0.0128 0.1377 -0.9904
vn 0.0193 0.1445 -0.9893
vn 0.0054 0.0208 -0.9998
vn 0.0145 -0.1054 -0.9943
vn 0.0067 0.0725 0.9973
vn 0.0093 0.0692 0.9976
vn 0.0003 -0.0377 0.9993
vn 0.0171 -0.1615 0.9867
vn 0.9877 -0.1564 -0.0093
vn 0.9861 -0.1651 -0.0189
vn 0.0218 -0.2443 0.9695
vn 0.0567 -0.2792 0.9586
vn 0.0174 -0.1977 -0.9801
vn 0.0368 -0.1810 -0.9828
vn -0.0000 0.0231 -0.9997
vn -0.0000 0.0078 -1.0000
vn -0.0000 -0.0090 -1.0000
vn -0.0000 0.0163 0.9999
vn -0.0000 0.0088 1.0000
vn -0.0000 0.0006 1.0000
vn -0.0000 -0.0086 1.0000
vn -0.0000 -0.0277 -0.9996
vn -0.0000 0.0447 0.9990
vn -0.0000 0.0024 1.0000
vn -0.0000 0.0242 0.9997
vn -0.0000 0.0235 -0.9997
vn -0.0000 -0.0197 -0.9998
vn -0.0000 0.0025 -1.0000
vn -0.0000 -0.0431 -0.9991
vn -0.0000 -0.0207 0.9998
vn 0.9775 0.2104 0.0172
vn 0.9975 -0.0695 0.0084
vn 0.9970 0.0765 0.0099
vn 0.9795 0.1995 0.0270
vn 0.0133 0.1381 0.9903
vn 0.0145 -0.1054 0.9943
vn 0.0054 0.0208 0.9998
vn 0.0193 0.1446 0.9893
vn 0.0068 0.0723 -0.9974
vn 0.0171 -0.1615 -0.9867
vn 0.0003 -0.0377 -0.9993
vn 0.0093 0.0692 -0.9976
vn 0.9861 -0.1651 0.0189
vn 0.9876 -0.1566 0.0095
vn 0.0567 -0.2792 -0.9586
vn 0.0213 -0.2438 -0.9696
vn 0.0368 -0.1811 0.9828
vn 0.0174 -0.1977 0.9801
vn 0.3528 0.9338 0.0598
vn 0.0017 0.9996 -0.0276
vn 0.3770 0.9217 0.0910
vn 0.1387 0.9896 -0.0389
vn 0.3550 0.9343 0.0334
vn 0.1631 0.9857 0.0421
vn 0.2549 0.9669 -0.0104
vn 0.3647 0.8977 0.2473
vn 0.0711 0.8529 -0.5172
vn 0.0249 0.9606 -0.2768
vn -0.0102 0.9985 -0.0537
vn -0.0044 0.9979 -0.0653
vn -0.0038 0.9905 0.1373
vn -0.0308 0.9680 0.2490
vn -0.3871 0.9204 -0.0550
vn -0.2843 0.9484 -0.1402
vn -0.4437 0.8962 -0.0055
vn -0.1473 0.9849 -0.0905
vn -0.3197 0.9460 -0.0541
vn -0.1579 0.9872 -0.0228
vn -0.1891 0.9761 -0.1071
vn -0.3253 0.9425 0.0761
vn 0.0250 0.9606 -0.2768
vn -0.0000 -0.9702 0.2425
vn -0.0000 -0.9996 -0.0272
vn -0.0000 -0.9118 0.4107
vn -0.0000 -0.1650 -0.9863
vn -0.0000 -0.5065 -0.8622
vn -0.0000 -0.3430 -0.9393
vn -0.0000 -0.6429 -0.7660
vn -0.0000 0.9962 -0.0874
vn -0.0000 0.8693 -0.4943
vn -0.0000 0.9590 -0.2835
vn -0.0000 0.7275 -0.6861
vn -0.0000 -0.8567 0.5159
vn -0.0000 -0.9946 -0.1038
vn -0.0000 -0.9078 -0.4193
vn -0.0000 -0.9546 -0.2977
vn -0.0000 -0.3403 0.9403
vn -0.0000 -0.1901 0.9818
vn -0.0000 -0.5102 0.8601
vn -0.0000 0.0878 -0.9961
vn -0.0000 0.9356 0.3532
vn -0.0000 0.9747 0.2237
vn -0.0000 0.8949 0.4462
vn -0.0000 -0.6815 0.7319
vn -0.0000 0.8577 0.5142
vn -0.0000 -0.8667 -0.4988
vn -0.0000 0.7951 0.6064
vn 0.3438 0.8172 -0.4626
vn 0.5340 0.8030 -0.2646
vn 0.6157 0.7072 -0.3476
vn 0.3741 0.7171 -0.5881
vn 0.6119 0.7908 0.0136
vn 0.7190 0.6943 -0.0309
vn 0.5272 0.7976 0.2930
vn 0.6594 0.6939 0.2893
vn 0.3119 0.8217 0.4771
vn 0.4502 0.7119 0.5390
vn 0.0480 0.8437 0.5346
vn 0.1390 0.7378 0.6606
vn -0.2100 0.8499 0.4833
vn -0.2027 0.7528 0.6262
vn -0.4340 0.8369 0.3334
vn -0.4965 0.7458 0.4441
vn -0.5774 0.8117 0.0880
vn -0.6745 0.7217 0.1556
vn -0.5734 0.7932 -0.2049
vn -0.6951 0.6979 -0.1728
vn -0.4111 0.7958 -0.4446
vn -0.5541 0.6902 -0.4653
vn -0.1614 0.8105 -0.5630
vn -0.2852 0.6999 -0.6549
vn 0.1019 0.8204 -0.5627
vn 0.0495 0.7136 -0.6988
vn 0.7486 0.5057 -0.4287
vn 0.4500 0.5103 -0.7329
vn 0.8644 0.5013 -0.0403
vn 0.7926 0.5053 0.3412
vn 0.5555 0.5202 0.6486
vn 0.1876 0.5403 0.8203
vn -0.2401 0.5529 0.7979
vn -0.6108 0.5481 0.5714
vn -0.8216 0.5297 0.2105
vn -0.8397 0.5107 -0.1845
vn -0.6801 0.5010 -0.5353
vn -0.8397 0.5107 -0.1844
vn -0.3712 0.5021 -0.7811
vn 0.0374 0.5082 -0.8604
vn 0.8100 0.3451 -0.4741
vn 0.4800 0.3479 -0.8053
vn 0.9380 0.3431 -0.0501
vn 0.8632 0.3484 0.3654
vn 0.6112 0.3626 0.7036
vn 0.2150 0.3810 0.8992
vn -0.2528 0.3927 0.8842
vn -0.6619 0.3888 0.6409
vn -0.8946 0.3723 0.2471
vn -0.9169 0.3546 -0.1832
vn -0.7485 0.3441 -0.5668
vn -0.4184 0.3427 -0.8411
vn 0.0255 0.3463 -0.9378
vn 0.8345 0.2205 -0.5050
vn 0.4847 0.2211 -0.8463
vn 0.9730 0.2215 -0.0642
vn 0.9010 0.2281 0.3691
vn 0.6456 0.2410 0.7247
vn 0.2386 0.2567 0.9366
vn -0.2484 0.2668 0.9312
vn -0.6795 0.2641 0.6845
vn -0.9278 0.2504 0.2767
vn -0.9568 0.2348 -0.1713
vn -0.7885 0.2240 -0.5728
vn -0.9568 0.2349 -0.1713
vn -0.4518 0.2199 -0.8646
vn 0.0077 0.2204 -0.9754
vn 0.8001 0.1590 -0.5784
vn 0.4154 0.1587 -0.8957
vn 0.9770 0.1612 -0.1396
vn 0.9371 0.1679 0.3060
vn 0.7076 0.1796 0.6834
vn 0.3182 0.1937 0.9280
vn -0.1699 0.2039 0.9641
vn -0.6270 0.2035 0.7520
vn -0.9141 0.1927 0.3568
vn -0.9791 0.1783 -0.0975
vn -0.8400 0.1668 -0.5163
vn -0.5257 0.1604 -0.8354
vn -0.0756 0.1586 -0.9844
vn 0.9788 0.1993 0.0473
vn 0.9891 0.1385 0.0496
vn 0.9780 0.2030 0.0471
vn 0.9472 0.3179 0.0422
vn 0.9285 0.3691 0.0397
vn 0.8775 0.4783 0.0338
vn 0.8425 0.5378 0.0302
vn 0.7494 0.6617 0.0216
vn 0.6825 0.7307 0.0160
vn 0.5000 0.8660 0.0023
vn 0.3791 0.9253 -0.0060
vn 0.1005 0.9947 -0.0230
vn -0.0574 0.9978 -0.0317
vn -0.3445 0.9377 -0.0455
vn -0.4744 0.8788 -0.0508
vn -0.6660 0.7438 -0.0573
vn -0.7379 0.6723 -0.0592
vn -0.8362 0.5451 -0.0608
vn -0.8714 0.4867 -0.0611
vn -0.9230 0.3799 -0.0608
vn -0.9422 0.3297 -0.0604
vn -0.9708 0.2326 -0.0592
vn -0.9805 0.1878 -0.0584
vn -0.9879 0.1440 -0.0576
vn 0.0099 -0.0762 -0.9970
vn -0.0186 -0.0760 -0.9969
vn -0.0126 -0.0349 0.9993
vn 0.0152 -0.0337 0.9993
vn -0.3345 0.2751 -0.9014
vn -0.7364 0.2820 -0.6150
vn -0.6166 0.2784 -0.7364
vn -0.1702 0.2733 -0.9468
vn -0.9416 0.2929 -0.1660
vn -0.8985 0.2882 -0.3312
vn -0.8949 0.3048 0.3260
vn -0.9402 0.3001 0.1613
vn -0.6079 0.3146 0.7291
vn -0.7297 0.3110 0.6089
vn -0.1572 0.3196 0.9344
vn -0.3230 0.3179 0.8914
vn 0.3359 0.3184 0.8865
vn 0.1709 0.3188 0.9323
vn 0.7384 0.3114 0.5981
vn 0.6186 0.3137 0.7204
vn 0.9423 0.3005 0.1476
vn 0.8998 0.3038 0.3131
vn 0.8935 0.2886 -0.3441
vn 0.9394 0.2919 -0.1796
vn 0.6058 0.2789 -0.7451
vn 0.7277 0.2811 -0.6257
vn 0.1565 0.2739 -0.9489
vn 0.3216 0.2743 -0.9063
vn 0.0774 0.6718 -0.7367
vn 0.3231 0.8122 -0.4857
vn 0.2029 0.3333 -0.9207
vn 0.2914 0.1366 -0.9468
vn 0.0097 0.9853 -0.1705
vn 0.2824 0.9572 0.0630
vn 0.1184 0.8653 0.4871
vn 0.3851 0.7253 0.5706
vn 0.3249 0.4112 0.8517
vn 0.5615 0.2964 0.7726
vn 0.5363 -0.0988 0.8382
vn 0.7458 -0.1110 0.6568
vn 0.7022 -0.5101 0.4967
vn 0.8840 -0.3724 0.2825
vn 0.7392 -0.6633 -0.1168
vn 0.8954 -0.3721 -0.2447
vn 0.5663 -0.3994 -0.7209
vn 0.4706 -0.2289 -0.8521
vn 0.8247 0.4108 -0.3888
vn 0.8563 0.4928 -0.1546
vn 0.8972 0.3294 -0.2943
vn 0.8117 0.5839 -0.0127
vn 0.9617 0.1865 0.2007
vn 0.9924 0.1136 0.0464
vn 0.9394 0.1615 -0.3023
vn 0.9713 0.1053 -0.2133
vn -0.0766 0.0072 -0.9970
vn -0.2523 0.3428 -0.9049
vn -0.2050 0.2502 -0.9462
vn 0.0013 -0.1352 -0.9908
vn -0.2732 0.7492 -0.6034
vn -0.3778 0.6005 -0.7048
vn -0.0087 0.8483 -0.5295
vn -0.2503 0.8471 -0.4688
vn -0.2336 0.9012 0.3651
vn -0.1908 0.9742 0.1204
vn -0.2555 0.9258 0.2786
vn -0.1622 0.9330 0.3211
vn 0.0600 0.9786 -0.1966
vn -0.1244 0.9912 -0.0456
vn 0.0401 0.6214 0.7825
vn -0.0064 0.2849 0.9585
vn 0.0645 0.4635 0.8837
vn 0.3383 0.7297 0.5943
vn 0.2616 -0.1677 0.9505
vn 0.1344 -0.0270 0.9906
vn 0.4711 -0.3337 0.8165
vn 0.4308 -0.3081 0.8482
vn 0.4317 -0.7216 0.5413
vn 0.4695 -0.5947 0.6526
vn 0.4794 -0.8768 0.0379
vn 0.4763 -0.8424 0.2520
vn 0.3818 -0.7707 -0.5102
vn 0.4379 -0.8462 -0.3035
vn 0.1436 -0.3864 -0.9111
vn 0.2181 -0.5126 -0.8305
vn 0.9222 0.3840 0.0450
vn 0.9219 0.3847 0.0452
vn 0.9166 0.3974 0.0438
vn 0.9300 0.3642 0.0502
vn 0.9610 0.2555 0.1054
vn 0.9182 0.3901 0.0691
vn 0.9842 0.1634 0.0688
vn 0.9810 0.1865 0.0530
vn 0.9022 0.4239 0.0803
vn 0.9375 0.3477 0.0115
vn 0.9586 0.2491 -0.1377
vn 0.9169 0.3938 0.0654
vn 0.9312 0.2461 -0.2688
vn 0.9309 0.2556 -0.2609
vn 0.9210 0.3840 -0.0656
vn 0.9349 0.3136 -0.1663
vn 0.8449 0.5105 -0.1598
vn 0.8607 0.4875 -0.1468
vn 0.9464 0.3046 -0.1072
vn 0.9147 0.3856 -0.1207
vn 0.9340 0.3459 0.0896
vn 0.9399 0.3413 0.0040
vn 0.9346 0.3428 0.0948
vn 0.9249 0.3521 0.1436
vn 0.9337 0.3545 0.0509
vn 0.9296 0.3653 0.0493
vn 0.0885 -0.0294 0.9956
vn 0.2517 -0.3416 0.9055
vn 0.2079 -0.2559 0.9441
vn 0.0089 0.1169 0.9931
vn 0.2857 -0.7856 0.5488
vn 0.3693 -0.5822 0.7243
vn 0.0595 -0.9521 0.2999
vn 0.2646 -0.8794 0.3958
vn 0.2960 -0.8424 -0.4503
vn 0.4699 -0.8774 -0.0969
vn 0.3813 -0.8838 -0.2711
vn 0.1814 -0.8528 -0.4897
vn 0.4784 -0.8781 0.0138
vn 0.2543 -0.5653 -0.7847
vn 0.0613 -0.3039 -0.9507
vn 0.1603 -0.4740 -0.8658
vn 0.2504 -0.5660 -0.7855
vn -0.2439 0.1340 -0.9605
vn -0.0961 -0.0247 -0.9951
vn -0.4621 0.3400 -0.8191
vn -0.4571 0.3309 -0.8256
vn -0.4248 0.7052 -0.5677
vn -0.4534 0.5372 -0.7113
vn -0.4782 0.8782 -0.0100
vn -0.4798 0.8578 -0.1843
vn -0.3973 0.7928 0.4622
vn -0.4412 0.8502 0.2873
vn -0.1578 0.4107 0.8980
vn -0.2503 0.5658 0.7856
vn 0.9990 0.0458 -0.0000
vn 0.9958 0.0913 0.0001
vn 0.9978 0.0670 0.0001
vn 0.9731 -0.2095 -0.0956
vn 0.9988 -0.0481 0.0001
vn 0.9210 -0.2817 -0.2690
vn 0.9220 -0.3428 -0.1802
vn 0.8879 -0.2242 -0.4017
vn 0.8949 -0.2958 -0.3341
vn 0.8879 -0.2243 -0.4017
vn 0.9966 -0.0211 -0.0798
vn 0.9761 -0.0964 -0.1949
vn -0.0000 0.0362 0.9993
vn -0.0000 0.0196 0.9998
vn -0.0000 0.0011 1.0000
vn -0.0000 0.0204 -0.9998
vn -0.0000 0.0430 -0.9991
vn -0.0000 -0.0968 0.9953
vn -0.0000 -0.1964 0.9805
vn -0.0000 0.1266 -0.9920
vn -0.0000 0.1881 -0.9821
vn -0.0000 -0.4007 0.9162
vn -0.0000 -0.4986 0.8668
vn -0.0000 0.3453 -0.9385
vn -0.0000 0.4502 -0.8929
vn -0.0000 -0.6716 0.7409
vn -0.0000 -0.7490 0.6625
vn -0.0000 0.6660 -0.7459
vn -0.0000 0.7574 -0.6530
vn 0.0205 -0.9865 0.1624
vn 0.0003 -0.9872 0.1597
vn 0.0065 0.9827 -0.1851
vn -0.0000 0.9811 -0.1935
vn 0.0166 0.9999 -0.0000
vn 0.0083 1.0000 -0.0000
vn -0.0000 0.9811 -0.1936
vn 0.0212 -0.9865 0.1624
vn 0.0504 -0.9987 -0.0000
vn 0.0252 -0.9997 -0.0000
vn -0.0000 -0.9872 0.1596
vn 0.9977 0.0671 -0.0001
vn 0.9958 0.0913 -0.0001
vn 0.9988 -0.0481 -0.0001
vn 0.9731 -0.2095 0.0956
vn 0.9235 -0.3384 0.1804
vn 0.9263 -0.2545 0.2780
vn 0.8992 -0.2578 0.3535
vn 0.8790 -0.1957 0.4349
vn 0.9749 -0.0874 0.2048
vn 0.9965 -0.0215 0.0810
vn -0.0000 0.0362 -0.9993
vn -0.0000 0.0011 -1.0000
vn -0.0000 0.0196 -0.9998
vn -0.0000 0.0204 0.9998
vn -0.0000 0.0430 0.9991
vn -0.0000 -0.1964 -0.9805
vn -0.0000 -0.0968 -0.9953
vn -0.0000 0.1266 0.9920
vn -0.0000 0.1881 0.9821
vn -0.0000 -0.5315 -0.8470
vn -0.0000 -0.4242 -0.9056
vn -0.0000 0.3668 0.9303
vn -0.0000 0.4825 0.8759
vn -0.0000 -0.7439 -0.6683
vn -0.0000 -0.6781 -0.7349
vn -0.0000 0.6717 0.7408
vn -0.0000 0.7538 0.6571
vn -0.0001 -0.7439 -0.6683
vn -0.0000 -0.9891 -0.1473
vn 0.0210 -0.9881 -0.1521
vn 0.0066 0.9845 0.1755
vn -0.0000 0.9831 0.1832
vn 0.9965 -0.0214 0.0810
vn -0.0000 -0.9891 -0.1474
vn -0.8829 -0.2650 -0.3876
vn -0.9131 -0.0741 -0.4009
vn -0.9129 0.0766 -0.4008
vn -0.7771 -0.2650 0.5708
vn -0.8038 -0.0741 0.5903
vn -0.8036 0.0766 0.5902
vn 0.1058 -0.2650 0.9584
vn 0.1057 -0.2650 0.9584
vn 0.1094 -0.0741 0.9912
vn 0.1094 0.0766 0.9910
vn 0.8829 -0.2650 0.3876
vn 0.9131 -0.0741 0.4009
vn 0.9129 0.0766 0.4008
vn 0.7771 -0.2650 -0.5708
vn 0.8038 -0.0741 -0.5903
vn 0.8036 0.0766 -0.5902
vn -0.1058 -0.2650 -0.9584
vn -0.1094 -0.0741 -0.9912
vn -0.1094 0.0766 -0.9910
vn 0.8741 0.2977 0.3838
vn 0.1047 0.2977 0.9489
vn -0.7694 0.2977 0.5651
vn -0.8741 0.2977 -0.3838
vn -0.1047 0.2977 -0.9489
vn 0.7694 0.2977 -0.5651
vn -0.4522 -0.1513 0.8790
vn -0.4570 -0.0458 0.8883
vn -0.4570 0.0476 0.8882
vn 0.5351 -0.1513 0.8311
vn 0.5408 -0.0458 0.8399
vn 0.5407 0.0476 0.8398
vn 0.9873 -0.1513 -0.0479
vn 0.9978 -0.0458 -0.0484
vn 0.9977 0.0476 -0.0484
vn 0.4522 -0.1513 -0.8790
vn 0.4570 -0.0458 -0.8883
vn 0.4570 0.0476 -0.8882
vn -0.5351 -0.1513 -0.8311
vn -0.5408 -0.0458 -0.8399
vn -0.5407 0.0476 -0.8398
vn -0.9873 -0.1514 0.0479
vn -0.9978 -0.0458 0.0484
vn -0.9977 0.0476 0.0484
vn 0.4507 0.1711 -0.8761
vn 0.9841 0.1711 -0.0477
vn 0.5334 0.1711 0.8284
vn -0.4507 0.1711 0.8761
vn -0.9841 0.1711 0.0477
vn -0.5334 0.1711 -0.8284
vn 0.0603 0.9533 0.2958
vn -0.2054 0.9493 0.2381
vn -0.2064 0.9447 0.2547
vn 0.0544 0.9470 0.3166
vn 0.3171 0.8945 0.3152
vn 0.3230 0.8994 0.2944
vn -0.3558 0.7528 -0.5538
vn -0.3255 0.7358 -0.5939
vn -0.3371 0.7320 -0.5920
vn -0.3785 0.7707 -0.5126
vn -0.4035 0.7995 -0.4450
vn -0.4046 0.7992 -0.4444
vn -0.3803 0.9210 0.0847
vn -0.4434 0.8585 -0.2576
vn -0.4360 0.8919 -0.1198
vn -0.3119 0.9370 0.1575
vn -0.2541 0.9367 0.2410
vn -0.2476 0.9441 0.2176
vn 0.1913 0.6304 -0.7524
vn 0.2942 0.5801 -0.7596
vn 0.2964 0.5996 -0.7434
vn 0.1917 0.6405 -0.7436
vn 0.0821 0.6538 -0.7522
vn 0.0818 0.6559 -0.7504
vn 0.7132 0.7005 0.0262
vn 0.7478 0.6587 0.0838
vn 0.7111 0.6996 0.0697
vn 0.6880 0.7255 0.0174
vn 0.7130 0.6973 -0.0737
vn 0.7151 0.6956 -0.0687
vn 0.6822 0.6012 -0.4161
vn 0.7275 0.6309 -0.2696
vn 0.7113 0.6164 -0.3379
vn 0.8424 0.2781 -0.4615
vn 0.6699 0.5820 -0.4610
vn 0.8378 0.1268 -0.5311
vn 0.2226 -0.1750 -0.9591
vn 0.3594 -0.1717 -0.9173
vn 0.3546 -0.1833 -0.9169
vn 0.0764 -0.1187 -0.9900
vn -0.0749 -0.0705 -0.9947
vn -0.0351 0.0114 -0.9993
vn 0.9047 0.0250 0.4254
vn 0.8906 0.0275 0.4539
vn 0.8208 -0.2650 0.5061
vn 0.7465 -0.4886 0.4517
vn 0.9678 -0.0171 0.2510
vn 0.9679 -0.0175 0.2508
vn 0.9912 -0.0987 -0.0878
vn 0.9679 -0.1249 -0.2183
vn 0.8705 -0.1641 -0.4640
vn 0.8442 -0.1697 -0.5085
vn -0.2021 -0.8120 -0.5475
vn -0.2200 -0.7854 -0.5786
vn -0.0659 -0.8500 -0.5226
vn -0.0562 -0.8762 -0.4786
vn 0.1026 -0.8626 -0.4953
vn 0.0860 -0.8715 -0.4827
vn 0.5925 -0.6544 0.4698
vn 0.5577 -0.7273 0.4000
vn 0.5656 -0.7293 0.3850
vn 0.5699 -0.7277 0.3817
vn 0.5404 -0.8362 -0.0934
vn 0.6005 -0.7896 0.1264
vn 0.5760 -0.8172 0.0212
vn 0.5303 -0.8382 -0.1274
vn 0.5226 -0.8378 -0.1579
vn 0.5342 -0.8304 -0.1581
vn -0.2085 -0.6572 0.7243
vn -0.4707 -0.5911 0.6550
vn -0.4780 -0.5799 0.6597
vn -0.1963 -0.6363 0.7460
vn 0.0811 -0.6800 0.7287
vn 0.0622 -0.6997 0.7117
vn -0.6063 -0.7801 -0.1544
vn -0.5169 -0.8287 -0.2147
vn -0.5285 -0.8067 -0.2645
vn -0.6362 -0.7523 -0.1711
vn -0.6937 -0.7203 -0.0000
vn -0.6948 -0.7192 0.0003
vn -0.6393 -0.5775 0.5077
vn -0.7240 -0.6550 0.2166
vn -0.7118 -0.6136 0.3419
vn -0.5717 -0.5760 0.5843
vn -0.5152 -0.5688 0.6411
vn -0.4935 -0.5829 0.6455
vn 0.2890 0.1635 0.9433
vn 0.2889 0.1635 0.9433
vn -0.8523 0.0122 -0.5229
vn -0.9022 0.0400 -0.4295
vn -0.7980 -0.0133 -0.6025
vn -0.9362 0.0634 -0.3457
vn -0.8524 0.2295 0.4699
vn -0.7768 0.2429 0.5811
vn -0.9595 0.1893 0.2088
vn -0.9890 0.1482 0.0031
vn -0.7002 0.2503 0.6687
vn -0.7001 0.2504 0.6687
vn -0.4309 0.8099 -0.3981
vn -0.4338 0.8094 -0.3959
vn -0.9696 0.0966 -0.2250
vn -0.9694 0.0945 -0.2264
vn -0.7218 -0.6881 0.0749
vn -0.7312 -0.6797 0.0577
vn 0.6099 -0.7613 0.2201
vn 0.6101 -0.7611 0.2202
vn 0.9967 -0.0717 0.0384
vn 0.9965 -0.0748 0.0377
vn 0.7382 0.6469 -0.1911
vn 0.7438 0.6396 -0.1942
vn -0.7860 -0.0047 -0.6183
vn -0.7885 -0.0429 -0.6135
vn -0.7913 -0.0302 -0.6107
vn -0.7737 -0.0220 -0.6332
vn -0.7859 -0.0047 -0.6183
vn -0.7369 0.0712 -0.6723
vn -0.7892 0.0245 -0.6137
vn -0.6282 0.0069 -0.7780
vn -0.6824 0.0474 -0.7294
vn -0.6386 -0.1384 -0.7570
vn -0.6834 -0.1473 -0.7151
vn -0.7806 -0.0687 -0.6212
vn -0.7605 -0.1488 -0.6320
vn -0.2800 0.2568 0.9250
vn -0.2794 0.2182 0.9351
vn -0.2395 0.3146 0.9185
vn -0.2485 0.3142 0.9162
vn -0.2800 0.2567 0.9250
vn -0.2905 0.2306 0.9287
vn -0.2645 0.2581 0.9292
vn -0.2338 0.1340 0.9630
vn -0.2997 0.2083 0.9310
vn -0.0749 0.1590 0.9844
vn -0.1456 0.1366 0.9799
vn -0.0695 0.3017 0.9509
vn -0.1295 0.3185 0.9390
vn 0.6662 -0.7092 -0.2306
vn 0.2308 -0.9730 -0.0072
vn 0.4019 -0.9115 -0.0870
vn 0.7622 -0.5768 -0.2939
vn -0.3132 -0.9282 0.2009
vn -0.1312 -0.9815 0.1393
vn 0.4019 -0.9115 -0.0869
vn -0.7307 -0.6084 0.3096
vn -0.6120 -0.7372 0.2865
vn -0.9350 -0.1797 0.3059
vn -0.8887 -0.3303 0.3180
vn -0.9403 0.2654 0.2130
vn -0.9604 0.1150 0.2539
vn -0.7373 0.6743 0.0400
vn -0.8321 0.5441 0.1071
vn -0.3087 0.9313 -0.1932
vn -0.4773 0.8717 -0.1115
vn 0.2304 0.8878 -0.3984
vn 0.0497 0.9397 -0.3385
vn 0.6520 0.5753 -0.4939
vn 0.5318 0.7018 -0.4739
vn 0.8623 0.1511 -0.4833
vn 0.8142 0.3007 -0.4967
vn 0.8708 -0.2948 -0.3935
vn 0.8903 -0.1435 -0.4321
vn 0.2339 0.8903 -0.3907
vn 0.6567 0.5761 -0.4867
vn 0.5364 0.7033 -0.4665
vn 0.0521 0.9424 -0.3303
vn -0.3078 0.9335 -0.1842
vn -0.4767 0.8731 -0.1022
vn -0.7363 0.6748 0.0491
vn -0.8307 0.5445 0.1159
vn -0.9382 0.2662 0.2212
vn -0.9581 0.1162 0.2619
vn -0.9328 -0.1777 0.3136
vn -0.8867 -0.3281 0.3258
vn -0.7287 -0.6065 0.3181
vn -0.6099 -0.7356 0.2948
vn -0.3097 -0.9275 0.2095
vn -0.1270 -0.9809 0.1475
vn 0.2364 -0.9717 0.0003
vn 0.4076 -0.9097 -0.0797
vn 0.6713 -0.7067 -0.2235
vn 0.7669 -0.5743 -0.2865
vn 0.8746 -0.2931 -0.3862
vn 0.8941 -0.1422 -0.4248
vn 0.8663 0.1516 -0.4759
vn 0.8184 0.3010 -0.4894
vn 0.2127 0.8844 -0.4155
vn 0.6379 0.5756 -0.5117
vn 0.5159 0.7017 -0.4914
vn 0.0306 0.9345 -0.3547
vn -0.3263 0.9219 -0.2090
vn -0.4940 0.8602 -0.1265
vn -0.7495 0.6616 0.0240
vn -0.8424 0.5310 0.0915
vn -0.9471 0.2541 0.1961
vn -0.9660 0.1039 0.2368
vn -0.9389 -0.1885 0.2880
vn -0.8920 -0.3391 0.2989
vn -0.7334 -0.6159 0.2878
vn -0.6130 -0.7446 0.2643
vn -0.3123 -0.9332 0.1776
vn -0.1291 -0.9851 0.1138
vn 0.2322 -0.9721 -0.0334
vn 0.4031 -0.9082 -0.1128
vn 0.6635 -0.7036 -0.2544
vn 0.2323 -0.9721 -0.0334
vn 0.7576 -0.5704 -0.3173
vn 0.8632 -0.2895 -0.4137
vn 0.8821 -0.1380 -0.4503
vn 0.8513 0.1540 -0.5016
vn 0.8020 0.3033 -0.5146
vn -0.3992 -0.0781 -0.9135
vn -0.4299 -0.1011 -0.8972
vn -0.4210 -0.0916 -0.9024
vn -0.3861 -0.0741 -0.9195
vn -0.3590 -0.0731 -0.9305
vn -0.3993 -0.0781 -0.9135
vn -0.3452 -0.0763 -0.9354
vn -0.3206 -0.0883 -0.9431
vn -0.3102 -0.0976 -0.9457
vn -0.2950 -0.1190 -0.9481
vn -0.2908 -0.1315 -0.9477
vn -0.2887 -0.1563 -0.9446
vn -0.2914 -0.1688 -0.9416
vn -0.3026 -0.1909 -0.9338
vn -0.3115 -0.2005 -0.9289
vn -0.3335 -0.2143 -0.9181
vn -0.3468 -0.2183 -0.9122
vn -0.3740 -0.2193 -0.9011
vn -0.3880 -0.2161 -0.8960
vn -0.4125 -0.2039 -0.8878
vn -0.4228 -0.1945 -0.8851
vn -0.4377 -0.1728 -0.8823
vn -0.4418 -0.1603 -0.8827
vn -0.4437 -0.1355 -0.8859
vn -0.4410 -0.1230 -0.8890
vn 0.3807 0.1873 0.9055
vn 0.4014 0.1745 0.8991
vn 0.3951 0.1799 0.9009
vn 0.3725 0.1892 0.9085
vn 0.3563 0.1892 0.9150
vn 0.3484 0.1870 0.9185
vn 0.3349 0.1795 0.9250
vn 0.3293 0.1738 0.9281
vn 0.3221 0.1608 0.9330
vn 0.3205 0.1533 0.9348
vn 0.3214 0.1384 0.9368
vn 0.3241 0.1309 0.9369
vn 0.3330 0.1180 0.9355
vn 0.3393 0.1127 0.9339
vn 0.3537 0.1053 0.9294
vn 0.3619 0.1034 0.9265
vn 0.3780 0.1035 0.9200
vn 0.3859 0.1056 0.9165
vn 0.3993 0.1131 0.9098
vn 0.4048 0.1186 0.9067
vn 0.4121 0.1316 0.9016
vn 0.4137 0.1391 0.8997
vn 0.4128 0.1540 0.8977
vn 0.4101 0.1615 0.8976
vn -0.4264 -0.0871 -0.9003
vn -0.3883 -0.0686 -0.9190
vn -0.4028 -0.0725 -0.9124
vn -0.4364 -0.0972 -0.8945
vn -0.3441 -0.0707 -0.9363
vn -0.3592 -0.0673 -0.9308
vn -0.3057 -0.0930 -0.9476
vn -0.3174 -0.0831 -0.9446
vn -0.2834 -0.1293 -0.9502
vn -0.2885 -0.1157 -0.9505
vn -0.2834 -0.1703 -0.9438
vn -0.2804 -0.1564 -0.9470
vn -0.3056 -0.2049 -0.9299
vn -0.2954 -0.1946 -0.9353
vn -0.3443 -0.2238 -0.9118
vn -0.3296 -0.2198 -0.9182
vn -0.3887 -0.2216 -0.8943
vn -0.3736 -0.2251 -0.8999
vn -0.4269 -0.1990 -0.8821
vn -0.4154 -0.2090 -0.8853
vn -0.4487 -0.1622 -0.8788
vn -0.4438 -0.1760 -0.8787
vn -0.4485 -0.1212 -0.8855
vn -0.4515 -0.1351 -0.8820
vn 0.9339 -0.2205 0.2815
vn 0.3630 -0.0000 0.9318
vn 0.5986 -0.0000 0.8011
vn 0.1148 -0.0000 0.9934
vn -0.0338 -0.0000 -0.9994
vn 0.1090 -0.0000 -0.9940
vn -0.1826 -0.0000 -0.9832
vn 0.9977 -0.0000 -0.0671
vn 0.9970 -0.0000 -0.0771
vn 0.9971 -0.0000 -0.0762
vn -0.9949 -0.0000 0.1004
vn -0.9947 -0.0000 0.1031
vn -0.9952 -0.0000 0.0984
vn -0.9755 -0.0000 0.2202
vn -0.9922 -0.0000 0.1250
vn -0.9918 -0.0000 0.1281
vn 0.9842 -0.0000 -0.1768
vn 0.9858 -0.0000 -0.1677
vn 0.9785 -0.0000 -0.2063
vn -0.1007 -0.0000 0.9949
vn -0.3278 -0.0000 -0.9447
vn -0.0019 1.0000 -0.0017
vn -0.9946 -0.0000 0.1037
vn -0.9946 -0.0000 0.1035
vn 0.9940 -0.0000 -0.1097
vn 0.9905 -0.0000 -0.1377
vn -0.1954 -0.0000 0.9807
vn 0.0907 -0.0000 0.9959
vn 0.0906 -0.0000 0.9959
vn -0.4029 -0.0000 -0.9153
vn -0.1309 -0.0000 -0.9914
vn -0.2638 -0.0000 -0.9646
vn 0.9953 -0.0000 -0.0969
vn 0.9945 -0.0000 -0.1043
vn 0.9946 -0.0000 -0.1038
vn -0.9940 -0.0000 0.1096
vn -0.9936 -0.0000 0.1130
vn -0.0106 -0.0000 -0.9999
vn 0.3383 -0.0000 0.9410
vn -0.0032 0.9994 -0.0341
vn 0.0069 0.9995 0.0323
vn -0.9944 -0.0000 0.1053
vn 0.9946 -0.0000 -0.1034
vn 0.9948 -0.0000 -0.1015
vn -0.9805 -0.0000 0.1967
vn -0.9935 -0.0000 0.1135
vn -0.9900 -0.0000 0.1410
vn 0.9891 -0.0000 -0.1473
vn 0.9935 -0.0000 -0.1135
vn 0.9752 -0.0000 -0.2211
vn -0.2700 -0.0000 -0.9629
vn -0.1541 -0.0000 -0.9880
vn -0.3939 -0.0000 -0.9192
vn 1.0000 -0.0000 0.0019
vn 0.9952 -0.0000 -0.0974
vn 0.9957 -0.0000 -0.0927
vn -0.9849 -0.0000 0.1730
vn -0.6818 -0.0000 0.7315
vn -0.8163 -0.0000 0.5777
vn -0.9950 -0.0000 0.1002
vn -0.9886 -0.0000 0.1504
vn -0.9936 -0.0000 0.1133
vn -0.9934 -0.0000 0.1145
vn 0.9903 -0.0000 -0.1389
vn 0.9935 -0.0000 -0.1139
vn 0.9745 -0.0000 -0.2244
vn -0.5030 -0.0000 0.8643
vn -0.5195 -0.0000 -0.8545
vn -0.9960 -0.0000 0.0893
vn -0.9960 -0.0000 0.0895
vn 0.9939 -0.0000 -0.1102
vn 0.9942 -0.0000 -0.1077
vn 0.0100 0.9999 -0.0028
vn -0.8167 -0.2928 -0.4972
vn -0.0604 -0.5590 -0.8269
vn -0.9187 -0.1857 0.3486
vn -0.2785 -0.3299 0.9020
vn 0.5015 -0.6004 0.6229
vn 0.6516 -0.7059 0.2777
vn 0.4813 -0.5919 -0.6465
vn -0.3101 -0.0651 -0.9485
vn -0.2598 0.0651 -0.9635
vn -0.9536 0.1836 -0.2387
vn -0.9128 0.3178 -0.2566
vn -0.6673 0.1835 0.7219
vn -0.6234 0.3177 0.7144
vn 0.2598 -0.0651 0.9635
vn 0.3101 0.0651 0.9485
vn 0.9128 -0.3177 0.2566
vn 0.9536 -0.1835 0.2387
vn 0.6234 -0.3178 -0.7144
vn 0.6673 -0.1836 -0.7218
vn -0.4022 0.5590 -0.7251
vn 0.4112 0.2928 -0.8632
vn -0.7567 0.5919 -0.2775
vn -0.0786 0.6004 0.7958
vn -0.3932 0.7059 0.5891
vn 0.7269 0.3299 0.6023
vn 0.9596 0.1857 -0.2113
vn 0.0116 -0.0611 -0.9981
vn 0.4569 -0.6356 -0.6224
vn -0.7070 0.2257 -0.6702
vn -0.9964 -0.0275 0.0807
vn -0.6112 -0.5956 0.5212
vn -0.3147 -0.8275 0.4650
vn 0.5012 -0.8607 -0.0897
vn 0.6776 -0.1227 -0.7252
vn 0.7621 -0.0275 -0.6469
vn -0.0580 0.4708 -0.8803
vn 0.0318 0.5789 -0.8148
vn -0.8132 0.5557 -0.1730
vn -0.7376 0.6686 -0.0945
vn -0.7621 0.0275 0.6469
vn -0.6776 0.1227 0.7252
vn -0.0318 -0.5789 0.8148
vn 0.0580 -0.4709 0.8803
vn 0.7376 -0.6686 0.0945
vn 0.8132 -0.5557 0.1730
vn 0.7106 0.5007 -0.4944
vn 0.9984 -0.0442 0.0353
vn 0.2284 0.7685 -0.5977
vn -0.4668 0.7242 0.5076
vn -0.3617 0.9155 0.1763
vn -0.1166 0.1440 0.9827
vn 0.6030 -0.2147 0.7683
vn 0.4781 -0.2479 -0.8426
vn -0.0949 -0.2270 -0.9693
vn 0.1098 -0.2320 -0.9665
vn 0.6425 -0.2605 -0.7206
vn -0.6341 -0.2320 -0.7376
vn -0.4662 -0.2277 -0.8548
vn -0.9363 -0.2611 -0.2347
vn -0.8687 -0.2494 -0.4280
vn -0.8859 -0.3036 0.3507
vn -0.9449 -0.2889 0.1540
vn -0.4986 -0.3435 0.7959
vn -0.6630 -0.3316 0.6711
vn 0.0799 -0.3652 0.9275
vn -0.1275 -0.3610 0.9238
vn 0.6256 -0.3600 0.6921
vn 0.4560 -0.3654 0.8115
vn 0.9263 -0.3300 0.1819
vn 0.8602 -0.3431 0.3773
vn 0.8684 -0.2872 -0.4042
vn 0.9300 -0.3029 -0.2084
vn 0.3266 -0.1695 -0.9298
vn -0.4266 -0.1695 -0.8884
vn -0.3001 -0.1026 -0.9484
vn 0.4584 -0.1026 -0.8828
vn -0.9298 -0.1695 -0.3266
vn -0.8828 -0.1026 -0.4584
vn -0.8884 -0.1695 0.4266
vn -0.9484 -0.1026 0.3001
vn -0.3266 -0.1695 0.9298
vn -0.4584 -0.1026 0.8828
vn 0.4266 -0.1695 0.8884
vn 0.3001 -0.1026 0.9484
vn 0.9299 -0.1695 0.3266
vn 0.8828 -0.1026 0.4584
vn 0.9298 -0.1695 0.3266
vn 0.8884 -0.1695 -0.4266
vn 0.9484 -0.1026 -0.3001
vn -0.4712 0.1369 0.8714
vn 0.4310 0.1515 0.8896
vn -0.2905 0.1879 0.9383
vn -0.8714 0.1368 -0.4712
vn -0.9383 0.1879 -0.2905
vn 0.8080 -0.0370 0.5880
vn 0.1555 -0.0370 0.9871
vn -0.5881 -0.0370 0.8080
vn -0.9871 -0.0370 0.1555
vn -0.8080 -0.0370 -0.5881
vn -0.1555 -0.0370 -0.9871
vn 0.5881 -0.0370 -0.8080
vn 0.9871 -0.0370 -0.1555
vn 0.8080 -0.0371 0.5881
vn 0.0935 -0.0000 0.9956
vn 0.1121 -0.0000 0.9937
vn 0.1131 -0.0000 0.9936
vn 0.1137 0.9934 -0.0167
vn 0.0199 0.9998 -0.0058
vn 0.0273 0.9996 0.0016
vn 0.1220 0.9925 -0.0039
vn 0.0435 -0.0000 -0.9991
vn -0.0736 -0.0000 -0.9973
vn -0.0155 -0.0000 -0.9999
vn 0.9528 -0.0000 -0.3037
vn -0.2828 -0.0000 -0.9592
vn -0.3238 -0.0000 -0.9461
vn -0.2376 -0.0000 -0.9714
vn 0.1604 -0.0000 0.9871
vn 0.1408 -0.0000 0.9900
vn 0.1778 -0.0000 0.9841
vn -0.0457 0.9989 0.0121
vn -0.0461 0.9989 0.0117
vn -0.0456 0.9989 0.0134
vn -0.0460 0.9988 0.0147
vn -0.1670 -0.0000 -0.9860
vn -0.1512 -0.0000 -0.9885
vn 0.1285 -0.0000 0.9917
vn 0.1219 -0.0000 0.9925
vn -0.0727 0.9971 0.0215
vn -0.0593 0.9981 0.0166
vn 0.4978 0.3208 -0.8058
vn -0.0709 0.3208 -0.9445
vn 0.1333 0.3203 -0.9379
vn 0.6591 0.3203 -0.6804
vn -0.6125 0.3208 -0.7224
vn -0.4435 0.3203 -0.8371
vn -0.9202 0.3208 -0.2244
vn -0.8508 0.3203 -0.4166
vn -0.8764 0.3208 0.3593
vn -0.9332 0.3203 0.1631
vn -0.4978 0.3208 0.8058
vn -0.6591 0.3203 0.6805
vn 0.0709 0.3208 0.9445
vn -0.1333 0.3203 0.9379
vn 0.6125 0.3208 0.7224
vn 0.4435 0.3203 0.8371
vn 0.9202 0.3208 0.2244
vn 0.8508 0.3203 0.4166
vn 0.8764 0.3208 -0.3593
vn 0.9332 0.3203 -0.1631
vn 0.4618 0.2392 -0.8541
vn 0.6591 0.3203 -0.6805
vn -0.4745 -0.0718 0.8774
vn -0.0910 -0.0000 0.9958
vn -0.0716 -0.0000 0.9974
vn -0.0726 -0.0000 0.9974
vn 0.2411 0.9705 -0.0011
vn 0.0941 0.9956 -0.0042
vn 0.1093 0.9940 0.0019
vn 0.2440 0.9698 0.0060
vn 0.2943 -0.0000 -0.9557
vn 0.1307 -0.0000 -0.9914
vn 0.2270 -0.0000 -0.9739
vn -0.2561 -0.0000 -0.9667
vn -0.2207 -0.0000 -0.9753
vn 0.1891 -0.0000 0.9820
vn 0.1645 -0.0000 0.9864
vn 0.2089 -0.0000 0.9779
vn -0.1248 0.9922 0.0043
vn -0.0895 0.9960 0.0076
vn -0.1540 0.9881 0.0045
vn -0.1515 0.9884 -0.0028
vn -0.1168 -0.0000 -0.9932
vn -0.0491 -0.0000 -0.9988
vn 0.0190 -0.0000 0.9998
vn 0.0796 -0.0000 0.9968
vn -0.0784 0.9969 0.0056
vn -0.0628 0.9980 0.0055
vn 0.2552 -0.1056 0.9611
vn 0.7714 -0.1056 0.6276
vn 0.6188 -0.1058 0.7784
vn 0.0432 -0.1058 0.9934
vn 0.9929 -0.1056 0.0543
vn 0.9581 -0.1058 0.2660
vn 0.8352 -0.1056 -0.5397
vn 0.9315 -0.1058 -0.3480
vn 0.3585 -0.1056 -0.9275
vn 0.5490 -0.1058 -0.8291
vn -0.2552 -0.1056 -0.9611
vn -0.0432 -0.1058 -0.9934
vn -0.7714 -0.1056 -0.6276
vn -0.6188 -0.1058 -0.7784
vn -0.9929 -0.1056 -0.0543
vn -0.9581 -0.1058 -0.2660
vn -0.8352 -0.1056 0.5397
vn -0.9315 -0.1058 0.3480
vn -0.3584 -0.1056 0.9276
vn -0.5490 -0.1058 0.8291
vn -0.3585 -0.1056 0.9275
vn 0.2540 -0.1693 0.9523
vn 0.7652 -0.1693 0.6211
vn 0.6141 -0.1697 0.7708
vn 0.0437 -0.1697 0.9845
vn 0.9842 -0.1693 0.0527
vn 0.9498 -0.1697 0.2627
vn 0.8272 -0.1693 -0.5358
vn 0.9228 -0.1697 -0.3458
vn 0.3543 -0.1693 -0.9197
vn 0.5433 -0.1697 -0.8222
vn -0.2540 -0.1693 -0.9523
vn -0.0437 -0.1697 -0.9845
vn -0.7652 -0.1693 -0.6211
vn -0.6141 -0.1697 -0.7708
vn -0.9842 -0.1693 -0.0527
vn -0.9498 -0.1697 -0.2627
vn -0.8272 -0.1693 0.5358
vn -0.9228 -0.1697 0.3458
vn -0.3543 -0.1693 0.9197
vn -0.5433 -0.1697 0.8222
vn 0.1412 -0.1115 0.9837
vn 0.6887 -0.0528 0.7231
vn 0.6000 -0.2783 0.7501
vn 0.0448 -0.2498 0.9673
vn 0.9812 -0.0506 0.1862
vn 0.9223 -0.2908 0.2546
vn 0.9047 -0.0985 -0.4146
vn 0.9008 -0.2741 -0.3368
vn 0.4957 -0.1877 -0.8480
vn 0.5340 -0.2501 -0.8076
vn -0.0869 -0.2917 -0.9526
vn -0.0437 -0.2380 -0.9703
vn -0.6239 -0.3673 -0.6899
vn -0.6062 -0.2353 -0.7597
vn -0.9117 -0.3785 -0.1600
vn -0.9374 -0.2332 -0.2587
vn -0.8424 -0.3187 0.4345
vn -0.9113 -0.2295 0.3417
vn -0.4429 -0.2140 0.8707
vn -0.5356 -0.2319 0.8120
vn 0.2088 0.0528 0.9765
vn 0.7087 0.1829 0.6814
vn 0.9733 0.1823 0.1397
vn 0.8946 0.0497 -0.4440
vn 0.5016 -0.1632 -0.8496
vn -0.0649 -0.3793 -0.9230
vn -0.5913 -0.5160 -0.6197
vn -0.8568 -0.5132 -0.0503
vn -0.7522 -0.3725 0.5436
vn -0.3416 -0.1567 0.9267
vn 0.2930 0.1761 0.9398
vn 0.7535 0.3061 0.5818
vn 0.9638 0.2659 0.0213
vn 0.8483 0.0723 -0.5246
vn 0.4599 -0.2070 -0.8635
vn -0.0783 -0.4817 -0.8728
vn -0.5761 -0.6394 -0.5091
vn -0.8011 -0.5908 0.0961
vn -0.6573 -0.3655 0.6591
vn -0.2391 -0.0754 0.9681
vn 0.8216 0.3695 0.4342
vn 0.8852 0.0767 -0.4588
vn 0.9021 0.1388 -0.4085
vn 0.8811 0.0640 -0.4687
vn 0.2904 -0.5168 -0.8054
vn 0.3300 -0.4673 -0.8202
vn 0.2904 -0.5167 -0.8054
vn 0.2821 -0.5267 -0.8019
vn -0.5017 -0.5168 0.6937
vn -0.4577 -0.4829 0.7465
vn -0.5017 -0.5167 0.6937
vn -0.5092 -0.5224 0.6840
vn 0.1198 0.0767 0.9898
vn 0.2106 0.1083 0.9716
vn 0.1038 0.0711 0.9921
vn 0.9103 -0.1056 0.4003
vn 0.9717 -0.1056 -0.2112
vn 0.9944 -0.1058 0.0021
vn 0.8032 -0.1058 0.5862
vn 0.6620 -0.1056 -0.7420
vn 0.8058 -0.1058 -0.5827
vn 0.0995 -0.1056 -0.9894
vn 0.3093 -0.1058 -0.9451
vn -0.5011 -0.1056 -0.8589
vn -0.3052 -0.1058 -0.9464
vn -0.9103 -0.1056 -0.4003
vn -0.8032 -0.1058 -0.5862
vn -0.9717 -0.1056 0.2112
vn -0.9944 -0.1058 -0.0021
vn -0.6620 -0.1056 0.7420
vn -0.8057 -0.1058 0.5828
vn -0.0995 -0.1056 0.9894
vn -0.3093 -0.1058 0.9451
vn 0.5011 -0.1056 0.8589
vn 0.3052 -0.1058 0.9464
vn 0.9026 -0.1693 0.3958
vn 0.9628 -0.1693 -0.2104
vn 0.9855 -0.1697 0.0012
vn 0.7966 -0.1697 0.5802
vn 0.6553 -0.1693 -0.7361
vn 0.7980 -0.1697 -0.5783
vn 0.0975 -0.1693 -0.9807
vn 0.3056 -0.1697 -0.9369
vn -0.4976 -0.1693 -0.8507
vn -0.3034 -0.1697 -0.9376
vn -0.9026 -0.1693 -0.3958
vn -0.7966 -0.1697 -0.5802
vn -0.9628 -0.1693 0.2104
vn -0.9855 -0.1697 -0.0012
vn -0.6553 -0.1693 0.7361
vn -0.7980 -0.1697 0.5783
vn -0.0975 -0.1693 0.9807
vn -0.3056 -0.1697 0.9369
vn 0.4976 -0.1693 0.8507
vn 0.3034 -0.1697 0.9376
vn 0.8568 -0.1114 0.5035
vn 0.9948 -0.0528 -0.0870
vn 0.9605 -0.2783 -0.0008
vn 0.7838 -0.2498 0.5686
vn 0.7578 -0.0506 -0.6505
vn 0.7745 -0.2908 -0.5618
vn 0.2406 -0.0985 -0.9656
vn 0.2989 -0.2741 -0.9141
vn -0.3533 -0.1877 -0.9165
vn -0.2978 -0.2501 -0.9213
vn -0.7986 -0.2917 -0.5265
vn -0.7855 -0.2380 -0.5713
vn -0.9284 -0.3673 0.0570
vn -0.9719 -0.2353 -0.0003
vn -0.6939 -0.3785 0.6125
vn -0.7871 -0.2332 0.5710
vn -0.1862 -0.3187 0.9294
vn -0.3017 -0.2295 0.9254
vn 0.4040 -0.2141 0.8894
vn 0.3003 -0.2319 0.9252
vn 0.8934 0.0528 0.4462
vn 0.9747 0.1829 -0.1286
vn 0.7165 0.1823 -0.6734
vn 0.2113 0.0498 -0.9762
vn -0.3509 -0.1632 -0.9221
vn -0.7617 -0.3793 -0.5253
vn -0.8533 -0.5160 0.0754
vn -0.5739 -0.5132 0.6382
vn -0.0446 -0.3725 0.9269
vn 0.5109 -0.1567 0.8452
vn 0.9172 0.1761 0.3575
vn 0.9248 0.3061 -0.2258
vn 0.6181 0.2659 -0.7398
vn 0.1194 0.0723 -0.9902
vn -0.3878 -0.2070 -0.8982
vn -0.7309 -0.4817 -0.4835
vn -0.7574 -0.6394 0.1325
vn -0.4248 -0.5908 0.6859
vn 0.1049 -0.3655 0.9249
vn 0.6073 -0.0754 0.7909
vn 0.1939 0.0767 -0.9780
vn 0.2438 0.1389 -0.9598
vn 0.1836 0.0640 -0.9809
vn -0.4481 -0.5168 -0.7295
vn -0.4350 -0.4674 -0.7696
vn -0.4481 -0.5167 -0.7295
vn -0.4506 -0.5266 -0.7208
vn 0.2290 -0.5167 0.8250
vn 0.2977 -0.4829 0.8235
vn 0.2290 -0.5168 0.8249
vn 0.2168 -0.5224 0.8247
vn 0.8482 0.0767 0.5240
vn 0.8905 0.1084 0.4418
vn 0.8400 0.0711 0.5379
vn 0.8109 -0.4665 -0.3533
vn -0.6362 0.7200 0.2772
vn -0.4142 0.0435 -0.9092
vn -0.5528 0.0435 -0.8321
vn -0.5528 0.0435 -0.8322
vn -0.2611 0.0420 -0.9644
vn 0.9802 0.0436 0.1932
vn 0.9961 0.0481 -0.0736
vn 0.9959 0.0464 0.0773
vn 0.9814 0.0406 0.1876
vn 0.7488 0.0473 -0.6611
vn 0.8888 0.0479 -0.4559
vn 0.2680 0.0421 -0.9625
vn 0.4205 0.0436 -0.9063
vn -0.0340 0.0400 -0.9986
vn 0.0370 0.0401 -0.9985
vn 0.2483 0.0476 -0.9675
vn -0.0311 0.0448 -0.9985
vn -0.0261 -0.0300 -0.9992
vn 0.2590 -0.0322 -0.9653
vn 0.7491 0.0563 -0.6601
vn 0.7622 -0.0358 -0.6464
vn 0.9961 0.0581 -0.0663
vn 0.9980 -0.0350 -0.0519
vn 0.9873 0.0540 0.1491
vn 0.9844 -0.0470 0.1696
vn -0.3836 0.0495 -0.9222
vn -0.5416 0.0508 -0.8391
vn -0.8597 -0.0494 -0.5084
vn -0.3728 -0.0332 -0.9273
vn 0.0250 -0.0526 -0.9983
vn 0.3700 -0.0580 -0.9272
vn 0.8676 -0.0677 -0.4926
vn 0.9966 -0.0655 0.0496
vn 0.9761 -0.0586 0.2094
vn -0.9941 -0.0654 0.0862
vn -0.9886 -0.0592 0.1384
vn -0.9826 -0.0632 0.1746
vn -0.9959 -0.0683 -0.0600
vn -0.7636 -0.0664 -0.6423
vn -0.2611 -0.0562 -0.9637
vn -0.4142 0.0433 0.9092
vn -0.2611 0.0420 0.9644
vn -0.5528 0.0435 0.8322
vn -0.5528 0.0435 0.8321
vn 0.9802 0.0436 -0.1932
vn 0.9814 0.0406 -0.1876
vn 0.9960 0.0452 -0.0773
vn 0.9962 0.0476 0.0736
vn 0.8888 0.0479 0.4559
vn 0.7488 0.0473 0.6611
vn 0.4205 0.0434 0.9063
vn 0.2680 0.0421 0.9625
vn 0.0370 0.0399 0.9985
vn -0.0340 0.0399 0.9986
vn 0.2483 0.0476 0.9675
vn 0.2590 -0.0322 0.9653
vn -0.0261 -0.0300 0.9992
vn -0.0311 0.0447 0.9985
vn 0.7491 0.0563 0.6601
vn 0.7622 -0.0358 0.6464
vn 0.9961 0.0581 0.0663
vn 0.9980 -0.0350 0.0519
vn 0.9873 0.0540 -0.1491
vn 0.9844 -0.0470 -0.1696
vn -0.9970 0.0553 -0.0538
vn -0.9980 -0.0380 -0.0505
vn -0.9896 -0.0133 -0.1430
vn -0.9859 0.0502 -0.1597
vn -0.8783 0.0577 0.4746
vn -0.8708 -0.0409 0.4900
vn -0.3836 0.0497 0.9222
vn -0.3728 -0.0332 0.9273
vn -0.0012 1.0000 -0.0003
vn -0.0028 1.0000 -0.0014
vn -0.0021 1.0000 -0.0009
vn -0.0015 1.0000 -0.0002
vn -0.0002 1.0000 -0.0004
vn 0.3700 -0.0581 0.9272
vn 0.0250 -0.0525 0.9983
vn 0.8676 -0.0677 0.4926
vn 0.9966 -0.0653 -0.0496
vn 0.9761 -0.0586 -0.2094
vn -0.9959 -0.0683 0.0600
vn -0.9826 -0.0632 -0.1746
vn -0.7636 -0.0664 0.6423
vn -0.2611 -0.0562 0.9637
vn -0.0000 -0.0030 -1.0000
vn -0.0000 -0.0025 -1.0000
vn -0.0000 -0.0007 -1.0000
vn -0.0000 -0.0006 -1.0000
vn -0.0000 -0.0023 -1.0000
vn -0.0004 1.0000 0.0003
vn -0.0014 1.0000 -0.0003
vn -0.0004 1.0000 -0.0002
vn -0.8840 0.0479 -0.4650
vn -0.7414 0.0472 -0.6694
vn -0.2612 0.0420 -0.9644
vn -0.9964 0.0464 0.0715
vn -0.9957 0.0482 -0.0790
vn -0.9792 0.0405 0.1988
vn -0.9802 0.0437 0.1932
vn 0.9802 0.0437 0.1933
vn -0.9970 0.0560 0.0538
vn -0.9859 0.0502 0.1597
vn -0.9896 -0.0133 0.1430
vn -0.9980 -0.0380 0.0505
vn -0.8782 0.0596 -0.4746
vn -0.8707 -0.0409 -0.4901
vn -0.0007 1.0000 0.0002
vn -0.0028 1.0000 0.0014
vn -0.0024 1.0000 0.0010
vn -0.0016 1.0000 0.0010
vn 0.9982 -0.0466 0.0367
vn 0.9905 -0.1367 -0.0157
vn 0.9979 0.0568 -0.0299
vn 0.9897 0.1387 0.0355
vn 0.0091 -0.0461 -0.9989
vn -0.0008 -0.1094 -0.9940
vn -0.0015 0.0639 -0.9980
vn 0.0090 0.1324 -0.9912
vn -0.0107 -0.0795 -0.9968
vn -0.0107 0.0826 -0.9965
vn 0.8978 -0.1027 -0.4282
vn 0.8975 0.1066 -0.4280
vn 0.9182 0.3960 0.0050
vn 0.9235 0.3823 0.0321
vn 0.7979 0.4675 -0.3806
vn 0.0024 0.3786 -0.9256
vn 0.0084 0.3787 -0.9255
vn -0.0099 0.3785 -0.9255
vn 0.9209 -0.3883 0.0329
vn 0.9055 -0.4190 -0.0668
vn -0.0041 -0.3786 -0.9255
vn -0.0099 -0.3785 -0.9255
vn 0.0084 -0.3787 -0.9255
vn 0.7979 -0.4674 -0.3806
vn 0.9979 -0.0466 0.0444
vn 0.9906 -0.1356 -0.0187
vn 0.9977 0.0581 -0.0353
vn 0.9895 0.1379 0.0432
vn -0.9983 0.0475 0.0328
vn -0.9899 0.1364 -0.0390
vn -0.9965 -0.0599 -0.0576
vn -0.9897 -0.1399 0.0319
vn -0.9015 0.1009 -0.4209
vn -0.9011 -0.1048 -0.4208
vn 0.9179 0.3968 0.0061
vn 0.9232 0.3823 0.0392
vn -0.9195 0.3920 0.0295
vn -0.8997 0.4248 -0.1006
vn 0.0025 0.3786 -0.9255
vn -0.8039 0.4613 -0.3754
vn 0.9211 -0.3873 0.0401
vn 0.9035 -0.4215 -0.0779
vn -0.9156 -0.4019 -0.0096
vn -0.9211 -0.3883 0.0289
vn -0.8039 -0.4612 -0.3754
vn -0.0040 -0.3786 -0.9255
vn 0.7979 -0.4675 -0.3806
vn 0.0055 -0.0000 1.0000
vn 0.0046 -0.0000 1.0000
vn -0.0049 -0.0000 1.0000
vn -0.0058 -0.0000 1.0000
vn 0.0599 -0.0000 0.9982
vn -0.0610 -0.0000 0.9981
vn 0.9982 -0.0466 -0.0367
vn 0.9897 0.1387 -0.0360
vn 0.9979 0.0568 0.0299
vn 0.9905 -0.1367 0.0157
vn 0.0091 -0.0461 0.9989
vn 0.0090 0.1324 0.9912
vn -0.0015 0.0639 0.9980
vn -0.0001 -0.1094 0.9940
vn -0.0107 0.0826 0.9965
vn -0.0107 -0.0795 0.9968
vn 0.8975 0.1066 0.4280
vn 0.8978 -0.1027 0.4282
vn 0.9235 0.3822 -0.0321
vn 0.9182 0.3960 -0.0050
vn 0.7979 0.4675 0.3805
vn 0.0084 0.3787 0.9255
vn 0.0024 0.3786 0.9255
vn -0.0099 0.3785 0.9255
vn 0.9055 -0.4190 0.0668
vn 0.9209 -0.3883 -0.0329
vn -0.0099 -0.3785 0.9255
vn -0.0041 -0.3786 0.9256
vn 0.0084 -0.3787 0.9255
vn 0.7979 -0.4674 0.3805
vn 0.0046 -0.0000 -1.0000
vn 0.0055 -0.0000 -1.0000
vn -0.0049 -0.0000 -1.0000
vn -0.0058 -0.0000 -1.0000
vn 0.0599 -0.0000 -0.9982
vn -0.0610 -0.0000 -0.9981
vn -0.1658 -0.9862 -0.0000
vn -0.0243 -0.9997 -0.0000
vn -0.0962 -0.9954 -0.0000
vn 0.0489 -0.9988 -0.0000
vn -0.0056 -0.0376 -0.9993
vn -0.0066 -0.0382 -0.9992
vn -0.0071 -0.0472 -0.9989
vn -0.0098 -0.0555 -0.9984
vn -0.0166 -0.0694 -0.9975
vn 0.0052 -0.1029 -0.9947
vn 0.0137 -0.1165 -0.9931
vn 0.0697 -0.1827 -0.9807
vn -0.0057 -0.0376 0.9993
vn -0.0079 -0.0512 0.9987
vn -0.0068 -0.0449 0.9990
vn -0.0066 -0.0381 0.9993
vn -0.0083 -0.0893 0.9960
vn -0.0162 -0.0666 0.9977
vn 0.0230 -0.1365 0.9904
vn -0.0073 -0.1004 0.9949
vn 0.9975 -0.0710 -0.0000
vn 0.8721 -0.4894 -0.0000
vn 0.9567 -0.2909 -0.0000
vn -0.9809 0.1944 -0.0000
vn -0.9997 0.0260 -0.0000
vn -0.9144 0.4047 -0.0000
vn 0.4643 -0.8857 -0.0000
vn 0.6152 -0.7883 -0.0000
vn -0.6299 0.7767 -0.0000
vn -0.4780 0.8784 -0.0000
vn 0.3076 -0.9515 -0.0000
vn -0.3466 0.9380 -0.0000
vn -0.0000 0.9988 -0.0483
vn -0.0000 0.9999 0.0158
vn -0.0000 0.9999 -0.0161
vn -0.0000 -0.9972 -0.0751
vn -0.0000 -1.0000 -0.0001
vn -0.0000 0.9989 0.0472
vn -0.0000 -0.9973 0.0736
vn -0.0057 -0.0377 -0.9993
vn -0.0098 -0.0556 -0.9984
vn 0.0698 -0.1828 -0.9807
vn -0.0061 -0.0379 0.9993
vn -0.0066 -0.0382 0.9992
vn -0.0165 -0.0667 0.9976
vn 0.0231 -0.1365 0.9904
vn -0.1374 -0.9905 -0.0000
vn -0.0200 -0.9998 -0.0000
vn -0.0795 -0.9968 -0.0000
vn 0.0404 -0.9992 -0.0000
vn -0.0065 -0.0492 -0.9988
vn -0.0071 -0.0496 -0.9987
vn -0.0077 -0.0615 -0.9981
vn -0.0106 -0.0723 -0.9973
vn -0.0178 -0.0902 -0.9958
vn 0.0056 -0.1334 -0.9910
vn 0.0147 -0.1509 -0.9884
vn 0.0740 -0.2351 -0.9692
vn -0.0065 -0.0492 0.9988
vn -0.0084 -0.0664 0.9978
vn -0.0073 -0.0582 0.9983
vn -0.0071 -0.0496 0.9987
vn -0.0089 -0.1159 0.9932
vn -0.0174 -0.0864 0.9961
vn 0.0246 -0.1766 0.9840
vn -0.0079 -0.1302 0.9915
vn 0.9963 -0.0859 -0.0000
vn 0.8268 -0.5625 -0.0000
vn 0.9383 -0.3458 -0.0000
vn -0.9723 0.2336 -0.0000
vn -0.9995 0.0315 -0.0000
vn -0.8812 0.4727 -0.0000
vn 0.3970 -0.9178 -0.0000
vn 0.5414 -0.8408 -0.0000
vn -0.5561 0.8311 -0.0000
vn -0.4096 0.9123 -0.0000
vn 0.2577 -0.9662 -0.0000
vn -0.2916 0.9565 -0.0000
vn -0.0000 0.9991 -0.0421
vn -0.0000 0.9999 0.0137
vn -0.0000 0.9999 -0.0140
vn -0.0000 -0.9979 -0.0655
vn -0.0000 -1.0000 -0.0002
vn -0.0000 0.9992 0.0411
vn -0.0000 -0.9979 0.0641
vn -0.0201 -0.9998 -0.0000
vn -0.0076 -0.0614 -0.9981
vn -0.0105 -0.0722 -0.9973
vn -0.0179 -0.0900 -0.9958
vn 0.0740 -0.2350 -0.9692
vn -0.0083 -0.0662 0.9978
vn -0.0073 -0.0584 0.9983
vn -0.0174 -0.0865 0.9961
vn 0.0246 -0.1765 0.9840
vn -0.0078 -0.1302 0.9915
vn -0.5272 0.1206 -0.8411
vn -0.9353 0.1235 -0.3315
vn -0.8722 0.0150 -0.4889
vn -0.3926 0.0191 -0.9195
vn -0.9522 0.1236 0.2793
vn -0.9930 0.0140 0.1173
vn -0.6374 0.1261 0.7601
vn -0.7607 0.0231 0.6487
vn -0.0936 0.1317 0.9869
vn -0.2678 0.0357 0.9628
vn 0.5262 0.1343 0.8397
vn 0.3675 0.0370 0.9293
vn 0.9349 0.1276 0.3313
vn 0.8750 0.0234 0.4836
vn 0.3675 0.0369 0.9293
vn 0.9530 0.1170 -0.2795
vn 0.9885 0.0116 -0.1509
vn 0.6385 0.1117 -0.7614
vn 0.7300 0.0116 -0.6834
vn 0.0938 0.1144 -0.9890
vn 0.2242 0.0173 -0.9744
vn 0.6744 -0.2633 -0.6898
vn 0.9169 -0.3454 -0.2000
vn 0.8161 -0.4107 0.4065
vn 0.3225 -0.4191 0.8487
vn -0.3058 -0.3824 0.8719
vn -0.7781 -0.3259 0.5370
vn -0.9652 -0.2616 -0.0005
vn -0.7999 -0.2062 -0.5636
vn -0.3362 -0.1821 -0.9240
vn 0.2178 -0.2026 -0.9547
vn -0.1793 0.1206 0.9764
vn 0.4659 0.1235 0.8762
vn 0.3130 0.0150 0.9496
vn -0.3315 0.0191 0.9433
vn 0.8909 0.1236 0.4371
vn 0.8116 0.0140 0.5841
vn 0.9835 0.1261 -0.1301
vn 0.9991 0.0231 0.0353
vn 0.7356 0.1317 -0.6645
vn 0.8477 0.0357 -0.5292
vn 0.1790 0.1343 -0.9746
vn 0.3566 0.0370 -0.9335
vn -0.4657 0.1276 -0.8757
vn -0.3187 0.0234 -0.9476
vn 0.3566 0.0369 -0.9335
vn -0.8916 0.1170 -0.4375
vn -0.8308 0.0116 -0.5564
vn -0.9852 0.1117 0.1303
vn -0.9999 0.0116 0.0110
vn -0.7371 0.1144 0.6660
vn -0.8234 0.0173 0.5671
vn -0.9632 -0.2633 0.0533
vn -0.8113 -0.3454 -0.4717
vn -0.3273 -0.4107 -0.8510
vn 0.3354 -0.4191 -0.8437
vn 0.8144 -0.3824 -0.4365
vn 0.9365 -0.3259 0.1295
vn 0.7114 -0.2616 0.6523
vn 0.2092 -0.2062 0.9559
vn -0.3761 -0.1821 0.9085
vn -0.8054 -0.2026 0.5570
vn -0.0000 -0.1139 -0.9935
vn -0.8584 -0.4605 -0.2261
vn -0.8540 -0.4042 0.3275
vn -0.9397 -0.2542 0.2288
vn -0.8789 -0.3140 -0.3591
vn -0.5235 -0.3589 0.7728
vn -0.6416 -0.2022 0.7399
vn 0.0070 -0.3419 0.9397
vn -0.0984 -0.1778 0.9791
vn 0.5349 -0.3597 0.7645
vn 0.4824 -0.1905 0.8550
vn 0.8584 -0.4055 0.3142
vn 0.8789 -0.2352 0.4150
vn 0.8541 -0.4618 -0.2394
vn 0.9397 -0.2950 -0.1729
vn 0.5235 -0.5072 -0.6847
vn 0.6416 -0.3470 -0.6841
vn -0.0070 -0.5241 -0.8516
vn 0.0984 -0.3714 -0.9233
vn -0.5349 -0.5063 -0.6764
vn -0.4824 -0.3587 -0.7991
vn -0.0140 0.9942 -0.1062
vn -0.0143 0.9952 -0.0969
vn -0.0149 0.9949 -0.1000
vn -0.0127 0.9939 -0.1091
vn -0.0091 0.9959 -0.0895
vn -0.0114 0.9957 -0.0915
vn -0.0005 0.9963 -0.0864
vn -0.0036 0.9962 -0.0868
vn 0.0084 0.9960 -0.0889
vn 0.0056 0.9962 -0.0874
vn 0.0140 0.9953 -0.0962
vn 0.0127 0.9956 -0.0933
vn 0.0143 0.9943 -0.1055
vn 0.0149 0.9946 -0.1023
vn 0.0092 0.9936 -0.1129
vn 0.0115 0.9938 -0.1107
vn 0.0006 0.9932 -0.1160
vn 0.0036 0.9933 -0.1157
vn -0.0084 0.9935 -0.1135
vn -0.0056 0.9933 -0.1150
vn -0.0141 0.9942 -0.1062
vn 0.9495 0.0314 0.3123
vn 0.9530 -0.0290 -0.3017
vn 0.9956 -0.0089 -0.0928
vn 0.8203 0.1814 0.5424
vn 0.5954 -0.0759 -0.7998
vn 0.7514 -0.0629 -0.6568
vn 0.0135 -0.0941 -0.9955
vn 0.2234 -0.0919 -0.9704
vn -0.1928 -0.0926 -0.9769
vn -0.1927 -0.0924 -0.9769
vn -0.7885 0.0898 -0.6085
vn -0.8944 0.2866 -0.3433
vn -0.8654 0.1544 -0.4767
vn -0.8499 -0.0497 -0.5246
vn -0.8982 0.3721 0.2341
vn -0.9418 0.3331 0.0447
vn -0.5616 0.4443 0.6980
vn -0.7099 0.4144 0.5695
vn -0.0196 0.4713 0.8818
vn -0.2192 0.4649 0.8578
vn 0.5068 0.3317 0.7957
vn 0.2986 0.4606 0.8359
vn 0.9495 0.0310 0.3123
vn 0.8202 0.1820 0.5423
vn 0.6824 -0.0403 -0.7299
vn 0.1228 -0.0668 -0.9902
vn 0.2285 0.0817 -0.9701
vn 0.7473 0.1138 -0.6547
vn 0.9813 0.0144 -0.1922
vn 0.9806 0.1706 -0.0962
vn 0.9053 0.0765 0.4177
vn 0.8394 0.2305 0.4922
vn 0.4836 0.1222 0.8667
vn 0.3776 0.2705 0.8856
vn -0.1228 0.1340 0.9833
vn -0.2285 0.2754 0.9338
vn -0.6824 0.1075 0.7230
vn -0.7473 0.2433 0.6184
vn -0.9813 0.0528 0.1853
vn -0.9806 0.1865 0.0598
vn -0.9054 -0.0092 -0.4245
vn -0.8394 0.1266 -0.5285
vn -0.4837 -0.0549 -0.8735
vn -0.9054 -0.0092 -0.4246
vn -0.8395 0.1266 -0.5285
vn -0.3776 0.0866 -0.9219
vn -0.8817 -0.0000 0.4718
vn -0.8810 0.0388 0.4715
vn -0.8746 0.1265 0.4680
vn 0.8810 0.0388 -0.4715
vn 0.8746 0.1265 -0.4680
vn 0.8817 -0.0000 -0.4718
vn 0.3398 -0.0000 0.9405
vn 0.4718 -0.0000 0.8817
vn 0.4714 0.0443 0.8808
vn 0.3363 0.1431 0.9308
vn -0.5134 -0.0000 -0.8581
vn -0.5939 -0.0000 -0.8045
vn -0.5934 0.0440 -0.8037
vn -0.4367 0.0803 -0.8960
vn -0.7242 0.5704 0.3875
vn 0.3696 0.6216 0.6906
vn 0.2670 0.6187 0.7389
vn 0.7242 0.5705 -0.3875
vn 0.7241 0.5705 -0.3875
vn -0.4666 0.6186 -0.6321
vn -0.3345 0.6208 -0.7090
vn -0.3417 0.1425 -0.9290
vn -0.2717 0.6170 -0.7386
vn -0.3452 -0.0000 -0.9385
vn 0.5893 -0.0000 0.8079
vn 0.5833 0.1425 0.7996
vn 0.4638 0.6171 0.6357
vn -0.0420 0.9991 0.0006
vn -0.0150 0.9999 0.0002
vn 0.0162 0.9999 -0.0002
vn 0.0387 0.9993 -0.0006
vn 0.0218 0.9998 -0.0003
vn -0.0003 0.9993 0.0373
vn -0.0007 0.9968 0.0801
vn -0.0004 0.9988 0.0482
vn 0.0005 0.9985 -0.0540
vn 0.0015 0.9833 -0.1818
vn 0.9794 -0.0000 0.2020
vn 0.9787 0.0388 0.2018
vn 0.9715 0.1265 0.2003
vn -0.9787 0.0388 -0.2018
vn -0.9715 0.1265 -0.2003
vn -0.9794 -0.0000 -0.2020
vn 0.3410 -0.0000 -0.9401
vn 0.2020 -0.0000 -0.9794
vn 0.2017 0.0443 -0.9784
vn 0.3375 0.1431 -0.9304
vn -0.1549 -0.0000 0.9879
vn -0.0587 -0.0000 0.9983
vn -0.0587 0.0440 0.9973
vn -0.2381 0.0803 0.9679
vn 0.8044 0.5705 0.1659
vn 0.8044 0.5704 0.1659
vn 0.1582 0.6216 -0.7672
vn 0.2679 0.6187 -0.7386
vn -0.8044 0.5705 -0.1659
vn -0.0461 0.6187 0.7843
vn -0.1969 0.6208 0.7588
vn -0.3322 0.1425 0.9324
vn -0.2641 0.6170 0.7413
vn -0.3356 -0.0000 0.9420
vn 0.0644 -0.0000 -0.9979
vn 0.0637 0.1425 -0.9877
vn 0.0507 0.6170 -0.7854
vn 0.0549 0.9985 -0.0000
vn 0.0196 0.9998 -0.0000
vn -0.0211 0.9998 -0.0000
vn -0.0507 0.9987 -0.0000
vn -0.0284 0.9996 -0.0000
vn 0.5570 -0.0000 -0.8305
vn 0.5566 0.0388 -0.8299
vn 0.5525 0.1265 -0.8239
vn -0.5566 0.0388 0.8299
vn -0.5525 0.1265 0.8239
vn -0.5570 -0.0000 0.8305
vn -0.7416 -0.0000 -0.6708
vn -0.8305 -0.0000 -0.5570
vn -0.8297 0.0443 -0.5564
vn -0.7340 0.1431 -0.6639
vn 0.8562 -0.0000 0.5166
vn 0.9021 -0.0000 0.4315
vn 0.9012 0.0440 0.4311
vn 0.8062 0.0803 0.5861
vn 0.4575 0.5704 -0.6822
vn 0.4575 0.5704 -0.6821
vn -0.6506 0.6216 -0.4363
vn -0.5827 0.6186 -0.5271
vn -0.4575 0.5704 0.6822
vn 0.7088 0.6186 0.3390
vn 0.6282 0.6208 0.4690
vn 0.7378 0.1425 0.6598
vn 0.5867 0.6169 0.5246
vn 0.7454 -0.0000 0.6666
vn -0.8996 -0.0000 -0.4366
vn -0.8905 0.1425 -0.4322
vn -0.7080 0.6170 -0.3436
vn 0.0012 0.9974 -0.0716
vn 0.0004 0.9997 -0.0256
vn -0.0005 0.9996 0.0276
vn -0.0012 0.9978 0.0661
vn -0.0006 0.9993 0.0372
vn -0.7138 -0.0000 -0.7003
vn -0.7133 0.0388 -0.6998
vn -0.7081 0.1265 -0.6947
vn 0.7133 0.0388 0.6998
vn 0.7081 0.1265 0.6947
vn 0.7138 -0.0000 0.7003
vn -0.7959 -0.0000 0.6055
vn -0.7003 -0.0000 0.7139
vn -0.6996 0.0443 0.7131
vn -0.7877 0.1431 0.5992
vn 0.6654 -0.0000 -0.7465
vn 0.5902 -0.0000 -0.8073
vn 0.5896 0.0440 -0.8065
vn 0.7245 0.0803 -0.6846
vn -0.5863 0.5704 -0.5752
vn -0.5863 0.5705 -0.5752
vn -0.5486 0.6216 0.5592
vn -0.6253 0.6186 0.4757
vn 0.5863 0.5705 0.5752
vn 0.5863 0.5704 0.5752
vn 0.4637 0.6186 -0.6343
vn 0.5766 0.6208 -0.5312
vn 0.7843 0.1425 -0.6038
vn 0.6236 0.6170 -0.4801
vn 0.7924 -0.0000 -0.6100
vn -0.5947 -0.0000 0.8039
vn -0.5887 0.1425 0.7957
vn -0.4680 0.6170 0.6327
vn 0.1600 0.9820 0.1001
vn 0.1607 0.9864 -0.0335
vn -0.0540 0.9934 0.1012
vn 0.1600 0.9820 -0.1001
vn 0.0540 0.9934 -0.1012
vn -0.1607 0.9864 0.0335
vn -0.1600 0.9820 0.1001
vn -0.1600 0.9820 -0.1001
vn -0.2391 0.2996 -0.9236
vn -0.6532 0.2986 -0.6958
vn -0.6061 0.2735 -0.7469
vn -0.1749 0.2779 -0.9445
vn -0.8956 0.2981 -0.3302
vn -0.8849 0.2763 -0.3751
vn -0.8956 0.2981 -0.3301
vn -0.9317 0.3170 0.1774
vn -0.9534 0.2861 0.0954
vn -0.8849 0.2762 -0.3751
vn -0.6722 0.3189 0.6681
vn -0.7319 0.2780 0.6221
vn -0.1687 0.3084 0.9362
vn -0.2636 0.2627 0.9282
vn 0.1585 0.2818 0.9463
vn 0.1503 0.2728 0.9503
vn 0.5971 0.3097 0.7400
vn 0.5026 0.3106 0.8068
vn 0.9323 0.3098 0.1868
vn 0.9087 0.2975 0.2929
vn 0.8915 0.2851 -0.3521
vn 0.9206 0.2724 -0.2798
vn 0.7632 0.2661 -0.5888
vn 0.7716 0.2839 -0.5692
vn 0.3168 0.3014 -0.8994
vn 0.4231 0.2953 -0.8566
vn 0.9455 0.1532 -0.2873
vn 0.9808 0.0531 -0.1877
vn 0.8197 0.2414 0.5194
vn 0.8839 0.1072 0.4553
vn 0.2853 0.2588 0.9228
vn 0.2112 0.1251 0.9694
vn 0.2079 0.0022 0.9781
vn -0.4871 0.1720 0.8562
vn -0.7601 0.1564 0.6307
vn -0.8378 0.0824 0.5397
vn -0.9642 0.2244 -0.1413
vn -0.9106 0.1732 -0.3753
vn -0.9106 0.1732 -0.3752
vn -0.6147 0.1755 -0.7690
vn -0.1717 0.1833 -0.9679
vn -0.0558 0.1121 -0.9921
vn 0.6770 0.2955 -0.6741
vn 0.7591 0.1961 -0.6207
vn -0.5849 0.0618 0.8088
vn -0.5590 0.0199 0.8289
vn -0.6404 0.1621 0.7507
vn 0.5849 -0.0617 -0.8088
vn 0.5590 -0.0199 -0.8289
vn 0.6404 -0.1622 -0.7507
vn 0.0783 0.9954 -0.0548
vn -0.5434 -0.0274 -0.8390
vn -0.5728 -0.0660 -0.8170
vn -0.4663 0.0660 -0.8822
vn 0.5434 0.0274 0.8390
vn 0.5728 0.0660 0.8170
vn 0.4663 -0.0660 0.8822
vn -0.8450 -0.2536 0.4709
vn -0.8469 -0.2532 0.4677
vn -0.9043 -0.1525 0.3988
vn -0.9250 -0.1056 0.3650
vn -0.5488 -0.7949 -0.2589
vn -0.5485 -0.7943 -0.2613
vn -0.6071 -0.7125 -0.3517
vn -0.6311 -0.6702 -0.3906
vn 0.3847 -0.7157 -0.5829
vn 0.3835 -0.7174 -0.5815
vn 0.3587 -0.6344 -0.6848
vn 0.3457 -0.5915 -0.7284
vn 0.9767 -0.1220 -0.1767
vn 0.9762 -0.1260 -0.1764
vn 0.9645 -0.0202 -0.2632
vn 0.9531 0.0286 -0.3013
vn 0.7068 0.4178 0.5709
vn 0.7076 0.4164 0.5709
vn 0.6801 0.5406 0.4952
vn 0.6634 0.5927 0.4568
vn -0.2511 0.3464 0.9039
vn -0.2528 0.3472 0.9031
vn -0.2979 0.4657 0.8333
vn -0.3171 0.5158 0.7959
vn -0.3223 0.5084 -0.7985
vn -0.2970 0.5284 -0.7954
vn -0.3042 0.5193 -0.7986
vn -0.3345 0.5074 -0.7941
vn 0.3067 -0.5162 0.7997
vn 0.3386 -0.5071 0.7926
vn 0.3263 -0.5081 0.7971
vn 0.2994 -0.5254 0.7964
vn -0.3522 0.5129 -0.7829
vn -0.3223 0.5084 -0.7986
vn -0.3573 0.5210 -0.7751
vn 0.3590 -0.5238 0.7725
vn 0.3539 -0.5157 0.7803
vn -0.3571 0.5376 -0.7639
vn -0.3499 0.5468 -0.7606
vn 0.3475 -0.5499 0.7595
vn 0.3547 -0.5406 0.7628
vn -0.3319 0.5579 -0.7607
vn -0.3196 0.5589 -0.7652
vn 0.3154 -0.5592 0.7667
vn 0.3278 -0.5583 0.7622
vn -0.3016 0.5533 -0.7765
vn -0.2967 0.5450 -0.7842
vn 0.2950 -0.5422 0.7867
vn 0.3000 -0.5506 0.7790
vn 0.9465 0.0526 -0.3185
vn 0.9463 0.0517 -0.3191
vn 0.9467 0.0531 -0.3178
vn 0.9468 0.0542 -0.3173
vn 0.3576 -0.6043 -0.7120
vn 0.3468 -0.5886 -0.7302
vn 0.3753 -0.6361 -0.6742
vn 0.3910 -0.6514 -0.6503
vn -0.6278 -0.6844 -0.3707
vn -0.6337 -0.6671 -0.3916
vn -0.6130 -0.7166 -0.3327
vn -0.6071 -0.7344 -0.3035
vn -0.9339 -0.0821 0.3480
vn -0.9340 -0.0822 0.3477
vn -0.9336 -0.0808 0.3491
vn -0.9334 -0.0802 0.3496
vn -0.3454 0.5775 0.7398
vn -0.3348 0.5596 0.7582
vn -0.3635 0.6115 0.7028
vn -0.3796 0.6305 0.6771
vn 0.6404 0.6561 0.3992
vn 0.6464 0.6379 0.4188
vn 0.6255 0.6921 0.3602
vn 0.6193 0.7114 0.3322
vn 0.9468 0.0547 -0.3172
vn 0.9468 0.0558 -0.3169
vn 0.4053 -0.6738 -0.6178
vn 0.4101 -0.6696 -0.6193
vn -0.5945 -0.7570 -0.2712
vn -0.5986 -0.7556 -0.2660
vn -0.9334 -0.0792 0.3499
vn -0.9332 -0.0787 0.3506
vn -0.3946 0.6548 0.6446
vn -0.3999 0.6530 0.6432
vn 0.6063 0.7374 0.2979
vn 0.6109 0.7343 0.2961
vn 0.9472 0.1014 -0.3042
vn 0.9520 0.1402 -0.2720
vn 0.9528 0.1381 -0.2704
vn 0.9492 0.1092 -0.2950
vn 0.7777 -0.3671 -0.5103
vn 0.8945 -0.1114 -0.4330
vn 0.8856 -0.1717 -0.4315
vn 0.7692 -0.4167 -0.4844
vn 0.7547 -0.2633 -0.6009
vn 0.8483 -0.1068 -0.5186
vn 0.9458 0.0946 -0.3108
vn 0.9521 0.1401 -0.2720
vn 0.7022 -0.2264 -0.6751
vn 0.8892 -0.0355 -0.4562
vn 0.9497 0.1200 -0.2894
vn 0.9520 0.1402 -0.2721
vn -0.9316 -0.0327 0.3621
vn -0.9283 -0.0248 0.3709
vn -0.9193 0.0042 0.3935
vn -0.9200 0.0064 0.3918
vn -0.8681 -0.4915 0.0696
vn -0.8377 -0.5400 0.0817
vn -0.9292 -0.3036 0.2110
vn -0.9449 -0.2440 0.2184
vn -0.9220 -0.3870 -0.0105
vn -0.9637 -0.2373 0.1225
vn -0.9337 -0.0395 0.3558
vn -0.9200 0.0063 0.3918
vn -0.9329 -0.3461 -0.0998
vn -0.9651 -0.1682 0.2009
vn -0.9265 -0.0140 0.3759
vn -0.9201 0.0065 0.3917
vn 0.3440 -0.2992 0.8900
vn 0.3431 -0.1499 0.9273
vn 0.3446 -0.2233 0.9118
vn -0.2506 0.8394 -0.4823
vn -0.2757 0.7736 -0.5705
vn -0.2244 0.8910 -0.3947
vn -0.5897 0.7861 -0.1851
vn 0.0604 0.9432 -0.3267
vn -0.1817 0.9377 -0.2962
vn -0.7498 0.6522 -0.1111
vn 0.6726 0.6802 -0.2914
vn 0.4920 0.8086 -0.3225
vn 0.9703 0.2047 -0.1290
vn 0.9057 0.3772 -0.1936
vn 0.9492 -0.3015 0.0897
vn 0.9915 -0.1298 0.0107
vn 0.5995 -0.7335 0.3203
vn 0.7591 -0.6035 0.2441
vn -0.0429 -0.8850 0.4637
vn 0.1959 -0.8798 0.4331
vn -0.6504 -0.6307 0.4232
vn -0.4703 -0.7557 0.4558
vn -0.9528 -0.1635 0.2557
vn -0.8860 -0.3341 0.3216
vn -0.9381 0.3442 0.0389
vn -0.9784 0.1709 0.1165
vn 0.1122 0.3036 0.9462
vn -0.6663 0.6821 -0.3012
vn -0.0947 0.7597 -0.6433
vn -0.2017 0.8351 -0.5118
vn -0.7502 0.6395 -0.1681
vn 0.5086 0.5447 -0.6668
vn 0.4377 0.6713 -0.5981
vn 0.8932 0.1673 -0.4174
vn 0.8671 0.2854 -0.4083
vn 0.9719 -0.2355 0.0018
vn 0.9850 -0.1646 -0.0512
vn 0.7030 -0.5321 0.4718
vn 0.7504 -0.5567 0.3563
vn 0.1556 -0.5860 0.7953
vn 0.2079 -0.7264 0.6551
vn -0.4188 -0.3806 0.8245
vn -0.3950 -0.5839 0.7092
vn -0.8059 -0.0295 0.5913
vn -0.8102 -0.2267 0.5405
vn -0.9142 0.3622 0.1818
vn -0.9487 0.2188 0.2284
vn -0.9142 0.3622 0.1819
vn -0.6601 0.5907 -0.4640
vn -0.1586 0.5273 -0.8347
vn 0.4015 0.3112 -0.8613
vn 0.8240 0.0326 -0.5657
vn 0.9761 -0.2144 -0.0344
vn 0.7674 -0.3308 0.5492
vn 0.2735 -0.2639 0.9250
vn -0.2882 -0.0543 0.9560
vn -0.7227 0.2194 0.6554
vn -0.8760 0.4680 0.1165
vn -0.6898 0.3811 -0.6156
vn -0.2231 0.2085 -0.9522
vn 0.3243 0.0239 -0.9457
vn 0.7846 -0.1160 -0.6090
vn 0.9876 -0.1532 -0.0339
vn 0.8300 -0.0649 0.5540
vn 0.3844 0.1078 0.9168
vn -0.1803 0.2992 0.9370
vn -0.6729 0.4435 0.5921
vn -0.8789 0.4767 -0.0162
vn 0.7089 -0.1543 -0.6882
vn 0.6447 -0.1788 -0.7432
vn 0.7089 -0.1534 -0.6884
vn 0.7213 -0.1481 -0.6766
vn 0.9797 0.0886 0.1798
vn 0.9902 0.0484 0.1312
vn 0.9771 0.0968 0.1897
vn -0.5265 0.7037 0.4770
vn -0.5712 0.7113 0.4095
vn -0.5183 0.7019 0.4886
vn -0.7933 0.4274 -0.4336
vn -0.7513 0.4032 -0.5225
vn -0.7999 0.4312 -0.4175
vn -0.5897 0.7861 0.1851
vn -0.7498 0.6522 0.1111
vn -0.1816 0.9380 0.2953
vn 0.0605 0.9433 0.3263
vn 0.4920 0.8086 0.3226
vn 0.6726 0.6802 0.2914
vn 0.9057 0.3772 0.1936
vn 0.9703 0.2047 0.1290
vn 0.9915 -0.1298 -0.0107
vn 0.9492 -0.3015 -0.0897
vn 0.7591 -0.6035 -0.2441
vn 0.5995 -0.7335 -0.3203
vn 0.1959 -0.8798 -0.4331
vn -0.0429 -0.8850 -0.4637
vn -0.4701 -0.7552 -0.4568
vn -0.6504 -0.6308 -0.4232
vn -0.8860 -0.3341 -0.3215
vn -0.9528 -0.1635 -0.2557
vn -0.9784 0.1709 -0.1164
vn -0.9381 0.3442 -0.0389
vn -0.9381 0.3442 -0.0388
vn -0.9784 0.1708 -0.1165
vn -0.6663 0.6822 0.3012
vn -0.7502 0.6395 0.1681
vn -0.2017 0.8351 0.5118
vn -0.0947 0.7597 0.6433
vn 0.4377 0.6713 0.5981
vn 0.5086 0.5447 0.6668
vn 0.8671 0.2854 0.4083
vn 0.8932 0.1673 0.4174
vn 0.9850 -0.1646 0.0512
vn 0.9719 -0.2355 -0.0018
vn 0.7504 -0.5567 -0.3563
vn 0.7030 -0.5321 -0.4718
vn 0.2079 -0.7264 -0.6551
vn 0.1556 -0.5859 -0.7953
vn -0.3950 -0.5839 -0.7092
vn -0.4188 -0.3806 -0.8245
vn -0.8102 -0.2267 -0.5406
vn -0.8059 -0.0295 -0.5913
vn -0.9487 0.2188 -0.2284
vn -0.9142 0.3622 -0.1819
vn -0.9142 0.3622 -0.1818
vn -0.1586 0.5273 0.8347
vn -0.6601 0.5907 0.4640
vn 0.4015 0.3112 0.8613
vn 0.8240 0.0326 0.5657
vn 0.9761 -0.2144 0.0344
vn 0.7674 -0.3308 -0.5492
vn 0.2735 -0.2639 -0.9250
vn -0.2882 -0.0543 -0.9560
vn -0.7227 0.2194 -0.6554
vn -0.8760 0.4680 -0.1165
vn -0.2231 0.2084 0.9522
vn -0.6898 0.3811 0.6156
vn 0.3243 0.0239 0.9457
vn 0.7846 -0.1160 0.6090
vn 0.9876 -0.1532 0.0339
vn 0.8300 -0.0649 -0.5540
vn 0.3844 0.1078 -0.9169
vn -0.1803 0.2992 -0.9370
vn -0.6729 0.4435 -0.5921
vn -0.8789 0.4768 0.0163
vn -0.8789 0.4767 0.0162
vn 0.7089 -0.1534 0.6884
vn 0.7213 -0.1481 0.6767
vn 0.7088 -0.1534 0.6885
vn 0.6446 -0.1789 0.7433
vn 0.9797 0.0886 -0.1798
vn 0.9771 0.0968 -0.1897
vn 0.9902 0.0484 -0.1313
vn -0.5265 0.7037 -0.4770
vn -0.5183 0.7019 -0.4886
vn -0.5714 0.7113 -0.4093
vn -0.7933 0.4274 0.4336
vn -0.7999 0.4312 0.4174
vn -0.7512 0.4031 0.5228
vn -0.3759 -0.8584 -0.3489
vt 0.198708 0.637534
vt 0.234555 0.810452
vt 0.237885 0.660782
vt 0.156512 0.657538
vt 0.157310 0.809737
vt 0.032586 0.305514
vt 0.138994 0.214943
vt 0.032703 0.214805
vt 0.344498 0.305514
vt 0.344615 0.215210
vt 0.226915 0.215057
vt 0.344863 0.024180
vt 0.227035 0.122413
vt 0.344735 0.122566
vt 0.555366 0.620808
vt 0.525425 0.621990
vt 0.545979 0.640150
vt 0.703497 0.632040
vt 0.703766 0.644967
vt 0.709725 0.620711
vt 0.751722 0.631037
vt 0.745762 0.655292
vt 0.751990 0.643963
vt 0.408401 0.317210
vt 0.426405 0.315345
vt 0.390399 0.315345
vt 0.408393 0.317216
vt 0.426397 0.315351
vt 0.390392 0.315351
vt 0.627038 0.072824
vt 0.629668 0.078340
vt 0.650736 0.078532
vt 0.675500 0.071756
vt 0.672445 0.078298
vt 0.600993 0.074672
vt 0.579813 0.068877
vt 0.582426 0.074473
vt 0.621262 0.069791
vt 0.619012 0.074508
vt 0.220644 0.128904
vt 0.207065 0.139746
vt 0.220956 0.139618
vt 0.220638 0.128912
vt 0.220949 0.139623
vt 0.207062 0.139750
vt 0.949122 0.597231
vt 0.955406 0.598935
vt 0.961638 0.596347
vt 0.961430 0.578168
vt 0.955147 0.576465
vt 0.948914 0.579054
vt 0.949123 0.597232
vt 0.961638 0.596348
vt 0.860312 0.451857
vt 0.874741 0.453387
vt 0.868700 0.443409
vt 0.537019 0.284964
vt 0.536350 0.273283
vt 0.546464 0.281809
vt 0.204156 0.857615
vt 0.271518 0.856214
vt 0.271518 0.901396
vt 0.204156 0.899995
vt 0.010645 0.858310
vt 0.010645 0.899297
vt 0.008767 0.853584
vt 0.152514 0.854868
vt 0.147622 0.650113
vt 0.012735 0.644234
vt 0.059247 0.588517
vt 0.087227 0.575408
vt 0.204111 0.622597
vt 0.204330 0.573554
vt 0.009995 0.569599
vt 0.316824 0.570065
vt 0.316985 0.334568
vt 0.010155 0.334103
vt 0.566967 0.211539
vt 0.566967 0.239347
vt 0.629407 0.242384
vt 0.629108 0.214280
vt 0.705424 0.239521
vt 0.705742 0.213331
vt 0.773908 0.241927
vt 0.774203 0.215096
vt 0.822129 0.240247
vt 0.822129 0.214523
vt 0.514444 0.402537
vt 0.514444 0.415372
vt 0.526844 0.415372
vt 0.526844 0.402537
vt 0.551999 0.402537
vt 0.551999 0.415372
vt 0.564669 0.415372
vt 0.564669 0.402537
vt 0.481995 0.432843
vt 0.471706 0.449305
vt 0.481995 0.454792
vt 0.492285 0.449305
vt 0.492285 0.438331
vt 0.627840 0.440285
vt 0.649325 0.454437
vt 0.638135 0.450043
vt 0.587934 0.407259
vt 0.582871 0.420766
vt 0.588185 0.439122
vt 0.595805 0.411663
vt 0.576238 0.424739
vt 0.583448 0.435461
vt 0.645320 0.565656
vt 0.663068 0.565657
vt 0.663068 0.557037
vt 0.628080 0.565656
vt 0.645320 0.557037
vt 0.611505 0.565656
vt 0.628080 0.557037
vt 0.611503 0.557037
vt 0.595075 0.565662
vt 0.595073 0.557045
vt 0.579433 0.565670
vt 0.579431 0.557052
vt 0.682203 0.565656
vt 0.682203 0.557036
vt 0.680069 0.478679
vt 0.687342 0.468265
vt 0.658207 0.468260
vt 0.665470 0.478685
vt 0.665506 0.457893
vt 0.680029 0.457886
vt 0.616080 0.372041
vt 0.619967 0.373248
vt 0.622910 0.364541
vt 0.619586 0.360479
vt 0.576422 0.367054
vt 0.572607 0.369039
vt 0.574931 0.380349
vt 0.579220 0.380289
vt 0.618617 0.383510
vt 0.573607 0.390062
vt 0.578360 0.393861
vt 0.614474 0.383641
vt 0.615443 0.396067
vt 0.620348 0.393075
vt 0.573305 0.354868
vt 0.576423 0.367054
vt 0.569637 0.359136
vt 0.614475 0.383641
vt 0.573306 0.354868
vt 0.595079 0.577424
vt 0.611507 0.577419
vt 0.628080 0.577419
vt 0.645320 0.577419
vt 0.663068 0.577419
vt 0.579439 0.577431
vt 0.475770 0.455325
vt 0.466987 0.462784
vt 0.468340 0.475726
vt 0.478477 0.481208
vt 0.347338 0.540059
vt 0.364235 0.537567
vt 0.361352 0.520540
vt 0.342683 0.476976
vt 0.361217 0.475862
vt 0.362972 0.459025
vt 0.344748 0.457135
vt 0.344424 0.520271
vt 0.220222 0.595179
vt 0.232442 0.591968
vt 0.233884 0.586760
vt 0.219438 0.583879
vt 0.235697 0.577649
vt 0.221250 0.574774
vt 0.222594 0.604159
vt 0.234799 0.600948
vt 0.210959 0.595820
vt 0.210177 0.584519
vt 0.308714 0.586081
vt 0.310371 0.601710
vt 0.315830 0.600895
vt 0.317127 0.586207
vt 0.325129 0.601731
vt 0.326425 0.587016
vt 0.299412 0.587062
vt 0.301074 0.602722
vt 0.311744 0.611057
vt 0.317252 0.610242
vt 0.308859 0.577039
vt 0.317253 0.577163
vt 0.358855 0.609095
vt 0.358383 0.584027
vt 0.338193 0.584865
vt 0.338663 0.609932
vt 0.414243 0.614163
vt 0.418771 0.594355
vt 0.399013 0.589480
vt 0.394498 0.609284
vt 0.748398 0.675457
vt 0.748784 0.691477
vt 0.659783 0.688498
vt 0.660428 0.678715
vt 0.578565 0.691342
vt 0.579945 0.676595
vt 0.735680 0.392351
vt 0.834453 0.392351
vt 0.835030 0.382989
vt 0.735271 0.377828
vt 0.836912 0.346779
vt 0.737131 0.341597
vt 0.735672 0.428636
vt 0.834459 0.428636
vt 0.358854 0.609097
vt 0.338661 0.609932
vt 0.338191 0.584864
vt 0.358382 0.584027
vt 0.414245 0.614164
vt 0.394499 0.609285
vt 0.399014 0.589479
vt 0.418774 0.594355
vt 0.139115 0.122299
vt 0.032824 0.122161
vt 0.367259 0.122595
vt 0.367259 0.024180
vt 0.367259 0.215239
vt 0.367259 0.305514
vt 0.010555 0.024180
vt 0.010428 0.122132
vt 0.032951 0.024180
vt 0.010307 0.214776
vt 0.032980 0.001349
vt 0.344892 0.001754
vt 0.032557 0.327476
vt 0.344469 0.327881
vt 0.362282 0.405026
vt 0.362002 0.420574
vt 0.366540 0.420627
vt 0.366819 0.405137
vt 0.330516 0.419972
vt 0.344622 0.438430
vt 0.364777 0.424145
vt 0.373688 0.436665
vt 0.353504 0.450978
vt 0.330767 0.404645
vt 0.366541 0.420627
vt 0.364778 0.424144
vt 0.579622 0.625485
vt 0.557362 0.640988
vt 0.564761 0.662583
vt 0.580476 0.661685
vt 0.535133 0.601239
vt 0.526845 0.603327
vt 0.515615 0.633980
vt 0.533779 0.656167
vt 0.523988 0.718247
vt 0.550740 0.718669
vt 0.576483 0.581689
vt 0.554962 0.581699
vt 0.554955 0.597452
vt 0.576476 0.597484
vt 0.588662 0.581696
vt 0.588654 0.597490
vt 0.678338 0.581744
vt 0.669282 0.581740
vt 0.669273 0.597537
vt 0.678328 0.597542
vt 0.636647 0.581726
vt 0.608401 0.581707
vt 0.608393 0.597502
vt 0.636638 0.597515
vt 0.487466 0.581644
vt 0.487458 0.597440
vt 0.769639 0.651693
vt 0.776566 0.655127
vt 0.776876 0.635825
vt 0.767555 0.635563
vt 0.786196 0.636039
vt 0.769050 0.656354
vt 0.776390 0.660423
vt 0.783467 0.656971
vt 0.783360 0.652036
vt 0.789129 0.652754
vt 0.791961 0.636729
vt 0.763891 0.652210
vt 0.761781 0.636010
vt 0.721785 0.662257
vt 0.745028 0.619977
vt 0.733703 0.613746
vt 0.720782 0.614015
vt 0.710460 0.656026
vt 0.734706 0.661988
vt 0.600539 0.939346
vt 0.600318 0.907033
vt 0.611602 0.906953
vt 0.611815 0.939264
vt 0.918026 0.263616
vt 0.931187 0.286410
vt 0.957508 0.286196
vt 0.970667 0.263616
vt 0.957508 0.240822
vt 0.931187 0.240822
vt 0.239664 0.713314
vt 0.258710 0.746302
vt 0.296801 0.745992
vt 0.315846 0.713314
vt 0.296801 0.680327
vt 0.258710 0.680327
vt 0.621440 0.720752
vt 0.616770 0.720752
vt 0.616770 0.727266
vt 0.621440 0.727266
vt 0.982500 0.722041
vt 0.989364 0.722142
vt 0.988048 0.694953
vt 0.981184 0.694852
vt 0.995131 0.718586
vt 0.994168 0.698683
vt 0.975416 0.698408
vt 0.976380 0.718311
vt 0.972290 0.704667
vt 0.998258 0.712327
vt 0.997905 0.705042
vt 0.632629 0.660273
vt 0.632629 0.652215
vt 0.585126 0.652215
vt 0.632629 0.644505
vt 0.585126 0.644505
vt 0.632629 0.636445
vt 0.585126 0.636445
vt 0.632629 0.628080
vt 0.632629 0.620657
vt 0.585126 0.620657
vt 0.585126 0.628079
vt 0.632629 0.612305
vt 0.585126 0.612305
vt 0.664117 0.425566
vt 0.656733 0.437835
vt 0.664181 0.450016
vt 0.679015 0.449938
vt 0.686402 0.437669
vt 0.678953 0.425479
vt 0.862652 0.294818
vt 0.900958 0.295147
vt 0.901080 0.287611
vt 0.862738 0.287145
vt 0.900850 0.261062
vt 0.862513 0.260394
vt 0.901105 0.248424
vt 0.862745 0.247734
vt 0.908542 0.288975
vt 0.913220 0.263350
vt 0.850116 0.262865
vt 0.855231 0.288633
vt 0.968933 0.438529
vt 0.968933 0.541315
vt 0.990302 0.541315
vt 0.990302 0.438529
vt 0.990302 0.377804
vt 0.990301 0.275017
vt 0.968932 0.275017
vt 0.968933 0.377804
vt 0.838109 0.242946
vt 0.882559 0.242946
vt 0.882627 0.220025
vt 0.838109 0.220025
vt 0.882559 0.214516
vt 0.838109 0.214516
vt 0.761114 0.125281
vt 0.793028 0.125281
vt 0.793028 0.108849
vt 0.761162 0.108849
vt 0.888136 0.242947
vt 0.888136 0.220025
vt 0.755083 0.109138
vt 0.731835 0.108988
vt 0.729677 0.121890
vt 0.757076 0.122066
vt 0.919081 0.230139
vt 0.919296 0.175990
vt 0.893660 0.179994
vt 0.893562 0.225961
vt 0.891819 0.169066
vt 0.917552 0.164869
vt 0.891845 0.236798
vt 0.917357 0.240962
vt 0.743574 0.104480
vt 0.850272 0.102825
vt 0.850272 0.088665
vt 0.743574 0.088665
vt 0.850272 0.020501
vt 0.743574 0.020501
vt 0.850272 0.003030
vt 0.865709 0.090825
vt 0.865709 0.015405
vt 0.728224 0.016685
vt 0.727304 0.092105
vt 0.983460 0.080071
vt 0.883113 0.080071
vt 0.883113 0.088298
vt 0.983460 0.088298
vt 0.883113 0.147522
vt 0.983460 0.147522
vt 0.883113 0.154776
vt 0.983460 0.155066
vt 0.873752 0.076169
vt 0.992940 0.076169
vt 0.992940 0.005826
vt 0.873752 0.005826
vt 0.991462 0.147522
vt 0.991462 0.088298
vt 0.952457 0.996821
vt 0.970560 0.997140
vt 0.970981 0.973276
vt 0.955902 0.974128
vt 0.624658 0.959808
vt 0.613835 0.988165
vt 0.623014 0.991721
vt 0.633890 0.963368
vt 0.639268 0.971669
vt 0.632533 0.989195
vt 0.615092 0.962349
vt 0.608834 0.970042
vt 0.608284 0.979956
vt 0.223918 0.910653
vt 0.233000 0.910653
vt 0.233000 0.907305
vt 0.223918 0.907305
vt 0.242220 0.910653
vt 0.242220 0.907305
vt 0.251161 0.910653
vt 0.251160 0.907305
vt 0.260035 0.910653
vt 0.260035 0.907305
vt 0.268544 0.910653
vt 0.268544 0.907305
vt 0.277163 0.910653
vt 0.277163 0.907305
vt 0.207906 0.910653
vt 0.215683 0.910653
vt 0.215683 0.907305
vt 0.207906 0.907305
vt 0.853675 0.858557
vt 0.855302 0.845863
vt 0.843172 0.844352
vt 0.841518 0.857027
vt 0.649959 0.965912
vt 0.696430 0.965912
vt 0.696430 0.952047
vt 0.649959 0.952047
vt 0.696430 0.972673
vt 0.649959 0.972673
vt 0.649959 0.984788
vt 0.696430 0.984788
vt 0.649959 0.991922
vt 0.696430 0.991922
vt 0.958798 0.528001
vt 0.958798 0.513416
vt 0.892225 0.513416
vt 0.892225 0.528002
vt 0.892225 0.495377
vt 0.892225 0.507565
vt 0.958798 0.507565
vt 0.958798 0.495376
vt 0.958798 0.490659
vt 0.892225 0.490659
vt 0.650085 0.965852
vt 0.696430 0.965852
vt 0.650085 0.952047
vt 0.696430 0.972605
vt 0.650085 0.972605
vt 0.650085 0.984705
vt 0.696430 0.984705
vt 0.650085 0.991922
vt 0.958798 0.513415
vt 0.892225 0.513415
vt 0.892225 0.528001
vt 0.958798 0.490658
vt 0.892225 0.490658
vt 0.592711 0.965417
vt 0.588222 0.951603
vt 0.550219 0.951608
vt 0.545739 0.965419
vt 0.550215 0.979216
vt 0.588215 0.979224
vt 0.576476 0.987751
vt 0.561961 0.987757
vt 0.576475 0.943077
vt 0.561967 0.943074
vt 0.797692 0.676526
vt 0.795813 0.667596
vt 0.772302 0.670825
vt 0.773357 0.675835
vt 0.792431 0.659122
vt 0.770406 0.666076
vt 0.791452 0.693604
vt 0.795301 0.685331
vt 0.772017 0.680774
vt 0.769856 0.685414
vt 0.797702 0.676526
vt 0.795820 0.667591
vt 0.772294 0.670822
vt 0.773350 0.675834
vt 0.792437 0.659110
vt 0.770398 0.666069
vt 0.791458 0.693615
vt 0.795308 0.685336
vt 0.772010 0.680776
vt 0.769848 0.685420
vt 0.792437 0.659111
vt 0.791457 0.693615
vt 0.743085 0.844945
vt 0.745467 0.860837
vt 0.760808 0.858542
vt 0.758528 0.842570
vt 0.853675 0.858558
vt 0.452325 0.997102
vt 0.468568 0.991563
vt 0.467918 0.946644
vt 0.451523 0.941579
vt 0.435280 0.947116
vt 0.435936 0.992037
vt 0.478205 0.960378
vt 0.478449 0.977536
vt 0.425400 0.961144
vt 0.425649 0.978301
vt 0.397306 0.942556
vt 0.382211 0.947218
vt 0.381609 0.988578
vt 0.396562 0.993678
vt 0.412259 0.947656
vt 0.411657 0.989014
vt 0.421357 0.960570
vt 0.421130 0.976369
vt 0.372738 0.959864
vt 0.372511 0.975662
vt 0.798102 0.885738
vt 0.814208 0.917624
vt 0.826405 0.906006
vt 0.789242 0.887569
vt 0.786081 0.886458
vt 0.767554 0.919929
vt 0.782798 0.925228
vt 0.173513 0.155390
vt 0.183231 0.155676
vt 0.188423 0.147431
vt 0.168910 0.146914
vt 0.183467 0.139131
vt 0.174377 0.138546
vt 0.194991 0.179274
vt 0.207891 0.172147
vt 0.207779 0.158104
vt 0.194765 0.151186
vt 0.181864 0.158313
vt 0.181977 0.172356
vt 0.795787 0.887974
vt 0.456386 0.334431
vt 0.433241 0.334431
vt 0.433241 0.347763
vt 0.351838 0.334431
vt 0.325524 0.334431
vt 0.325524 0.347763
vt 0.351838 0.347763
vt 0.371053 0.334431
vt 0.371053 0.347763
vt 0.390364 0.334431
vt 0.390364 0.347763
vt 0.412002 0.334431
vt 0.412002 0.347763
vt 0.377220 0.266889
vt 0.372396 0.289371
vt 0.444407 0.289371
vt 0.439584 0.266889
vt 0.439584 0.306837
vt 0.377220 0.306837
vt 0.390363 0.347763
vt 0.390363 0.334431
vt 0.456386 0.347763
vt 0.478889 0.347763
vt 0.478889 0.334431
vt 0.559262 0.348354
vt 0.505244 0.347769
vt 0.505244 0.397436
vt 0.559262 0.397062
vt 0.456379 0.334437
vt 0.433234 0.334437
vt 0.433234 0.347769
vt 0.351830 0.334437
vt 0.325517 0.334437
vt 0.325517 0.347769
vt 0.351830 0.347769
vt 0.371046 0.334437
vt 0.390356 0.334437
vt 0.371046 0.347769
vt 0.390356 0.347769
vt 0.411994 0.334437
vt 0.411994 0.347769
vt 0.377213 0.266895
vt 0.372389 0.289377
vt 0.444399 0.289377
vt 0.439576 0.266895
vt 0.439576 0.306843
vt 0.377213 0.306843
vt 0.628535 0.029757
vt 0.650762 0.029757
vt 0.600970 0.032956
vt 0.619981 0.032956
vt 0.674432 0.029758
vt 0.580727 0.032956
vt 0.174822 0.136832
vt 0.189025 0.136979
vt 0.191327 0.128441
vt 0.176133 0.126594
vt 0.212013 0.185213
vt 0.222181 0.184952
vt 0.174829 0.136837
vt 0.176141 0.126603
vt 0.191329 0.128449
vt 0.189029 0.136985
vt 0.222174 0.184944
vt 0.212009 0.185205
vt 0.223976 0.196470
vt 0.213034 0.197378
vt 0.213019 0.206849
vt 0.223957 0.207798
vt 0.186358 0.196200
vt 0.152191 0.196168
vt 0.152185 0.207900
vt 0.186344 0.207939
vt 0.143715 0.195955
vt 0.143715 0.208114
vt 0.029076 0.989527
vt 0.085869 0.982982
vt 0.085950 0.973428
vt 0.028546 0.972752
vt 0.029073 0.919083
vt 0.086440 0.919348
vt 0.086530 0.909799
vt 0.029941 0.902334
vt 0.160624 0.973789
vt 0.161108 0.920146
vt 0.144866 0.920019
vt 0.144381 0.973663
vt 0.012803 0.918944
vt 0.012275 0.972612
vt 0.144329 0.903285
vt 0.143542 0.990387
vt 0.223956 0.207798
vt 0.223974 0.196470
vt 0.029941 0.902335
vt 0.945111 0.584944
vt 0.945189 0.591887
vt 0.965441 0.590457
vt 0.965362 0.583513
vt 0.965441 0.590458
vt 0.432887 0.915098
vt 0.447248 0.915094
vt 0.448154 0.849959
vt 0.431404 0.851894
vt 0.448393 0.833024
vt 0.533533 0.849959
vt 0.533772 0.833024
vt 0.535639 0.764845
vt 0.450253 0.764845
vt 0.450110 0.828183
vt 0.535500 0.828183
vt 0.432886 0.915347
vt 0.431404 0.851905
vt 0.532626 0.915094
vt 0.535638 0.764845
vt 0.535498 0.828183
vt 0.450254 0.764845
vt 0.549546 0.839804
vt 0.686557 0.839804
vt 0.686557 0.766420
vt 0.549546 0.766420
vt 0.551589 0.891219
vt 0.684735 0.891406
vt 0.728195 0.378410
vt 0.728242 0.345495
vt 0.712121 0.343125
vt 0.712069 0.380736
vt 0.695325 0.345451
vt 0.695278 0.378366
vt 0.940809 0.297498
vt 0.899813 0.300379
vt 0.899998 0.325679
vt 0.900832 0.373884
vt 0.939885 0.344344
vt 0.900142 0.343649
vt 0.868001 0.372721
vt 0.868660 0.345654
vt 0.866602 0.297789
vt 0.843504 0.298977
vt 0.844879 0.325713
vt 0.868319 0.324892
vt 0.844917 0.372430
vt 0.845249 0.345712
vt 0.939386 0.324138
vt 0.941715 0.371086
vt 0.944090 0.643423
vt 0.949905 0.657973
vt 0.988907 0.652063
vt 0.997019 0.642184
vt 0.941174 0.629693
vt 0.996136 0.628493
vt 0.947399 0.616345
vt 0.987859 0.615844
vt 0.975149 0.609363
vt 0.959784 0.608446
vt 0.977305 0.661967
vt 0.913207 0.453729
vt 0.911983 0.462700
vt 0.956080 0.463603
vt 0.957304 0.454633
vt 0.956794 0.479568
vt 0.913946 0.417646
vt 0.913480 0.437172
vt 0.957577 0.438075
vt 0.958044 0.418549
vt 0.912697 0.478665
vt 0.852377 0.444507
vt 0.844290 0.440132
vt 0.843951 0.458750
vt 0.836033 0.445066
vt 0.835864 0.454375
vt 0.993792 0.684717
vt 0.994203 0.671255
vt 0.983798 0.664368
vt 0.972933 0.670948
vt 0.972512 0.684500
vt 0.982962 0.691383
vt 0.726423 0.719640
vt 0.736393 0.719640
vt 0.736392 0.711134
vt 0.726423 0.711134
vt 0.717259 0.719640
vt 0.717259 0.711134
vt 0.706925 0.719640
vt 0.706925 0.711134
vt 0.696485 0.719640
vt 0.696485 0.711134
vt 0.685626 0.719640
vt 0.685627 0.711134
vt 0.746240 0.719640
vt 0.746240 0.711134
vt 0.962377 0.382209
vt 0.953389 0.409837
vt 0.962378 0.409832
vt 0.917808 0.382206
vt 0.908728 0.382209
vt 0.908733 0.409840
vt 0.917813 0.409832
vt 0.926084 0.382207
vt 0.926087 0.409835
vt 0.934492 0.382204
vt 0.934492 0.409835
vt 0.943949 0.382205
vt 0.943950 0.409833
vt 0.953388 0.382203
vt 0.765355 0.668489
vt 0.766762 0.663419
vt 0.756110 0.656121
vt 0.752188 0.659469
vt 0.761434 0.671836
vt 0.750782 0.664539
vt 0.756496 0.672182
vt 0.752426 0.669395
vt 0.765117 0.658563
vt 0.761048 0.655775
vt 0.755030 0.690070
vt 0.755121 0.691118
vt 0.767342 0.693549
vt 0.766882 0.688114
vt 0.752680 0.687988
vt 0.753539 0.688588
vt 0.761753 0.678759
vt 0.757282 0.675638
vt 0.929129 0.616217
vt 0.921653 0.618887
vt 0.920002 0.626975
vt 0.935022 0.621201
vt 0.925710 0.632243
vt 0.933476 0.629371
vt 0.857028 0.645947
vt 0.846384 0.658935
vt 0.853634 0.664879
vt 0.862578 0.661358
vt 0.864277 0.651892
vt 0.848080 0.649470
vt 0.836061 0.189941
vt 0.871098 0.177117
vt 0.853693 0.205576
vt 0.835760 0.168035
vt 0.848132 0.147715
vt 0.862902 0.142782
vt 0.852146 0.130615
vt 0.529300 0.311967
vt 0.529108 0.297958
vt 0.551706 0.303766
vt 0.540575 0.321965
vt 0.527892 0.933630
vt 0.538348 0.933583
vt 0.538309 0.923126
vt 0.527846 0.923165
vt 0.625545 0.417834
vt 0.616979 0.448089
vt 0.594928 0.445071
vt 0.655666 0.463990
vt 0.654573 0.448402
vt 0.565258 0.430230
vt 0.560053 0.438792
vt 0.569873 0.436974
vt 0.474983 0.279034
vt 0.497509 0.277984
vt 0.487295 0.270060
vt 0.476619 0.318946
vt 0.486572 0.327711
vt 0.494340 0.318109
vt 0.413139 0.551358
vt 0.417025 0.526779
vt 0.430646 0.563410
vt 0.389300 0.557957
vt 0.388884 0.402444
vt 0.421084 0.413119
vt 0.396349 0.432831
vt 0.468690 0.743511
vt 0.475418 0.747458
vt 0.478038 0.731446
vt 0.510176 0.746045
vt 0.501252 0.732821
vt 0.502587 0.749301
vt 0.506222 0.709553
vt 0.498085 0.704042
vt 0.499863 0.717505
vt 0.474427 0.709006
vt 0.480238 0.716706
vt 0.482262 0.703522
vt 0.502117 0.686692
vt 0.495074 0.681746
vt 0.496119 0.691673
vt 0.477232 0.686534
vt 0.483963 0.691341
vt 0.484430 0.681347
vt 0.500697 0.658278
vt 0.494735 0.654680
vt 0.494075 0.664108
vt 0.478454 0.657938
vt 0.485060 0.663744
vt 0.484474 0.654310
vt 0.500532 0.639841
vt 0.496369 0.635093
vt 0.494899 0.644346
vt 0.478967 0.639371
vt 0.484513 0.643967
vt 0.483350 0.634710
vt 0.503024 0.617634
vt 0.498736 0.615408
vt 0.497418 0.625613
vt 0.477373 0.617081
vt 0.482697 0.625220
vt 0.481834 0.614997
vt 0.481508 0.413066
vt 0.480532 0.414847
vt 0.480974 0.416919
vt 0.564173 0.517083
vt 0.559639 0.500179
vt 0.530028 0.514377
vt 0.551360 0.487118
vt 0.532862 0.478079
vt 0.523434 0.483948
vt 0.510684 0.484103
vt 0.498154 0.500666
vt 0.495473 0.519836
vt 0.501886 0.533329
vt 0.509988 0.544475
vt 0.525011 0.551055
vt 0.546770 0.546941
vt 0.559945 0.535375
vt 0.534909 0.661859
vt 0.534258 0.665116
vt 0.551174 0.674648
vt 0.532890 0.668571
vt 0.532254 0.671591
vt 0.532811 0.675943
vt 0.534498 0.679799
vt 0.552799 0.652439
vt 0.550855 0.652380
vt 0.547589 0.652918
vt 0.543878 0.653910
vt 0.540716 0.655090
vt 0.539240 0.656581
vt 0.536769 0.659202
vt 0.877978 0.856483
vt 0.877232 0.872658
vt 0.889929 0.851614
vt 0.905011 0.870715
vt 0.902126 0.972930
vt 0.877310 0.972490
vt 0.890365 0.983221
vt 0.878460 0.981310
vt 0.905096 0.852899
vt 0.901777 0.982274
vt 0.723741 0.946973
vt 0.722927 0.960191
vt 0.736016 0.945534
vt 0.736322 0.974965
vt 0.725525 0.973947
vt 0.828994 0.946923
vt 0.845428 0.959954
vt 0.843442 0.947405
vt 0.831004 0.976284
vt 0.844607 0.974824
vt 0.972286 0.964119
vt 0.943732 0.957997
vt 0.944710 0.863614
vt 0.970146 0.858760
vt 0.955654 0.852027
vt 0.968477 0.850066
vt 0.945665 0.969435
vt 0.945065 0.855897
vt 0.260362 0.824402
vt 0.258718 0.830026
vt 0.255089 0.827156
vt 0.256301 0.820871
vt 0.250601 0.822925
vt 0.248926 0.828532
vt 0.252981 0.832101
vt 0.252928 0.820876
vt 0.254644 0.815113
vt 0.248278 0.816496
vt 0.250476 0.811502
vt 0.244596 0.813614
vt 0.242846 0.819357
vt 0.247009 0.823010
vt 0.275191 0.846095
vt 0.272207 0.849169
vt 0.274373 0.844567
vt 0.276356 0.841025
vt 0.274536 0.839067
vt 0.271571 0.842145
vt 0.270407 0.847178
vt 0.259081 0.843251
vt 0.262060 0.840121
vt 0.259253 0.837672
vt 0.263258 0.834998
vt 0.261475 0.833043
vt 0.258515 0.836177
vt 0.257318 0.841262
vt 0.503285 0.920274
vt 0.497208 0.920274
vt 0.502118 0.935389
vt 0.492432 0.920274
vt 0.486946 0.920274
vt 0.492081 0.935389
vt 0.524836 0.920274
vt 0.519326 0.920274
vt 0.524730 0.935389
vt 0.480603 0.979707
vt 0.491431 0.994171
vt 0.506829 0.968376
vt 0.508694 0.999504
vt 0.525797 0.993671
vt 0.536202 0.978901
vt 0.535943 0.960833
vt 0.525109 0.946372
vt 0.507847 0.941039
vt 0.490749 0.946871
vt 0.480338 0.961641
vt 0.684567 0.662749
vt 0.696486 0.646341
vt 0.665273 0.636200
vt 0.696486 0.626060
vt 0.684567 0.609652
vt 0.665273 0.603384
vt 0.648314 0.612855
vt 0.637833 0.627283
vt 0.637833 0.645118
vt 0.648314 0.659545
vt 0.665273 0.665057
vt 0.850508 0.375082
vt 0.838249 0.383533
vt 0.850252 0.386839
vt 0.842025 0.128282
vt 0.850396 0.112569
vt 0.235704 0.841928
vt 0.156016 0.842307
vt 0.838848 0.293986
vt 0.836522 0.271306
vt 0.789349 0.276038
vt 0.788994 0.292912
vt 0.836139 0.250269
vt 0.790060 0.252294
vt 0.839620 0.315037
vt 0.790838 0.315774
vt 0.703195 0.252538
vt 0.701350 0.278026
vt 0.702717 0.294367
vt 0.705239 0.318423
vt 0.609743 0.278209
vt 0.612827 0.250235
vt 0.566104 0.247960
vt 0.561762 0.274868
vt 0.613589 0.295274
vt 0.561153 0.299301
vt 0.565614 0.326142
vt 0.617149 0.323913
vt 0.629533 0.183466
vt 0.566967 0.182011
vt 0.566967 0.126163
vt 0.566967 0.155223
vt 0.630310 0.156081
vt 0.631134 0.127271
vt 0.705984 0.185397
vt 0.706103 0.159074
vt 0.706733 0.130212
vt 0.774444 0.185479
vt 0.774579 0.158897
vt 0.775057 0.130741
vt 0.822129 0.186534
vt 0.822129 0.160647
vt 0.822129 0.132483
vt 0.577174 0.415372
vt 0.577174 0.402537
vt 0.502859 0.402537
vt 0.502859 0.415372
vt 0.539672 0.415372
vt 0.539672 0.402537
vt 0.471706 0.438331
vt 0.636580 0.476711
vt 0.635402 0.463953
vt 0.618635 0.472311
vt 0.617759 0.484532
vt 0.586407 0.477005
vt 0.589872 0.463947
vt 0.577521 0.450616
vt 0.570367 0.459338
vt 0.603285 0.468937
vt 0.600916 0.483027
vt 0.606649 0.448516
vt 0.610875 0.414923
vt 0.644722 0.427325
vt 0.626988 0.414531
vt 0.651492 0.439741
vt 0.526991 0.426368
vt 0.517179 0.429381
vt 0.520509 0.440363
vt 0.526439 0.438091
vt 0.508314 0.436417
vt 0.515598 0.445643
vt 0.501521 0.444148
vt 0.512137 0.450798
vt 0.550834 0.446378
vt 0.544670 0.438003
vt 0.536515 0.446600
vt 0.539503 0.452135
vt 0.536437 0.430110
vt 0.532131 0.440845
vt 0.596075 0.350114
vt 0.595279 0.364093
vt 0.596663 0.387825
vt 0.596749 0.401610
vt 0.596662 0.387825
vt 0.663136 0.518737
vt 0.663623 0.527478
vt 0.682644 0.526379
vt 0.682199 0.518654
vt 0.664859 0.537528
vt 0.683664 0.535253
vt 0.665810 0.546416
vt 0.684821 0.542976
vt 0.665566 0.491283
vt 0.664716 0.500080
vt 0.683415 0.502134
vt 0.684459 0.494459
vt 0.663572 0.510028
vt 0.682527 0.510949
vt 0.650936 0.398976
vt 0.674530 0.408171
vt 0.677767 0.395266
vt 0.652159 0.388592
vt 0.648781 0.407089
vt 0.670365 0.420597
vt 0.648387 0.353084
vt 0.650319 0.360342
vt 0.670686 0.351762
vt 0.666825 0.341071
vt 0.651689 0.369751
vt 0.674400 0.363557
vt 0.652289 0.378723
vt 0.676921 0.372844
vt 0.592214 0.524960
vt 0.590939 0.534915
vt 0.621449 0.540027
vt 0.620558 0.528554
vt 0.589752 0.547128
vt 0.622143 0.550196
vt 0.594670 0.490345
vt 0.594752 0.498591
vt 0.622521 0.497268
vt 0.623368 0.487949
vt 0.594036 0.507860
vt 0.621199 0.507995
vt 0.593124 0.516304
vt 0.620347 0.518145
vt 0.504364 0.430179
vt 0.515502 0.422763
vt 0.495900 0.438403
vt 0.549155 0.432091
vt 0.556986 0.441053
vt 0.538674 0.423660
vt 0.527252 0.419817
vt 0.682203 0.577419
vt 0.631173 0.386461
vt 0.628519 0.386594
vt 0.627696 0.394707
vt 0.630349 0.395717
vt 0.678766 0.408335
vt 0.682670 0.395377
vt 0.625912 0.401585
vt 0.628684 0.404191
vt 0.675939 0.418930
vt 0.629771 0.355089
vt 0.627119 0.357395
vt 0.628511 0.363821
vt 0.631029 0.362969
vt 0.674262 0.351414
vt 0.671635 0.342403
vt 0.628946 0.371478
vt 0.631482 0.371692
vt 0.678063 0.361880
vt 0.628892 0.378943
vt 0.631482 0.378980
vt 0.682244 0.374159
vt 0.645908 0.527751
vt 0.646756 0.537356
vt 0.647554 0.545266
vt 0.647633 0.492680
vt 0.646885 0.500323
vt 0.646005 0.509698
vt 0.645609 0.518685
vt 0.487257 0.473748
vt 0.485903 0.460807
vt 0.449069 0.329959
vt 0.448603 0.316962
vt 0.448902 0.277481
vt 0.450991 0.265335
vt 0.514716 0.278513
vt 0.512667 0.266454
vt 0.512826 0.330007
vt 0.514338 0.317901
vt 0.358009 0.500349
vt 0.344818 0.501772
vt 0.378054 0.519648
vt 0.377081 0.501295
vt 0.324464 0.502603
vt 0.324714 0.520542
vt 0.322774 0.478356
vt 0.378120 0.476568
vt 0.222063 0.640983
vt 0.232602 0.641656
vt 0.229869 0.626101
vt 0.224076 0.625716
vt 0.242917 0.638984
vt 0.237795 0.625314
vt 0.211398 0.638579
vt 0.216061 0.625036
vt 0.231040 0.609000
vt 0.223056 0.609127
vt 0.215592 0.609352
vt 0.238469 0.609318
vt 0.241387 0.594449
vt 0.242833 0.589244
vt 0.324357 0.638458
vt 0.323444 0.627585
vt 0.312039 0.627996
vt 0.311729 0.634709
vt 0.321996 0.615624
vt 0.311409 0.619644
vt 0.303156 0.626893
vt 0.301772 0.638365
vt 0.303036 0.619791
vt 0.302390 0.645062
vt 0.310686 0.643271
vt 0.321144 0.647155
vt 0.380656 0.590156
vt 0.378793 0.606734
vt 0.012612 0.615551
vt 0.032947 0.613055
vt 0.032996 0.596849
vt 0.016472 0.597515
vt 0.304228 0.684120
vt 0.324279 0.687030
vt 0.320886 0.671506
vt 0.304361 0.670512
vt 0.324497 0.651731
vt 0.304580 0.655376
vt 0.033075 0.578771
vt 0.013316 0.574716
vt 0.748480 0.702196
vt 0.659803 0.698968
vt 0.747992 0.664740
vt 0.660352 0.668247
vt 0.580222 0.666178
vt 0.578935 0.701757
vt 0.378793 0.606735
vt 0.380656 0.590154
vt 0.012613 0.615550
vt 0.016473 0.597515
vt 0.032945 0.613053
vt 0.304227 0.684121
vt 0.304360 0.670511
vt 0.324279 0.687032
vt 0.304578 0.655375
vt 0.324496 0.651730
vt 0.013317 0.574717
vt 0.033075 0.578772
vt 0.397326 0.525455
vt 0.377378 0.549829
vt 0.382728 0.483359
vt 0.404267 0.484518
vt 0.391658 0.460595
vt 0.412854 0.460201
vt 0.375531 0.411402
vt 0.379646 0.431434
vt 0.464447 0.403667
vt 0.464447 0.422788
vt 0.464447 0.453096
vt 0.464447 0.481306
vt 0.464447 0.522919
vt 0.464447 0.569581
vt 0.010190 0.305514
vt 0.460008 0.693674
vt 0.460009 0.657172
vt 0.442813 0.657173
vt 0.442813 0.693674
vt 0.460009 0.632714
vt 0.442813 0.632714
vt 0.460009 0.612313
vt 0.442813 0.612313
vt 0.651918 0.581730
vt 0.651909 0.597528
vt 0.460008 0.751131
vt 0.442812 0.751130
vt 0.812776 0.683445
vt 0.813882 0.685355
vt 0.818483 0.683168
vt 0.816824 0.680039
vt 0.814511 0.687440
vt 0.819374 0.686466
vt 0.814662 0.689588
vt 0.819492 0.689809
vt 0.814439 0.691373
vt 0.818891 0.692930
vt 0.813712 0.693053
vt 0.817568 0.695812
vt 0.812567 0.694474
vt 0.815588 0.698344
vt 0.811143 0.695494
vt 0.813017 0.700465
vt 0.809581 0.695998
vt 0.809852 0.702204
vt 0.808041 0.695903
vt 0.805861 0.703835
vt 0.805637 0.680477
vt 0.807485 0.680282
vt 0.807391 0.672942
vt 0.802386 0.671108
vt 0.809413 0.680776
vt 0.811276 0.674891
vt 0.811241 0.681879
vt 0.814402 0.677265
vt 0.823809 0.680791
vt 0.821558 0.676344
vt 0.824941 0.685510
vt 0.824999 0.690208
vt 0.824005 0.694745
vt 0.822035 0.698904
vt 0.819161 0.702605
vt 0.815456 0.705788
vt 0.810935 0.708504
vt 0.805497 0.710831
vt 0.808411 0.665482
vt 0.801715 0.662733
vt 0.813854 0.668651
vt 0.818242 0.672245
vt 0.830202 0.678209
vt 0.827367 0.672210
vt 0.831594 0.684488
vt 0.831524 0.690843
vt 0.830086 0.696914
vt 0.827377 0.702496
vt 0.823544 0.707391
vt 0.818698 0.711590
vt 0.812929 0.715186
vt 0.806296 0.718397
vt 0.810670 0.657642
vt 0.802657 0.653692
vt 0.817509 0.661920
vt 0.823095 0.666781
vt 0.838055 0.675248
vt 0.834566 0.667575
vt 0.839666 0.683448
vt 0.839417 0.691721
vt 0.837409 0.699631
vt 0.833841 0.706759
vt 0.828920 0.712903
vt 0.822842 0.718003
vt 0.815778 0.722248
vt 0.808002 0.726193
vt 0.814102 0.649457
vt 0.804901 0.644510
vt 0.822376 0.654653
vt 0.829290 0.660653
vt 0.847724 0.671826
vt 0.843520 0.662151
vt 0.849553 0.682315
vt 0.849007 0.692983
vt 0.846253 0.703090
vt 0.841608 0.712018
vt 0.835426 0.719424
vt 0.827944 0.725250
vt 0.819320 0.729601
vt 0.809824 0.732673
vt 0.818443 0.641044
vt 0.807332 0.637017
vt 0.828578 0.646584
vt 0.837071 0.653672
vt 0.494638 0.672668
vt 0.484639 0.672262
vt 0.500869 0.672188
vt 0.478404 0.671920
vt 0.882516 0.759686
vt 0.897602 0.759686
vt 0.894575 0.739550
vt 0.880596 0.739550
vt 0.912157 0.759686
vt 0.908064 0.739550
vt 0.926600 0.759686
vt 0.921447 0.739550
vt 0.939670 0.759686
vt 0.933559 0.739550
vt 0.772985 0.759686
vt 0.786521 0.759686
vt 0.791639 0.739550
vt 0.779096 0.739550
vt 0.800131 0.759686
vt 0.804252 0.739550
vt 0.812358 0.759686
vt 0.815583 0.739550
vt 0.825814 0.759686
vt 0.828051 0.739550
vt 0.839090 0.759686
vt 0.840355 0.739550
vt 0.853467 0.759686
vt 0.853677 0.739550
vt 0.868155 0.759686
vt 0.867288 0.739550
vt 0.492522 0.405842
vt 0.488491 0.410470
vt 0.490537 0.415106
vt 0.495655 0.414867
vt 0.483134 0.401702
vt 0.483671 0.408808
vt 0.473015 0.405270
vt 0.478481 0.409747
vt 0.469851 0.414277
vt 0.476164 0.414487
vt 0.472516 0.422852
vt 0.477526 0.419689
vt 0.479280 0.427938
vt 0.481529 0.422787
vt 0.487217 0.427894
vt 0.486123 0.422698
vt 0.493431 0.422925
vt 0.489479 0.419817
vt 0.485389 0.413277
vt 0.486353 0.415094
vt 0.483464 0.412509
vt 0.482561 0.418274
vt 0.484524 0.418317
vt 0.485997 0.417071
vt 0.588463 0.518375
vt 0.582757 0.491275
vt 0.570695 0.495881
vt 0.575900 0.516719
vt 0.566828 0.468381
vt 0.559197 0.477783
vt 0.535401 0.454759
vt 0.532256 0.465815
vt 0.516879 0.456777
vt 0.518735 0.470859
vt 0.499636 0.466084
vt 0.505757 0.472895
vt 0.473138 0.492132
vt 0.487052 0.495200
vt 0.470232 0.524442
vt 0.483049 0.521494
vt 0.481714 0.551020
vt 0.492030 0.541298
vt 0.495590 0.565471
vt 0.502472 0.553718
vt 0.521148 0.577834
vt 0.523453 0.564415
vt 0.558234 0.570570
vt 0.554978 0.558762
vt 0.580638 0.549861
vt 0.570313 0.541447
vt 0.564829 0.497612
vt 0.569874 0.516277
vt 0.555378 0.482994
vt 0.532035 0.473987
vt 0.522213 0.478517
vt 0.508946 0.479077
vt 0.495046 0.497752
vt 0.489829 0.519888
vt 0.496198 0.535370
vt 0.506121 0.548829
vt 0.524733 0.556142
vt 0.550366 0.551457
vt 0.565224 0.537461
vt 0.367978 0.622362
vt 0.370326 0.670884
vt 0.354199 0.672557
vt 0.349318 0.623464
vt 0.375342 0.711606
vt 0.360147 0.711872
vt 0.358820 0.757868
vt 0.345021 0.748431
vt 0.342426 0.802453
vt 0.325386 0.791696
vt 0.765206 0.813032
vt 0.741407 0.764660
vt 0.727179 0.778369
vt 0.746954 0.819947
vt 0.641326 0.908115
vt 0.641490 0.939059
vt 0.420575 0.670676
vt 0.420456 0.622477
vt 0.666350 0.911004
vt 0.666413 0.938950
vt 0.420661 0.711339
vt 0.687944 0.900943
vt 0.687880 0.938966
vt 0.420681 0.757066
vt 0.714393 0.889311
vt 0.714168 0.939083
vt 0.420616 0.803564
vt 0.726912 0.840712
vt 0.693998 0.819251
vt 0.843397 0.766143
vt 0.842668 0.814157
vt 0.420952 0.813491
vt 0.420519 0.919310
vt 0.342421 0.919310
vt 0.342421 0.813491
vt 0.325579 0.919310
vt 0.325562 0.813491
vt 0.321004 0.848879
vt 0.320796 0.903364
vt 0.278067 0.903008
vt 0.278421 0.848669
vt 0.367977 0.622359
vt 0.360147 0.711871
vt 0.375344 0.711606
vt 0.342426 0.802456
vt 0.741407 0.764661
vt 0.325574 0.813491
vt 0.325591 0.919310
vt 0.928846 0.238454
vt 0.955163 0.238449
vt 0.958342 0.201882
vt 0.925667 0.201882
vt 0.928846 0.238452
vt 0.955163 0.238456
vt 0.955119 0.169575
vt 0.928798 0.169575
vt 0.293485 0.577328
vt 0.255393 0.577328
vt 0.250861 0.624083
vt 0.298149 0.624083
vt 0.255462 0.677010
vt 0.293548 0.677003
vt 0.595373 0.720752
vt 0.595373 0.727266
vt 0.599532 0.727266
vt 0.599532 0.720752
vt 0.599532 0.713925
vt 0.595373 0.713925
vt 0.856994 0.676371
vt 0.856994 0.692316
vt 0.865952 0.692316
vt 0.865952 0.676370
vt 0.856993 0.669547
vt 0.865952 0.669547
vt 0.561124 0.713515
vt 0.561124 0.720739
vt 0.566061 0.720739
vt 0.566062 0.713515
vt 0.561124 0.707194
vt 0.566061 0.707194
vt 0.603626 0.727267
vt 0.603626 0.720752
vt 0.603626 0.713925
vt 0.874771 0.692316
vt 0.874771 0.676370
vt 0.874771 0.669547
vt 0.570922 0.720739
vt 0.570922 0.713515
vt 0.570922 0.707194
vt 0.607882 0.727266
vt 0.607882 0.720752
vt 0.607882 0.713925
vt 0.883941 0.692316
vt 0.883941 0.676370
vt 0.883941 0.669547
vt 0.575975 0.720739
vt 0.575975 0.713515
vt 0.575975 0.707194
vt 0.612524 0.713925
vt 0.612524 0.720752
vt 0.612524 0.727266
vt 0.893936 0.692316
vt 0.893938 0.676370
vt 0.893936 0.669547
vt 0.581485 0.720739
vt 0.581485 0.713515
vt 0.581485 0.707194
vt 0.616770 0.713925
vt 0.903084 0.692316
vt 0.903084 0.676370
vt 0.903084 0.669547
vt 0.586525 0.720739
vt 0.586525 0.713515
vt 0.586526 0.707194
vt 0.621440 0.713925
vt 0.913145 0.676371
vt 0.913145 0.692316
vt 0.913145 0.669547
vt 0.592071 0.713515
vt 0.592071 0.720739
vt 0.592071 0.707194
vt 0.561124 0.726221
vt 0.566062 0.726221
vt 0.586526 0.726221
vt 0.592071 0.726221
vt 0.581485 0.726221
vt 0.575975 0.726221
vt 0.570922 0.726221
vt 0.592071 0.705581
vt 0.586525 0.705581
vt 0.566061 0.705580
vt 0.561124 0.705581
vt 0.570922 0.705581
vt 0.575975 0.705580
vt 0.581485 0.705581
vt 0.561124 0.727869
vt 0.566062 0.727869
vt 0.586525 0.727869
vt 0.592071 0.727869
vt 0.581485 0.727869
vt 0.575975 0.727869
vt 0.570922 0.727869
vt 0.747637 0.758623
vt 0.756599 0.758623
vt 0.756599 0.747687
vt 0.747637 0.747687
vt 0.634474 0.758623
vt 0.645304 0.758623
vt 0.645304 0.747687
vt 0.634474 0.747687
vt 0.654934 0.758623
vt 0.654934 0.747687
vt 0.665270 0.758623
vt 0.665270 0.747687
vt 0.675491 0.758623
vt 0.675491 0.747687
vt 0.685636 0.758623
vt 0.685636 0.747687
vt 0.695509 0.758623
vt 0.695509 0.747687
vt 0.705178 0.758623
vt 0.705178 0.747687
vt 0.716021 0.758623
vt 0.716021 0.747687
vt 0.726917 0.758623
vt 0.726917 0.747687
vt 0.737640 0.758623
vt 0.737640 0.747687
vt 0.699611 0.737629
vt 0.709390 0.737629
vt 0.709390 0.728639
vt 0.699611 0.728639
vt 0.690890 0.737629
vt 0.690890 0.728639
vt 0.681985 0.737629
vt 0.681985 0.728639
vt 0.672836 0.737629
vt 0.672836 0.728639
vt 0.663617 0.737629
vt 0.663617 0.728639
vt 0.654295 0.737629
vt 0.654295 0.728639
vt 0.645609 0.737629
vt 0.645609 0.728639
vt 0.635841 0.737629
vt 0.635841 0.728639
vt 0.737905 0.737629
vt 0.745988 0.737629
vt 0.745988 0.728639
vt 0.737905 0.728639
vt 0.728889 0.737629
vt 0.728889 0.728639
vt 0.719217 0.737629
vt 0.719217 0.728639
vt 0.586105 0.759121
vt 0.595477 0.759121
vt 0.595477 0.731390
vt 0.586105 0.731390
vt 0.577747 0.759121
vt 0.577747 0.731390
vt 0.569212 0.759121
vt 0.569212 0.731390
vt 0.560443 0.759121
vt 0.560443 0.731390
vt 0.551607 0.759121
vt 0.551607 0.731390
vt 0.542673 0.759121
vt 0.542673 0.731390
vt 0.534348 0.759121
vt 0.534348 0.731390
vt 0.524987 0.759121
vt 0.524987 0.731390
vt 0.622807 0.759121
vt 0.630554 0.759121
vt 0.630554 0.731390
vt 0.622807 0.731390
vt 0.614165 0.759121
vt 0.614165 0.731390
vt 0.604896 0.759121
vt 0.604896 0.731390
vt 0.756599 0.743685
vt 0.747637 0.743685
vt 0.645304 0.743685
vt 0.634474 0.743685
vt 0.654934 0.743685
vt 0.665270 0.743685
vt 0.675491 0.743685
vt 0.685636 0.743685
vt 0.695509 0.743685
vt 0.705178 0.743685
vt 0.716021 0.743685
vt 0.726917 0.743685
vt 0.737640 0.743685
vt 0.699611 0.740018
vt 0.709390 0.740018
vt 0.690890 0.740018
vt 0.681985 0.740018
vt 0.672836 0.740018
vt 0.663617 0.740018
vt 0.654295 0.740018
vt 0.645609 0.740018
vt 0.635841 0.740018
vt 0.737905 0.740018
vt 0.745988 0.740018
vt 0.728889 0.740018
vt 0.719217 0.740018
vt 0.745988 0.723912
vt 0.737905 0.723912
vt 0.645609 0.723912
vt 0.635841 0.723912
vt 0.654295 0.723912
vt 0.663617 0.723912
vt 0.672836 0.723912
vt 0.681985 0.723912
vt 0.690890 0.723912
vt 0.699611 0.723912
vt 0.709390 0.723912
vt 0.719217 0.723912
vt 0.728889 0.723912
vt 0.972643 0.711952
vt 0.585126 0.660273
vt 0.968933 0.602040
vt 0.990302 0.602040
vt 0.832599 0.220025
vt 0.832599 0.242946
vt 0.743574 0.004685
vt 0.874107 0.088298
vt 0.874107 0.147522
vt 0.887681 0.834634
vt 0.872827 0.839011
vt 0.877263 0.993981
vt 0.889869 0.995168
vt 0.862885 0.858991
vt 0.868188 0.873530
vt 0.914042 0.872083
vt 0.920439 0.856190
vt 0.914115 0.980316
vt 0.911058 0.972195
vt 0.868396 0.971865
vt 0.865750 0.979998
vt 0.905493 0.835033
vt 0.902012 0.994943
vt 0.875440 0.921242
vt 0.903952 0.919621
vt 0.913021 0.919889
vt 0.866390 0.921260
vt 0.699648 0.948281
vt 0.703024 0.963093
vt 0.862856 0.959286
vt 0.861806 0.945918
vt 0.730020 0.993369
vt 0.738191 0.987277
vt 0.738020 0.932516
vt 0.729094 0.925627
vt 0.862882 0.974810
vt 0.705509 0.977442
vt 0.778391 0.975353
vt 0.779001 0.945164
vt 0.779225 0.932086
vt 0.778187 0.988191
vt 0.840872 0.929298
vt 0.827900 0.934040
vt 0.829627 0.988919
vt 0.842546 0.993311
vt 0.964984 0.833800
vt 0.951820 0.836633
vt 0.990713 0.968848
vt 0.984178 0.962364
vt 0.932031 0.956549
vt 0.925678 0.966767
vt 0.928983 0.858811
vt 0.933210 0.865106
vt 0.981805 0.859541
vt 0.985608 0.851314
vt 0.938975 0.992992
vt 0.940448 0.839911
vt 0.932698 0.907687
vt 0.944597 0.907822
vt 0.983276 0.912869
vt 0.971340 0.913129
vt 0.263387 0.820968
vt 0.260536 0.830772
vt 0.256313 0.814849
vt 0.246400 0.818415
vt 0.243450 0.828163
vt 0.250511 0.834400
vt 0.263341 0.817739
vt 0.260016 0.829144
vt 0.255109 0.810639
vt 0.243571 0.814783
vt 0.240112 0.826113
vt 0.248325 0.833374
vt 0.260162 0.815582
vt 0.257240 0.825524
vt 0.252981 0.809384
vt 0.242889 0.813007
vt 0.239864 0.822891
vt 0.247031 0.829211
vt 0.273779 0.846308
vt 0.268600 0.851651
vt 0.275811 0.837484
vt 0.272655 0.834114
vt 0.267535 0.839468
vt 0.265509 0.848181
vt 0.270482 0.845127
vt 0.264499 0.851328
vt 0.272847 0.834896
vt 0.269220 0.831016
vt 0.263314 0.837231
vt 0.260958 0.847313
vt 0.266182 0.842857
vt 0.261006 0.848258
vt 0.268246 0.833980
vt 0.265129 0.830614
vt 0.260012 0.836023
vt 0.257954 0.844789
vt 0.610201 0.993026
vt 0.622646 0.997530
vt 0.635725 0.994072
vt 0.644223 0.983536
vt 0.638750 0.981532
vt 0.644854 0.970053
vt 0.637480 0.958808
vt 0.624946 0.954015
vt 0.611984 0.957453
vt 0.603448 0.967843
vt 0.602536 0.981548
vt 0.223917 0.932574
vt 0.232999 0.932574
vt 0.233000 0.920753
vt 0.223917 0.920753
vt 0.242220 0.932574
vt 0.242221 0.920753
vt 0.251160 0.932574
vt 0.251160 0.920753
vt 0.260035 0.932574
vt 0.260035 0.920753
vt 0.268544 0.932574
vt 0.268544 0.920753
vt 0.277163 0.932574
vt 0.277163 0.920753
vt 0.207906 0.932574
vt 0.215683 0.932574
vt 0.215684 0.920753
vt 0.207906 0.920753
vt 0.515161 0.920274
vt 0.508480 0.920274
vt 0.513159 0.935389
vt 0.482685 0.920274
vt 0.482685 0.935389
vt 0.843661 0.831557
vt 0.819500 0.827674
vt 0.819713 0.842626
vt 0.821588 0.854563
vt 0.820635 0.869631
vt 0.838933 0.868515
vt 0.783801 0.855202
vt 0.763696 0.873734
vt 0.786416 0.871830
vt 0.782820 0.842597
vt 0.783786 0.825691
vt 0.759320 0.826753
vt 0.802566 0.854047
vt 0.803938 0.869997
vt 0.801575 0.826974
vt 0.800737 0.842863
vt 0.542787 0.946218
vt 0.536571 0.965426
vt 0.542788 0.984598
vt 0.559123 0.996488
vt 0.579316 0.996466
vt 0.595626 0.984618
vt 0.601901 0.965425
vt 0.595647 0.946198
vt 0.579308 0.934361
vt 0.559139 0.934348
vt 0.782819 0.842597
vt 0.224206 0.989148
vt 0.238950 0.989148
vt 0.238950 0.961720
vt 0.224206 0.961720
vt 0.255949 0.989148
vt 0.255949 0.961720
vt 0.272788 0.989148
vt 0.272788 0.961720
vt 0.288974 0.989148
vt 0.288974 0.961720
vt 0.306463 0.989148
vt 0.306463 0.961720
vt 0.323231 0.989148
vt 0.323231 0.961720
vt 0.339239 0.989148
vt 0.339239 0.961720
vt 0.355049 0.989148
vt 0.355049 0.961720
vt 0.368223 0.989148
vt 0.368223 0.961720
vt 0.207121 0.989148
vt 0.207121 0.961720
vt 0.207395 0.958377
vt 0.221277 0.958377
vt 0.221277 0.940272
vt 0.207395 0.940272
vt 0.236980 0.958377
vt 0.236980 0.940272
vt 0.252534 0.958377
vt 0.252534 0.940272
vt 0.267492 0.958377
vt 0.267492 0.940272
vt 0.282960 0.958377
vt 0.282960 0.940272
vt 0.297506 0.958377
vt 0.297506 0.940272
vt 0.312107 0.958377
vt 0.312107 0.940272
vt 0.326609 0.958377
vt 0.326609 0.940272
vt 0.340477 0.958377
vt 0.340477 0.940272
vt 0.353511 0.958377
vt 0.353511 0.940272
vt 0.244109 0.761706
vt 0.254564 0.761442
vt 0.254755 0.752994
vt 0.243283 0.752660
vt 0.265432 0.762039
vt 0.265848 0.753583
vt 0.276282 0.763408
vt 0.277002 0.753908
vt 0.286803 0.765604
vt 0.288526 0.754549
vt 0.296804 0.768765
vt 0.300125 0.756467
vt 0.246936 0.782374
vt 0.254690 0.781015
vt 0.262737 0.781821
vt 0.270448 0.784814
vt 0.277369 0.789342
vt 0.283527 0.794494
vt 0.248280 0.806800
vt 0.253085 0.805996
vt 0.257812 0.806614
vt 0.262222 0.808685
vt 0.266210 0.811780
vt 0.269832 0.815302
vt 0.792508 0.888345
vt 0.799010 0.924296
vt 0.783049 0.885021
vt 0.755406 0.909143
vt 0.780759 0.882646
vt 0.747574 0.894536
vt 0.433241 0.397430
vt 0.456386 0.397430
vt 0.325524 0.397430
vt 0.351838 0.397430
vt 0.371053 0.397430
vt 0.390364 0.397430
vt 0.412002 0.397430
vt 0.433587 0.254843
vt 0.445877 0.254833
vt 0.445709 0.192432
vt 0.434165 0.192550
vt 0.422955 0.254845
vt 0.424181 0.192806
vt 0.410655 0.254588
vt 0.412743 0.193408
vt 0.390056 0.254089
vt 0.391217 0.194966
vt 0.458216 0.255010
vt 0.468927 0.254922
vt 0.467250 0.192560
vt 0.457255 0.192394
vt 0.444716 0.005849
vt 0.427037 0.006031
vt 0.411726 0.006585
vt 0.394088 0.008055
vt 0.371787 0.010630
vt 0.478706 0.193054
vt 0.500278 0.194393
vt 0.517699 0.009834
vt 0.495369 0.007501
vt 0.477713 0.006223
vt 0.462396 0.005837
vt 0.390363 0.397430
vt 0.505253 0.397430
vt 0.505253 0.347763
vt 0.478889 0.397430
vt 0.458216 0.255011
vt 0.467249 0.192560
vt 0.481304 0.254550
vt 0.502013 0.253817
vt 0.500278 0.194392
vt 0.325523 0.334431
vt 0.325523 0.347763
vt 0.505253 0.334431
vt 0.517699 0.009835
vt 0.573963 0.010867
vt 0.546586 0.196227
vt 0.546586 0.196228
vt 0.546788 0.255153
vt 0.559262 0.334313
vt 0.505244 0.334437
vt 0.433234 0.397436
vt 0.456379 0.397436
vt 0.456379 0.347769
vt 0.478881 0.397436
vt 0.478881 0.347769
vt 0.325517 0.397436
vt 0.351830 0.397436
vt 0.371046 0.397436
vt 0.390356 0.397436
vt 0.411994 0.397436
vt 0.433579 0.254849
vt 0.445870 0.254839
vt 0.445702 0.192438
vt 0.434159 0.192556
vt 0.422947 0.254850
vt 0.424174 0.192811
vt 0.410648 0.254593
vt 0.412736 0.193413
vt 0.390049 0.254094
vt 0.391210 0.194972
vt 0.481297 0.254555
vt 0.502006 0.253823
vt 0.500270 0.194399
vt 0.478698 0.193060
vt 0.468920 0.254927
vt 0.467242 0.192566
vt 0.458209 0.255016
vt 0.457247 0.192400
vt 0.478881 0.334437
vt 0.444709 0.005856
vt 0.427029 0.006038
vt 0.411720 0.006592
vt 0.394081 0.008062
vt 0.371780 0.010637
vt 0.517692 0.009840
vt 0.495361 0.007508
vt 0.477706 0.006230
vt 0.462389 0.005844
vt 0.573080 0.111794
vt 0.617867 0.111794
vt 0.617853 0.089806
vt 0.573071 0.089806
vt 0.623897 0.111794
vt 0.647030 0.111794
vt 0.647029 0.089806
vt 0.623887 0.089806
vt 0.670910 0.111794
vt 0.670920 0.089806
vt 0.616463 0.083451
vt 0.573144 0.083451
vt 0.624826 0.083451
vt 0.647085 0.083451
vt 0.669990 0.083451
vt 0.573159 0.118205
vt 0.616489 0.118205
vt 0.647086 0.118205
vt 0.669977 0.118205
vt 0.624841 0.118205
vt 0.721801 0.089806
vt 0.678175 0.089806
vt 0.678162 0.111794
vt 0.721792 0.111794
vt 0.721708 0.083451
vt 0.679462 0.083451
vt 0.679434 0.118205
vt 0.721693 0.118205
vt 0.715725 0.056066
vt 0.715723 0.032352
vt 0.682043 0.032352
vt 0.682041 0.056066
vt 0.715726 0.078252
vt 0.682040 0.078251
vt 0.710043 0.029956
vt 0.687722 0.029957
vt 0.687718 0.080599
vt 0.710048 0.080599
vt 0.715724 0.056066
vt 0.682043 0.032353
vt 0.715722 0.032353
vt 0.715725 0.078251
vt 0.710043 0.029957
vt 0.687723 0.029957
vt 0.202559 0.197150
vt 0.202544 0.207042
vt 0.180225 0.157496
vt 0.168351 0.158737
vt 0.169209 0.175931
vt 0.179621 0.174454
vt 0.181754 0.189784
vt 0.187389 0.183595
vt 0.203120 0.194920
vt 0.202461 0.187693
vt 0.180231 0.157515
vt 0.179629 0.174456
vt 0.169227 0.175931
vt 0.168368 0.158755
vt 0.187388 0.183587
vt 0.181758 0.189769
vt 0.202444 0.187681
vt 0.203102 0.194901
vt 0.144716 0.126890
vt 0.143601 0.143303
vt 0.153187 0.143957
vt 0.155341 0.127980
vt 0.166833 0.147117
vt 0.167453 0.130088
vt 0.156468 0.130088
vt 0.157086 0.147117
vt 0.143677 0.162180
vt 0.151780 0.162337
vt 0.166138 0.159930
vt 0.157899 0.159930
vt 0.145001 0.185061
vt 0.150461 0.185078
vt 0.164736 0.176598
vt 0.157603 0.176598
vt 0.166909 0.908600
vt 0.166909 0.944868
vt 0.201591 0.944868
vt 0.201591 0.908600
vt 0.166909 0.981830
vt 0.201591 0.981830
vt 0.168368 0.158754
vt 0.151778 0.162337
vt 0.157900 0.159930
vt 0.890755 0.733858
vt 0.898922 0.733858
vt 0.898869 0.702745
vt 0.891741 0.702745
vt 0.907283 0.733858
vt 0.906193 0.702745
vt 0.915853 0.733858
vt 0.913663 0.702745
vt 0.924218 0.733858
vt 0.920871 0.702745
vt 0.932056 0.733858
vt 0.927442 0.702745
vt 0.849772 0.733858
vt 0.857324 0.733858
vt 0.862545 0.702745
vt 0.856201 0.702745
vt 0.865355 0.733858
vt 0.869515 0.702745
vt 0.873860 0.733858
vt 0.876967 0.702745
vt 0.882431 0.733858
vt 0.884482 0.702745
vt 0.877212 0.695801
vt 0.869967 0.695801
vt 0.863093 0.695801
vt 0.855827 0.695801
vt 0.927610 0.695801
vt 0.919918 0.695801
vt 0.912946 0.695801
vt 0.906382 0.695801
vt 0.899676 0.695801
vt 0.892485 0.695801
vt 0.884848 0.695801
vt 0.890755 0.733859
vt 0.898921 0.733859
vt 0.898869 0.702746
vt 0.891741 0.702746
vt 0.907283 0.733859
vt 0.906193 0.702746
vt 0.915852 0.733859
vt 0.913663 0.702746
vt 0.924219 0.733859
vt 0.920872 0.702746
vt 0.932056 0.733859
vt 0.927442 0.702746
vt 0.849772 0.733859
vt 0.857325 0.733859
vt 0.862545 0.702746
vt 0.856201 0.702746
vt 0.865356 0.733859
vt 0.869515 0.702746
vt 0.873860 0.733859
vt 0.876967 0.702746
vt 0.882430 0.733859
vt 0.884482 0.702746
vt 0.877212 0.695802
vt 0.869967 0.695802
vt 0.863093 0.695802
vt 0.855827 0.695802
vt 0.927610 0.695802
vt 0.919918 0.695802
vt 0.912946 0.695802
vt 0.906382 0.695802
vt 0.899675 0.695802
vt 0.892485 0.695802
vt 0.884849 0.695802
vt 0.532627 0.915094
vt 0.692740 0.609015
vt 0.717206 0.609015
vt 0.717206 0.593044
vt 0.692740 0.593044
vt 0.742813 0.609015
vt 0.742813 0.593044
vt 0.765585 0.609015
vt 0.765585 0.593044
vt 0.790694 0.609015
vt 0.790694 0.593044
vt 0.814694 0.609015
vt 0.814694 0.593044
vt 0.842015 0.609015
vt 0.842015 0.593044
vt 0.867997 0.609015
vt 0.867997 0.593044
vt 0.893928 0.609015
vt 0.893928 0.593044
vt 0.918320 0.609015
vt 0.918320 0.593044
vt 0.939929 0.609015
vt 0.939929 0.593044
vt 0.692740 0.557075
vt 0.717206 0.557075
vt 0.717206 0.549366
vt 0.692740 0.549445
vt 0.742813 0.557075
vt 0.742813 0.549430
vt 0.765585 0.557075
vt 0.765585 0.549427
vt 0.790694 0.557075
vt 0.790694 0.549449
vt 0.814694 0.557075
vt 0.814694 0.549420
vt 0.842015 0.557075
vt 0.842015 0.549403
vt 0.867997 0.557075
vt 0.867997 0.549417
vt 0.893928 0.557075
vt 0.893928 0.549408
vt 0.918320 0.557075
vt 0.918320 0.549438
vt 0.939929 0.557075
vt 0.939929 0.549388
vt 0.717206 0.539500
vt 0.692740 0.539500
vt 0.742813 0.539500
vt 0.765585 0.539500
vt 0.790694 0.539500
vt 0.814694 0.539500
vt 0.842015 0.539500
vt 0.867997 0.539500
vt 0.893928 0.539500
vt 0.918320 0.539500
vt 0.939929 0.539500
vt 0.867997 0.575341
vt 0.893928 0.575341
vt 0.842015 0.575341
vt 0.814694 0.575341
vt 0.790694 0.575341
vt 0.765585 0.575341
vt 0.742813 0.575341
vt 0.717206 0.575341
vt 0.692740 0.575341
vt 0.918320 0.575341
vt 0.939929 0.575341
vt 0.692520 0.407616
vt 0.692520 0.438477
vt 0.725542 0.438477
vt 0.725542 0.407616
vt 0.725542 0.502057
vt 0.725542 0.470710
vt 0.692520 0.470710
vt 0.692520 0.502057
vt 0.692520 0.453555
vt 0.725542 0.453555
vt 0.692520 0.518117
vt 0.692520 0.533770
vt 0.725542 0.533770
vt 0.725542 0.518117
vt 0.729861 0.438477
vt 0.729861 0.407616
vt 0.729861 0.453555
vt 0.729861 0.502057
vt 0.729861 0.470710
vt 0.729861 0.533770
vt 0.729861 0.518117
vt 0.734306 0.534676
vt 0.783426 0.534676
vt 0.783469 0.485554
vt 0.734878 0.485438
vt 0.832497 0.535082
vt 0.832123 0.485559
vt 0.783453 0.436543
vt 0.734464 0.436118
vt 0.832472 0.436098
vt 0.872792 0.613786
vt 0.853734 0.612237
vt 0.853944 0.628134
vt 0.870679 0.629661
vt 0.835799 0.613290
vt 0.838282 0.628773
vt 0.967861 0.746371
vt 0.969147 0.727937
vt 0.954108 0.728889
vt 0.952982 0.745012
vt 0.967303 0.710321
vt 0.952588 0.713255
vt 0.962781 0.693028
vt 0.948703 0.697853
vt 0.955664 0.677432
vt 0.942633 0.684041
vt 0.946876 0.660263
vt 0.935073 0.669134
vt 0.935251 0.646255
vt 0.924899 0.657066
vt 0.921006 0.634921
vt 0.912418 0.647359
vt 0.904397 0.625334
vt 0.897971 0.639224
vt 0.889902 0.617976
vt 0.885409 0.633104
vt 0.901593 0.655573
vt 0.912975 0.663108
vt 0.922153 0.673181
vt 0.928680 0.686158
vt 0.933454 0.698178
vt 0.936531 0.711408
vt 0.937902 0.724912
vt 0.937623 0.739175
vt 0.835075 0.645702
vt 0.848902 0.644436
vt 0.863596 0.644341
vt 0.876775 0.645744
vt 0.888347 0.649729
vt 0.962965 0.664735
vt 0.886088 0.455685
vt 0.908393 0.456087
vt 0.905257 0.438109
vt 0.894941 0.438976
vt 0.887521 0.462014
vt 0.884886 0.480072
vt 0.907170 0.479053
vt 0.897857 0.462595
vt 0.847207 0.533353
vt 0.855382 0.534309
vt 0.855548 0.527683
vt 0.848043 0.526833
vt 0.862861 0.534750
vt 0.862763 0.528041
vt 0.870463 0.534212
vt 0.870024 0.527636
vt 0.878425 0.532921
vt 0.877410 0.526607
vt 0.886229 0.530982
vt 0.884225 0.525367
vt 0.838944 0.531680
vt 0.840988 0.525864
vt 0.852208 0.453817
vt 0.962381 0.379198
vt 0.953391 0.379190
vt 0.953390 0.413333
vt 0.962382 0.413326
vt 0.917809 0.379193
vt 0.908728 0.379195
vt 0.908738 0.413338
vt 0.917814 0.413327
vt 0.926085 0.379194
vt 0.926086 0.413331
vt 0.934492 0.379190
vt 0.934492 0.413330
vt 0.943951 0.379193
vt 0.943950 0.413327
vt 0.868850 0.504464
vt 0.875480 0.503975
vt 0.874188 0.479446
vt 0.868089 0.479673
vt 0.862513 0.504601
vt 0.862369 0.479702
vt 0.856262 0.504404
vt 0.856737 0.479596
vt 0.849604 0.504006
vt 0.850631 0.479418
vt 0.843080 0.503581
vt 0.844681 0.479216
vt 0.881858 0.503313
vt 0.880025 0.479065
vt 0.873834 0.461243
vt 0.867888 0.461225
vt 0.862304 0.461148
vt 0.856808 0.461156
vt 0.850857 0.461215
vt 0.845260 0.461190
vt 0.879332 0.461065
vt 0.869830 0.402958
vt 0.889269 0.401140
vt 0.887019 0.394049
vt 0.865905 0.392227
vt 0.838928 0.405387
vt 0.852082 0.404251
vt 0.842487 0.424429
vt 0.855934 0.421234
vt 0.874402 0.417067
vt 0.892210 0.410176
vt 0.879060 0.431597
vt 0.896100 0.422242
vt 0.874402 0.417068
vt 0.888298 0.385681
vt 0.868699 0.380390
vt 0.886975 0.440720
vt 0.900786 0.429337
vt 0.633364 0.720187
vt 0.638579 0.720186
vt 0.638579 0.712444
vt 0.633364 0.712444
vt 0.644023 0.720186
vt 0.644023 0.712444
vt 0.649218 0.720186
vt 0.649218 0.712444
vt 0.654439 0.720187
vt 0.654439 0.712444
vt 0.659886 0.720187
vt 0.659886 0.712444
vt 0.664767 0.720187
vt 0.664767 0.712444
vt 0.669811 0.720187
vt 0.669811 0.712444
vt 0.674133 0.720187
vt 0.674133 0.712444
vt 0.678858 0.720187
vt 0.678858 0.712444
vt 0.628491 0.720187
vt 0.628491 0.712444
vt 0.792183 0.720849
vt 0.787280 0.722822
vt 0.792578 0.733394
vt 0.798474 0.732060
vt 0.781962 0.724601
vt 0.783205 0.735394
vt 0.776964 0.725977
vt 0.777420 0.736479
vt 0.772509 0.726942
vt 0.772195 0.738293
vt 0.768639 0.727374
vt 0.767334 0.739780
vt 0.765173 0.727165
vt 0.762744 0.740196
vt 0.761857 0.726292
vt 0.758332 0.739158
vt 0.758568 0.724783
vt 0.754157 0.736648
vt 0.755269 0.722753
vt 0.750471 0.733127
vt 0.796793 0.718681
vt 0.804814 0.731182
vt 0.784474 0.708630
vt 0.781942 0.710985
vt 0.778738 0.712706
vt 0.775456 0.713462
vt 0.772572 0.713380
vt 0.770099 0.712831
vt 0.767818 0.712139
vt 0.765544 0.711481
vt 0.763215 0.710934
vt 0.760759 0.710454
vt 0.786309 0.706096
vt 0.778292 0.701635
vt 0.777305 0.703052
vt 0.775945 0.704020
vt 0.774335 0.704328
vt 0.772685 0.704039
vt 0.771079 0.703415
vt 0.769474 0.702737
vt 0.767834 0.702192
vt 0.766168 0.701851
vt 0.764476 0.701658
vt 0.779008 0.700064
vt 0.754541 0.691970
vt 0.765745 0.698617
vt 0.751732 0.687455
vt 0.751968 0.674424
vt 0.754373 0.689200
vt 0.764915 0.683031
s 0
usemtl Texture1
f 1/1/1 2/2/1 3/3/1
f 4/4/1 5/5/1 1/1/1
f 1/1/1 5/5/1 2/2/1
f 44/6/2 45/7/2 46/8/2
f 50/9/2 51/10/2 52/11/2
f 53/12/2 54/13/2 55/14/2
f 56/15/1 57/16/1 58/17/1
f 59/15/1 60/17/1 61/16/1
f 98/18/3 99/19/3 100/20/3
f 101/21/4 102/22/4 103/23/4
f 224/24/2 225/25/2 226/26/2
f 227/24/2 228/25/2 229/26/2
f 230/27/2 231/28/2 232/29/2
f 233/30/2 234/31/2 235/32/2
f 236/33/2 235/32/2 237/34/2
f 238/35/5 239/36/5 240/37/5
f 241/38/5 238/35/5 242/39/5
f 243/30/2 244/31/2 245/32/2
f 246/33/2 245/32/2 247/34/2
f 248/35/5 249/36/5 250/37/5
f 251/38/5 248/35/5 252/39/5
f 253/30/2 254/32/2 255/31/2
f 256/33/2 257/34/2 254/32/2
f 258/35/5 259/37/5 260/36/5
f 261/38/5 262/39/5 258/35/5
f 263/40/6 264/41/6 265/42/6
f 266/43/7 267/44/7 268/45/7
f 269/40/6 270/41/6 271/42/6
f 272/43/7 273/44/7 274/45/7
f 275/40/6 276/41/6 277/42/6
f 278/40/7 279/42/7 280/41/7
f 281/40/6 282/41/6 283/42/6
f 284/40/7 285/42/7 286/41/7
f 287/46/8 288/47/8 289/48/8
f 290/49/9 291/50/9 292/51/9
f 293/52/10 294/47/10 295/53/10
f 296/49/11 297/50/11 298/51/11
f 313/54/12 314/55/12 315/56/12
f 328/57/13 329/58/13 330/59/13
f 334/57/14 335/58/14 336/59/14
f 337/57/15 338/59/15 339/58/15
f 344/60/16 4311/61/16 4310/62/16
f 344/60/16 4310/62/16 345/63/16
f 346/64/17 4476/60/17 4475/63/17
f 346/64/17 4475/63/17 347/65/17
f 4106/60/18 348/64/18 349/65/18
f 4106/60/18 349/65/18 4105/63/18
f 350/66/1 351/67/1 352/68/1
f 350/66/1 352/68/1 353/69/1
f 354/68/1 355/67/1 356/66/1
f 354/68/1 357/69/1 360/70/1
f 354/68/1 360/70/1 361/71/1
f 362/72/1 354/68/1 361/71/1
f 362/72/1 361/71/1 363/73/1
f 353/69/1 352/68/1 364/71/1
f 352/68/1 362/72/1 363/73/1
f 352/68/1 363/73/1 364/71/1
f 366/74/6 367/75/6 368/76/6
f 366/74/6 368/76/6 369/77/6
f 3602/78/6 398/79/6 399/80/6
f 3602/78/6 399/80/6 3599/81/6
f 3599/81/6 399/80/6 404/82/6
f 3599/81/6 404/82/6 3601/83/6
f 3601/83/6 404/82/6 409/84/6
f 3601/83/6 409/84/6 3603/85/6
f 3603/85/6 414/86/6 3600/87/6
f 4193/88/19 4191/89/19 423/90/19
f 4193/88/19 423/90/19 424/91/19
f 4240/92/20 4218/93/20 4217/94/20
f 4240/92/20 4217/94/20 4239/95/20
f 429/96/21 431/97/21 432/98/21
f 429/96/22 432/98/22 433/99/22
f 429/96/22 433/99/22 434/100/22
f 4200/101/23 4234/102/23 447/103/23
f 4199/101/24 458/103/24 4232/102/24
f 462/104/25 463/105/25 4138/106/25
f 462/104/25 4138/106/25 4174/107/25
f 4137/105/26 465/108/26 4127/109/26
f 4137/105/26 4127/109/26 4139/106/26
f 466/110/27 467/111/27 468/112/27
f 470/113/28 4456/110/28 4473/114/28
f 472/115/29 4448/113/29 4472/116/29
f 472/115/29 4472/116/29 473/117/29
f 474/118/30 4459/115/30 4474/117/30
f 474/118/30 4474/117/30 475/119/30
f 476/120/31 4465/118/31 4478/119/31
f 476/120/32 4478/119/32 477/121/32
f 4462/111/33 478/122/33 479/123/33
f 4462/111/33 479/123/33 4477/112/33
f 480/124/34 481/125/34 482/126/34
f 480/124/34 482/126/34 483/127/34
f 484/128/34 482/126/34 481/125/34
f 484/128/34 481/125/34 485/129/34
f 4238/130/35 558/131/35 559/132/35
f 4238/130/36 559/132/36 4246/133/36
f 560/134/37 561/135/37 562/136/37
f 560/134/38 562/136/38 563/137/38
f 4238/130/35 564/138/35 558/131/35
f 563/137/39 562/136/39 565/139/39
f 563/137/40 565/139/40 566/140/40
f 4222/141/35 4213/142/35 567/143/35
f 4222/141/36 567/143/36 564/138/36
f 568/133/41 570/131/41 571/130/41
f 4214/144/35 4224/145/35 572/135/35
f 4214/144/42 572/135/42 573/146/42
f 571/130/43 570/131/43 574/138/43
f 571/130/38 574/138/38 575/147/38
f 4224/145/35 4236/137/35 576/136/35
f 575/147/39 574/138/39 577/143/39
f 575/147/44 577/143/44 578/142/44
f 4236/137/36 4247/140/36 579/139/36
f 4236/137/35 579/139/35 576/136/35
f 560/134/44 580/148/44 581/146/44
f 560/134/39 581/146/39 561/135/39
f 589/149/45 4460/115/45 4466/118/45
f 4430/150/46 591/151/46 4449/113/46
f 4430/150/46 4449/113/46 4461/115/46
f 4426/151/47 592/152/47 4457/110/47
f 4426/151/47 4457/110/47 4450/113/47
f 4429/152/48 593/153/48 4463/111/48
f 4429/152/48 4463/111/48 4458/110/48
f 4435/153/49 4469/122/49 4464/111/49
f 595/154/50 4436/149/50 4467/118/50
f 627/155/51 628/156/51 629/157/51
f 627/155/51 629/157/51 624/158/51
f 638/159/52 639/160/52 640/161/52
f 644/162/53 645/163/53 646/164/53
f 644/162/53 646/164/53 647/165/53
f 654/160/54 655/159/54 656/166/54
f 654/160/55 656/166/55 657/161/55
f 660/163/56 662/165/56 663/164/57
f 682/167/1 683/168/1 684/169/1
f 4248/170/58 4291/169/58 686/171/58
f 4248/170/58 686/171/58 687/172/58
f 688/173/59 689/174/59 4278/168/59
f 688/173/59 4278/168/59 4244/167/59
f 692/175/60 4245/167/60 4249/170/60
f 692/175/60 4249/170/60 693/176/60
f 694/177/1 695/178/1 696/179/1
f 694/177/1 696/179/1 697/180/1
f 4341/180/61 4377/179/61 698/181/61
f 4341/180/61 698/181/61 699/182/61
f 700/183/62 701/184/62 4379/178/62
f 700/183/62 4379/178/62 4339/177/62
f 4380/178/63 702/185/63 703/186/63
f 4380/178/63 703/186/63 4378/179/63
f 704/187/64 4342/180/64 705/188/64
f 722/189/65 723/190/65 724/191/65
f 722/189/65 724/191/65 725/192/65
f 726/193/66 727/194/66 4494/195/66
f 726/193/66 4494/195/66 4425/196/66
f 740/197/1 741/198/1 742/199/1
f 740/197/1 742/199/1 743/200/1
f 743/200/1 742/199/1 748/201/1
f 743/200/1 748/201/1 749/202/1
f 752/197/1 753/200/1 754/199/1
f 753/200/1 760/202/1 761/201/1
f 764/203/1 765/204/1 766/205/1
f 764/203/1 766/205/1 767/206/1
f 4110/206/67 4471/205/67 768/207/67
f 4110/206/67 768/207/67 769/208/67
f 770/209/68 771/210/68 4468/204/68
f 770/209/68 4468/204/68 4115/203/68
f 776/211/69 777/212/69 778/213/69
f 776/211/69 778/213/69 779/214/69
f 780/215/70 4123/216/70 4087/217/70
f 780/215/70 4087/217/70 781/218/70
f 46/8/2 45/7/2 48/219/2
f 46/8/2 48/219/2 47/220/2
f 822/221/6 823/222/6 4670/12/6
f 822/221/6 4670/12/6 4672/14/6
f 824/223/6 822/221/6 4672/14/6
f 824/223/6 4672/14/6 4673/10/6
f 825/224/6 824/223/6 4673/10/6
f 825/224/6 4673/10/6 4674/9/6
f 826/225/7 827/226/7 3575/220/7
f 826/225/7 3575/220/7 3573/227/7
f 827/226/7 828/228/7 3576/8/7
f 827/226/7 3576/8/7 3575/220/7
f 828/228/7 3577/6/7 3576/8/7
f 44/6/2 50/9/2 52/11/2
f 49/227/2 48/219/2 54/13/2
f 49/227/2 54/13/2 53/12/2
f 830/229/71 3574/227/71 4671/12/71
f 830/229/71 4671/12/71 831/230/71
f 3578/6/1 832/231/1 833/232/1
f 3578/6/1 833/232/1 4675/9/1
f 54/13/2 52/11/2 51/10/2
f 54/13/2 51/10/2 55/14/2
f 834/233/72 835/234/72 836/235/72
f 834/233/72 836/235/72 837/236/72
f 4525/234/1 838/237/1 839/238/1
f 4525/234/1 839/238/1 840/239/1
f 841/240/73 4523/239/73 4500/238/73
f 841/240/73 4500/238/73 842/241/73
f 843/242/74 4515/237/74 4526/234/74
f 843/242/74 4526/234/74 4524/233/74
f 844/233/75 845/236/75 846/243/75
f 844/233/75 846/243/75 847/234/75
f 4063/234/1 848/244/1 849/238/1
f 4063/234/1 849/238/1 850/237/1
f 851/240/76 852/241/76 4083/238/76
f 851/240/76 4083/238/76 4067/244/76
f 853/242/77 4062/233/77 4064/234/77
f 853/242/77 4064/234/77 4071/237/77
f 854/245/1 855/246/1 856/247/1
f 854/245/1 856/247/1 857/248/1
f 56/15/1 58/17/1 855/246/1
f 56/15/1 858/249/1 859/250/1
f 56/15/1 859/250/1 57/16/1
f 57/16/1 860/251/1 861/252/1
f 862/245/1 863/248/1 864/247/1
f 862/245/1 864/247/1 865/246/1
f 59/15/1 862/245/1 865/246/1
f 59/15/1 865/246/1 60/17/1
f 59/15/1 61/16/1 866/250/1
f 61/16/1 60/17/1 868/252/1
f 61/16/1 868/252/1 869/251/1
f 857/248/1 856/247/1 870/253/1
f 864/247/1 863/248/1 871/254/1
f 864/247/1 871/254/1 870/253/1
f 872/255/78 873/256/78 874/257/78
f 872/255/78 874/257/78 875/258/78
f 880/259/79 4479/255/79 4480/258/79
f 880/259/79 4480/258/79 881/260/79
f 886/261/80 887/262/80 888/263/80
f 886/261/81 888/263/81 889/264/81
f 4492/265/82 894/266/82 895/267/82
f 4492/265/82 895/267/82 4493/268/82
f 4427/266/83 4481/259/83 4482/260/83
f 4427/266/83 4482/260/83 4428/267/83
f 4408/256/84 896/269/84 897/270/84
f 4408/256/84 897/270/84 4409/257/84
f 904/256/85 905/255/85 906/258/85
f 904/256/85 906/258/85 907/257/85
f 4068/262/86 916/261/86 917/264/86
f 4068/262/86 917/264/86 4069/263/86
f 4102/259/87 920/266/87 921/267/87
f 4102/259/87 921/267/87 4103/260/87
f 4135/266/88 922/265/88 923/268/88
f 4135/266/88 923/268/88 4136/267/88
f 924/271/89 925/272/89 926/273/89
f 924/271/89 926/273/89 927/274/89
f 925/272/89 929/275/89 926/273/89
f 930/276/90 931/277/90 4299/272/90
f 930/276/90 4299/272/90 4273/271/90
f 4298/277/91 932/278/91 4323/279/91
f 4298/277/91 4323/279/91 4300/272/91
f 4324/279/92 933/280/92 934/281/92
f 4324/279/92 934/281/92 4329/275/92
f 935/282/93 4274/271/93 4266/274/93
f 935/282/93 4266/274/93 936/283/93
f 1051/284/4 1053/285/4 1054/286/4
f 1054/286/3 1055/287/3 1056/288/3
f 1054/286/4 1056/288/4 1051/284/4
f 1052/289/3 102/22/3 101/21/3
f 1052/289/3 101/21/3 1053/285/3
f 1055/287/4 100/20/4 99/19/4
f 1055/287/3 99/19/3 1056/288/3
f 1134/290/5 1135/291/5 1136/292/5
f 1134/290/5 1136/292/5 1137/293/5
f 1179/290/5 1180/293/5 1181/292/5
f 1179/290/5 1181/292/5 1182/291/5
f 1230/294/2 1231/295/2 1232/296/2
f 1230/294/2 1232/296/2 1233/297/2
f 1230/294/2 1233/297/2 1234/298/2
f 1230/294/2 1234/298/2 1235/299/2
f 1270/300/2 1271/301/2 1272/302/2
f 1270/300/2 1272/302/2 1273/303/2
f 1270/300/2 1273/303/2 1274/304/2
f 1270/300/2 1274/304/2 1275/305/2
f 1342/306/94 4026/307/94 4009/308/94
f 1342/306/95 4009/308/95 1343/309/95
f 1489/310/96 1490/311/96 1491/312/96
f 1489/310/97 1491/312/97 1492/313/97
f 1490/311/97 1493/314/97 1494/315/97
f 1490/311/96 1494/315/96 1491/312/96
f 1492/313/96 1495/316/96 1496/317/96
f 1497/318/96 1496/317/96 1495/316/96
f 1494/315/96 1493/314/96 1499/319/96
f 1494/315/97 1499/319/97 1500/320/97
f 1501/321/98 1502/322/98 1503/323/98
f 4280/322/99 1505/324/99 1506/325/99
f 4280/322/99 1506/325/99 4253/323/99
f 4265/324/100 1507/326/100 1508/327/100
f 4265/324/100 1508/327/100 4227/325/100
f 4294/328/101 1511/329/101 1512/330/101
f 4294/328/101 1512/330/101 4259/331/101
f 4309/329/102 1513/332/102 1514/333/102
f 4309/329/102 1514/333/102 4284/330/102
f 1515/334/103 1516/335/103 1517/336/103
f 1515/334/103 1517/336/103 1518/337/103
f 1515/334/103 1518/337/103 1519/338/103
f 1515/334/103 1519/338/103 1520/339/103
f 1521/340/104 1522/341/104 1523/342/104
f 1521/340/104 1523/342/104 1524/343/104
f 4595/343/105 1525/344/105 1526/345/105
f 4602/345/106 4636/344/106 1527/346/106
f 4602/345/106 1527/346/106 1528/347/106
f 1529/348/107 1530/349/107 4637/344/107
f 1529/348/107 4637/344/107 4630/342/107
f 1531/350/108 1532/351/108 4596/343/108
f 1531/350/108 4596/343/108 4603/345/108
f 1533/352/108 1534/353/108 1535/354/108
f 1533/352/108 1535/354/108 1536/355/108
f 1537/356/109 1538/357/109 1539/358/109
f 1537/356/109 1539/358/109 1540/359/109
f 4648/359/106 4582/352/106 4583/355/106
f 4648/359/106 4583/355/106 4649/356/106
f 1543/360/110 1544/361/110 1545/362/110
f 1543/360/110 1545/362/110 1546/363/110
f 4662/363/109 4656/362/109 1547/364/109
f 4662/363/109 1547/364/109 1548/365/109
f 1549/366/111 1550/367/111 1551/368/111
f 1549/366/111 1551/368/111 1552/369/111
f 1553/370/104 1554/371/104 4657/362/104
f 1553/370/104 4657/362/104 4628/361/104
f 1557/372/108 1558/373/108 1559/374/108
f 1557/372/108 1559/374/108 1560/375/108
f 1561/376/109 1562/377/109 1563/378/109
f 1561/376/109 1563/378/109 1564/379/109
f 1565/380/112 4654/378/112 4651/377/112
f 1565/380/113 4651/377/113 1566/381/113
f 4660/379/114 1567/382/114 1568/383/114
f 4660/379/114 1568/383/114 4661/376/114
f 1569/384/115 1570/385/115 1571/386/115
f 1569/384/115 1571/386/115 1572/387/115
f 4576/387/2 4550/386/2 1573/388/2
f 4576/387/2 1573/388/2 1574/389/2
f 4658/389/116 4632/388/116 1575/390/116
f 1577/391/104 1578/392/104 4633/388/104
f 1577/391/104 4633/388/104 4551/386/104
f 1579/393/106 1580/394/106 4577/387/106
f 1579/393/106 4577/387/106 4659/389/106
f 1581/395/108 1582/396/108 1583/397/108
f 4580/398/2 4553/397/2 1585/399/2
f 4580/398/2 1585/399/2 1586/400/2
f 4652/400/109 4626/399/109 1587/401/109
f 4652/400/109 1587/401/109 1588/402/109
f 1589/403/117 1590/404/117 1591/405/117
f 1589/403/117 1591/405/117 1592/406/117
f 1595/407/106 1596/408/106 4581/398/106
f 1595/407/106 4581/398/106 4653/400/106
f 1633/409/118 1634/410/118 3607/411/118
f 1633/409/118 3607/411/118 3596/412/118
f 3742/413/119 3846/414/119 3858/415/119
f 3858/415/120 3759/416/120 3742/413/120
f 3788/417/120 3759/416/120 3848/418/120
f 3758/419/120 3785/420/120 3816/421/120
f 3758/419/120 3816/421/120 3846/414/120
f 1725/422/2 1726/423/2 1727/424/2
f 1725/422/2 1727/424/2 1728/425/2
f 1726/423/2 1729/426/2 1730/427/2
f 1726/423/2 1730/427/2 1727/424/2
f 1729/426/2 1731/428/2 1732/429/2
f 1729/426/2 1732/429/2 1730/427/2
f 1731/428/2 1733/430/2 1734/431/2
f 1731/428/2 1734/431/2 1732/429/2
f 1733/430/2 1735/432/2 1736/433/2
f 1733/430/2 1736/433/2 1734/431/2
f 1735/432/2 1737/434/2 1738/435/2
f 1735/432/2 1738/435/2 1736/433/2
f 1739/436/2 1740/437/2 1741/438/2
f 1739/436/2 1741/438/2 1742/439/2
f 1740/437/2 1725/422/2 1728/425/2
f 1740/437/2 1728/425/2 1741/438/2
f 1760/440/121 1761/441/121 3834/442/121
f 1760/440/121 3834/442/121 3890/443/121
f 1772/444/122 1773/445/122 1774/446/122
f 1772/444/122 1774/446/122 1775/447/122
f 1776/448/123 1777/449/123 1778/450/123
f 1776/448/124 1778/450/124 1779/451/124
f 3900/450/125 1780/452/125 1781/453/125
f 3900/450/125 1781/453/125 3868/451/125
f 3887/448/126 3853/445/126 3870/444/126
f 3887/448/126 3870/444/126 3920/449/126
f 1782/454/127 1783/455/127 1784/456/127
f 1782/454/127 1784/456/127 1785/457/127
f 1786/458/128 1787/459/128 1788/460/128
f 1786/458/128 1788/460/128 1789/461/128
f 3885/460/129 3912/459/129 3879/456/129
f 3885/460/129 3879/456/129 3855/455/129
f 3897/458/130 3872/461/130 1790/462/130
f 3897/458/130 1790/462/130 1791/463/130
f 1792/464/131 1793/465/131 1794/446/131
f 1792/464/132 1794/446/132 1795/466/132
f 1796/467/133 1797/468/133 1798/469/133
f 1796/467/133 1798/469/133 1799/470/133
f 3695/469/134 1800/471/134 1801/453/134
f 3695/469/134 1801/453/134 3669/470/134
f 3685/467/135 3644/465/135 3671/464/135
f 3685/467/135 3671/464/135 3712/468/135
f 1802/454/136 1803/472/136 1804/473/136
f 1802/454/136 1804/473/136 1805/474/136
f 1806/458/137 1807/459/137 1808/460/137
f 1806/458/137 1808/460/137 1809/461/137
f 3682/460/138 3706/459/138 3679/473/138
f 3682/460/138 3679/473/138 3652/472/138
f 3692/458/139 3670/461/139 1810/475/139
f 3692/458/139 1810/475/139 1811/476/139
f 3810/477/2 3825/478/2 3995/479/2
f 3810/477/2 3995/479/2 4011/480/2
f 4011/480/2 3996/481/2 3827/482/2
f 4011/480/2 3827/482/2 3810/477/2
f 3867/483/2 3827/482/2 3996/481/2
f 3867/483/2 3996/481/2 3946/484/2
f 3825/478/2 3861/485/2 3939/486/2
f 3825/478/2 3939/486/2 3995/479/2
f 1832/487/140 1833/488/140 1834/489/140
f 1832/487/140 1834/489/140 1835/490/140
f 3979/488/141 1836/491/141 1837/492/141
f 3979/488/141 1837/492/141 3959/489/141
f 1838/493/142 1839/494/142 1840/495/142
f 1838/493/142 1840/495/142 1841/496/142
f 3998/494/143 3981/490/143 3972/495/143
f 1842/497/144 1843/498/144 1844/499/144
f 1842/497/145 1844/499/145 1845/500/145
f 3843/498/146 1846/501/146 1847/502/146
f 1848/503/147 1849/504/147 1850/505/147
f 1848/503/147 1850/505/147 1851/506/147
f 3903/504/148 3860/497/148 3869/500/148
f 3903/504/148 3869/500/148 3896/505/148
f 1852/497/149 1853/498/149 1854/499/149
f 1852/497/150 1854/499/150 1855/500/150
f 3963/498/151 1856/507/151 1857/502/151
f 1858/508/152 1859/504/152 1860/505/152
f 1858/508/152 1860/505/152 1861/506/152
f 3891/504/153 3940/497/153 3926/500/153
f 3891/504/153 3926/500/153 3899/505/153
f 1862/487/154 1863/488/154 1864/489/154
f 1862/487/155 1864/489/155 1865/490/155
f 3831/488/156 1866/491/156 1867/492/156
f 3831/488/156 1867/492/156 3847/489/156
f 1868/493/157 1870/495/157 1871/496/157
f 3821/494/158 3801/487/158 3830/490/158
f 3821/494/158 3830/490/158 3837/495/158
f 1872/487/149 1873/488/149 1874/489/149
f 1872/487/149 1874/489/149 1875/490/149
f 3722/488/159 1876/491/159 1877/492/159
f 3722/488/159 1877/492/159 3711/489/159
f 1878/493/152 1879/494/152 1880/495/152
f 1878/493/160 1880/495/160 1881/496/160
f 3680/494/161 3707/487/161 3697/490/161
f 3621/477/2 3632/478/2 3728/479/2
f 3621/477/2 3728/479/2 3734/480/2
f 3734/480/2 3729/481/2 3633/482/2
f 3734/480/2 3633/482/2 3621/477/2
f 3663/483/2 3633/482/2 3729/481/2
f 3663/483/2 3729/481/2 3710/484/2
f 3632/478/2 3658/485/2 3705/486/2
f 3632/478/2 3705/486/2 3728/479/2
f 1902/487/145 1903/488/145 1904/489/145
f 1902/487/162 1904/489/162 1905/490/162
f 3643/488/146 1906/491/146 1907/492/146
f 3643/488/146 1907/492/146 3656/489/146
f 1908/493/147 1910/495/147 1911/496/147
f 3688/494/148 3657/487/148 3664/490/148
f 3688/494/163 3664/490/163 3683/495/163
f 1912/487/164 1913/488/164 1914/489/164
f 1912/487/165 1914/489/165 1915/490/165
f 3725/488/166 1917/492/166 3715/489/166
f 1918/493/142 1919/494/142 1920/495/142
f 1918/493/142 1920/495/142 1921/496/142
f 3730/494/143 3735/487/143 3726/490/143
f 3730/494/143 3726/490/143 3723/495/143
f 1922/487/155 1923/488/155 1924/489/155
f 1922/487/167 1924/489/167 1925/490/167
f 3641/488/156 1926/491/156 1927/492/156
f 3641/488/156 1927/492/156 3649/489/156
f 1928/493/157 1929/494/157 1930/495/157
f 1928/493/157 1930/495/157 1931/496/157
f 3629/494/168 3620/487/168 3640/490/168
f 3629/494/169 3640/490/169 3642/495/169
f 1940/509/170 1941/510/170 1942/511/170
f 1940/509/170 1942/511/170 1943/512/170
f 1944/513/171 1945/441/171 3638/442/171
f 1944/513/171 3638/442/171 3704/443/171
f 1978/514/2 1979/515/2 1980/516/2
f 1978/514/2 1980/516/2 1981/517/2
f 1981/517/2 1982/518/2 1983/519/2
f 1984/520/2 1980/516/2 1979/515/2
f 1984/520/2 1979/515/2 1985/521/2
f 1982/518/2 1986/522/2 1987/523/2
f 1982/518/2 1987/523/2 1983/519/2
f 1988/524/5 1989/525/5 1990/526/5
f 1988/524/5 1990/526/5 1991/527/5
f 1992/528/5 1988/524/5 1991/527/5
f 1992/528/5 1991/527/5 1993/529/5
f 1994/530/5 1992/528/5 1993/529/5
f 1994/530/5 1993/529/5 1995/531/5
f 1989/525/5 1996/532/5 1997/533/5
f 1989/525/5 1997/533/5 1990/526/5
f 2060/534/172 2062/535/172 2063/536/172
f 4643/537/173 2068/538/173 2069/539/173
f 4643/537/173 2069/539/173 4650/540/173
f 2074/541/174 2075/542/174 2076/543/174
f 2074/541/174 2076/543/174 2077/544/174
f 2078/545/175 2079/546/175 2077/544/175
f 2078/545/175 2077/544/175 2076/543/175
f 2080/547/176 2081/548/176 2082/549/176
f 2080/547/177 2083/550/177 2084/551/177
f 2080/547/178 2084/551/178 2085/552/178
f 2108/514/2 2109/515/2 2110/516/2
f 2108/514/2 2110/516/2 2111/517/2
f 2111/517/2 2112/518/2 2113/519/2
f 2111/517/2 2113/519/2 2108/514/2
f 2114/520/2 2110/516/2 2109/515/2
f 2114/520/2 2109/515/2 2115/521/2
f 2112/518/2 2116/522/2 2117/523/2
f 2112/518/2 2117/523/2 2113/519/2
f 2118/524/5 2120/526/5 2121/527/5
f 2122/528/5 2118/524/5 2121/527/5
f 2122/528/5 2121/527/5 2123/529/5
f 2124/530/5 2122/528/5 2123/529/5
f 2119/525/5 2126/532/5 2127/533/5
f 2119/525/5 2127/533/5 2120/526/5
f 2190/534/179 2191/553/179 2192/535/179
f 2190/534/180 2192/535/180 2193/536/180
f 3691/537/181 2198/538/181 2199/539/181
f 3691/537/181 2199/539/181 3672/540/181
f 2204/541/182 2205/542/182 2206/543/182
f 2204/541/183 2206/543/183 2207/544/183
f 2208/545/184 2207/544/184 2206/543/184
f 2210/547/185 2213/550/185 2214/551/185
f 2244/554/2 2245/555/2 3665/556/2
f 2246/557/2 2247/558/2 3580/559/2
f 2246/557/2 3580/559/2 3583/560/2
f 2248/561/2 2246/557/2 3583/560/2
f 2248/561/2 3583/560/2 3624/562/2
f 2249/563/2 2248/561/2 3624/562/2
f 2249/563/2 3624/562/2 3666/564/2
f 2250/565/2 2249/563/2 3666/564/2
f 2250/565/2 3666/564/2 3677/566/2
f 2245/555/2 2250/565/2 3677/566/2
f 2245/555/2 3677/566/2 3665/556/2
f 2262/567/2 2263/568/2 2264/569/2
f 2262/567/2 2264/569/2 2265/570/2
f 2266/571/2 2264/569/2 2263/568/2
f 2266/571/2 2263/568/2 2267/572/2
f 225/25/2 2266/571/2 2267/572/2
f 225/25/2 2267/572/2 226/26/2
f 2300/561/2 4621/573/2 2301/574/2
f 2308/554/2 4625/575/2 4647/576/2
f 2308/554/2 4647/576/2 2306/577/2
f 2309/555/2 4622/556/2 4625/575/2
f 2309/555/2 4625/575/2 2308/554/2
f 2310/565/2 4618/566/2 4622/556/2
f 2310/565/2 4622/556/2 2309/555/2
f 2301/574/2 4621/573/2 4618/566/2
f 2301/574/2 4618/566/2 2310/565/2
f 4667/578/186 4669/579/186 2326/580/186
f 4667/578/186 2326/580/186 2327/581/186
f 2330/570/2 2331/567/2 2332/568/2
f 2330/570/2 2332/568/2 2333/569/2
f 2334/572/2 2335/571/2 2333/569/2
f 2334/572/2 2333/569/2 2332/568/2
f 229/26/2 228/25/2 2335/571/2
f 229/26/2 2335/571/2 2334/572/2
f 2372/582/2 2373/583/2 3667/584/2
f 2376/585/2 2377/586/2 3581/587/2
f 2376/585/2 3581/587/2 3584/588/2
f 2378/589/2 2376/585/2 3584/588/2
f 2379/590/2 2378/589/2 3626/591/2
f 2379/590/2 3626/591/2 3668/592/2
f 2380/593/2 2379/590/2 3668/592/2
f 2380/593/2 3668/592/2 3678/594/2
f 2373/583/2 2380/593/2 3678/594/2
f 2373/583/2 3678/594/2 3667/584/2
f 2390/595/2 2391/596/2 2392/597/2
f 2390/595/2 2392/597/2 2393/598/2
f 2394/599/2 2392/597/2 2391/596/2
f 231/28/2 2394/599/2 2395/600/2
f 231/28/2 2395/600/2 232/29/2
f 2400/601/2 233/30/2 235/32/2
f 2400/601/2 235/32/2 2401/602/2
f 2402/603/5 238/35/5 241/38/5
f 2402/603/5 241/38/5 2403/604/5
f 2401/602/2 235/32/2 236/33/2
f 2401/602/2 236/33/2 2408/605/2
f 2409/606/5 239/36/5 238/35/5
f 2409/606/5 238/35/5 2402/603/5
f 2426/601/2 243/30/2 245/32/2
f 2426/601/2 245/32/2 2427/602/2
f 2432/603/5 248/35/5 251/38/5
f 2432/603/5 251/38/5 2433/604/5
f 2427/602/2 245/32/2 246/33/2
f 2427/602/2 246/33/2 2438/605/2
f 2439/606/5 249/36/5 248/35/5
f 2439/606/5 248/35/5 2432/603/5
f 2470/601/2 2471/602/2 254/32/2
f 2470/601/2 254/32/2 253/30/2
f 2472/603/5 2473/604/5 261/38/5
f 2472/603/5 261/38/5 258/35/5
f 2471/602/2 2478/605/2 256/33/2
f 2479/606/5 2472/603/5 258/35/5
f 2479/606/5 258/35/5 260/36/5
f 2502/607/6 2503/608/6 2504/609/6
f 2502/607/6 2504/609/6 2505/610/6
f 2504/609/6 2503/608/6 264/41/6
f 2504/609/6 264/41/6 263/40/6
f 265/42/6 264/41/6 2506/611/6
f 265/42/6 2506/611/6 2507/612/6
f 2508/613/7 2509/614/7 2510/615/7
f 2508/613/7 2510/615/7 2511/616/7
f 2510/615/7 266/43/7 268/45/7
f 2510/615/7 268/45/7 2511/616/7
f 267/44/7 2512/617/7 2513/618/7
f 267/44/7 2513/618/7 268/45/7
f 2518/619/187 3749/620/187 3778/621/187
f 2518/619/187 3778/621/187 2519/622/187
f 3750/623/188 2522/624/188 2523/625/188
f 3750/623/188 2523/625/188 3779/626/188
f 3748/624/5 2524/627/5 2525/628/5
f 3748/624/5 2525/628/5 3777/625/5
f 2558/629/1 2559/630/1 2560/631/1
f 2558/629/1 2560/631/1 2561/632/1
f 3718/633/71 3877/634/71 2564/635/71
f 3718/633/71 2564/635/71 2565/636/71
f 2570/637/6 2571/638/6 2572/639/6
f 2570/637/6 2572/639/6 2573/640/6
f 2574/641/7 2575/642/7 3721/632/7
f 2574/641/7 3721/632/7 3719/633/7
f 2564/635/71 3877/634/71 4076/639/71
f 2564/635/71 4076/639/71 2576/643/71
f 2560/631/1 2559/630/1 2579/644/1
f 2560/631/1 2579/644/1 4078/640/1
f 2580/607/6 2581/608/6 2582/609/6
f 2580/607/6 2582/609/6 2583/610/6
f 2582/609/6 2581/608/6 270/41/6
f 2582/609/6 270/41/6 269/40/6
f 271/42/6 270/41/6 2584/611/6
f 271/42/6 2584/611/6 2585/612/6
f 2586/613/7 2587/614/7 2588/615/7
f 2586/613/7 2588/615/7 2589/616/7
f 2588/615/7 272/43/7 274/45/7
f 2588/615/7 274/45/7 2589/616/7
f 273/44/7 2590/617/7 2591/618/7
f 273/44/7 2591/618/7 274/45/7
f 2596/619/187 4023/620/187 4060/621/187
f 2596/619/187 4060/621/187 2597/645/187
f 4024/623/188 2600/624/188 2601/625/188
f 4024/623/188 2601/625/188 4061/626/188
f 4022/624/5 2602/627/5 2603/628/5
f 4022/624/5 2603/628/5 4059/625/5
f 2636/607/6 2637/608/6 2638/609/6
f 2636/607/6 2638/609/6 2639/610/6
f 2638/609/6 2637/608/6 276/41/6
f 2638/609/6 276/41/6 275/40/6
f 277/42/6 276/41/6 2640/618/6
f 2642/607/7 2643/610/7 2644/609/7
f 2642/607/7 2644/609/7 2645/608/7
f 2644/609/7 278/40/7 280/41/7
f 2644/609/7 280/41/7 2645/608/7
f 279/42/7 2647/618/7 280/41/7
f 2652/646/189 4518/620/189 4534/621/189
f 2652/646/189 4534/621/189 2653/645/189
f 4519/623/190 2656/624/190 2657/625/190
f 4519/623/190 2657/625/190 4535/626/190
f 4517/624/5 2658/627/5 2659/628/5
f 4517/624/5 2659/628/5 4533/625/5
f 2692/629/1 2693/630/1 2694/631/1
f 2692/629/1 2694/631/1 2695/632/1
f 4505/633/71 4563/634/71 2698/635/71
f 4505/633/71 2698/635/71 2699/647/71
f 2704/637/6 2705/638/6 2706/639/6
f 2704/637/6 2706/639/6 2707/640/6
f 2708/641/7 2709/642/7 4508/632/7
f 2708/641/7 4508/632/7 4506/633/7
f 2698/635/71 4563/634/71 4611/639/71
f 2698/635/71 4611/639/71 2710/643/71
f 2694/631/1 2693/630/1 2713/644/1
f 2694/631/1 2713/644/1 4613/640/1
f 2714/607/6 2715/608/6 2716/609/6
f 2714/607/6 2716/609/6 2717/610/6
f 2716/609/6 2715/608/6 282/41/6
f 2716/609/6 282/41/6 281/40/6
f 283/42/6 282/41/6 2718/618/6
f 2720/607/7 2721/610/7 2722/609/7
f 2720/607/7 2722/609/7 2723/608/7
f 2722/609/7 284/40/7 286/41/7
f 2722/609/7 286/41/7 2723/608/7
f 285/42/7 2725/618/7 286/41/7
f 4590/623/190 2734/624/190 2735/625/190
f 4590/623/190 2735/625/190 4606/626/190
f 4588/624/5 2736/627/5 2737/628/5
f 4588/624/5 2737/628/5 4604/625/5
f 2803/648/191 2804/649/191 2805/650/191
f 2803/648/191 2805/650/191 2806/651/191
f 2804/649/191 287/46/191 289/48/191
f 2804/649/191 289/48/191 2805/650/191
f 292/51/191 2803/648/191 2806/651/191
f 292/51/191 2806/651/191 290/49/191
f 2840/648/192 2841/649/192 2842/652/192
f 2840/648/192 2842/652/192 2843/651/192
f 2841/649/11 293/52/11 295/53/11
f 2841/649/192 295/53/192 2842/652/192
f 298/51/192 2840/648/192 2843/651/192
f 298/51/11 2843/651/11 296/49/11
f 2844/653/1 2845/654/1 2846/655/1
f 2844/653/1 2846/655/1 2847/656/1
f 2848/657/193 4510/655/193 2849/658/193
f 2848/657/194 2849/658/194 2850/659/194
f 2852/660/195 2853/661/195 2854/662/195
f 2852/660/195 2854/662/195 2855/663/195
f 2856/664/1 2857/665/1 2858/655/1
f 2860/657/196 2861/659/196 2862/658/196
f 2860/657/197 2862/658/197 4073/655/197
f 4079/654/198 4074/655/198 4072/658/198
f 4079/654/198 4072/658/198 2863/666/198
f 2864/667/199 2865/668/199 2866/662/199
f 2864/667/199 2866/662/199 2867/669/199
f 2868/670/200 2869/671/200 2870/672/200
f 2868/670/200 2870/672/200 2871/673/200
f 4088/670/1 2872/674/1 2873/675/1
f 4088/670/1 2873/675/1 4495/671/1
f 2944/676/2 2945/677/2 2946/678/2
f 2944/676/2 2946/678/2 2947/679/2
f 2947/679/2 2946/678/2 2965/680/2
f 2947/679/2 2965/680/2 2966/681/2
f 2971/682/201 2972/683/201 4447/684/201
f 2973/685/202 4501/686/202 4502/687/202
f 2978/688/202 2973/685/202 4502/687/202
f 2978/688/202 4502/687/202 4503/689/202
f 2975/690/201 2979/691/201 2980/692/201
f 2975/690/201 2980/692/201 2976/693/201
f 2982/694/202 2978/688/202 4503/689/202
f 2982/694/202 4503/689/202 4504/695/202
f 2988/683/203 2991/690/203 2992/693/203
f 2988/683/203 2992/693/203 4252/684/203
f 2994/688/204 4254/687/204 4368/689/204
f 2991/690/203 2995/691/203 2996/692/203
f 2998/694/204 2994/688/204 4368/689/204
f 2998/694/204 4368/689/204 4445/695/204
f 3003/676/2 3004/677/2 3005/678/2
f 3003/676/2 3005/678/2 3006/679/2
f 3006/679/2 3005/678/2 3024/680/2
f 3006/679/2 3024/680/2 3025/681/2
f 3030/682/6 3031/683/6 4096/684/6
f 3030/682/6 4096/684/6 4095/696/6
f 3032/685/7 4057/686/7 4058/687/7
f 3031/683/6 3034/690/6 3035/693/6
f 3031/683/6 3035/693/6 4096/684/6
f 3037/688/7 3032/685/7 4058/687/7
f 3037/688/7 4058/687/7 4056/689/7
f 3046/676/2 3047/677/2 3048/678/2
f 3046/676/2 3048/678/2 3049/679/2
f 3049/679/2 3048/678/2 3067/680/2
f 3049/679/2 3067/680/2 3068/681/2
f 3073/682/205 3074/683/205 4318/684/205
f 3073/682/205 4318/684/205 4452/696/205
f 3075/685/206 3076/697/206 4446/686/206
f 3075/685/206 4446/686/206 4316/687/206
f 3074/683/205 3077/690/205 3078/693/205
f 3074/683/205 3078/693/205 4318/684/205
f 3080/688/206 4316/687/206 4186/689/206
f 3077/690/205 3081/691/205 3082/692/205
f 3077/690/205 3082/692/205 3078/693/205
f 3084/694/206 3080/688/206 4186/689/206
f 3084/694/206 4186/689/206 4091/695/206
f 3089/676/2 3090/677/2 3091/678/2
f 3089/676/2 3091/678/2 3092/679/2
f 3092/679/2 3091/678/2 3110/680/2
f 3092/679/2 3110/680/2 3111/681/2
f 3160/698/207 3161/699/207 3162/700/207
f 3160/698/207 3162/700/207 3163/701/207
f 3164/702/207 3160/698/207 3163/701/207
f 3164/702/207 3163/701/207 3165/703/207
f 3166/704/207 3164/702/207 3165/703/207
f 3166/704/207 3165/703/207 3167/705/207
f 3166/704/207 3167/705/207 3168/706/207
f 3166/704/207 3168/706/207 3169/707/207
f 3161/699/207 3171/708/207 3162/700/207
f 3172/709/208 3173/710/208 3174/711/208
f 3172/709/208 3174/711/208 3175/712/208
f 3774/710/209 3177/713/209 3932/711/209
f 3178/714/210 3179/715/210 3180/716/210
f 3178/714/210 3180/716/210 3181/717/210
f 3812/715/211 3799/709/211 3961/712/211
f 3812/715/212 3961/712/212 3980/716/212
f 3190/709/213 3191/710/213 3192/711/213
f 3906/710/214 3194/718/214 3195/713/214
f 3906/710/214 3195/713/214 3765/711/214
f 3196/714/215 3197/715/215 3198/716/215
f 3196/714/215 3198/716/215 3199/717/215
f 3953/715/216 3775/712/216 3795/716/216
f 3222/719/217 3223/720/217 3224/721/217
f 3226/722/218 3227/723/218 3224/721/218
f 3226/722/218 3224/721/218 3223/720/218
f 3228/724/219 3229/725/219 3230/726/219
f 3228/724/219 3231/727/219 3232/728/219
f 3228/724/219 3232/728/219 3233/729/219
f 3234/730/220 3235/731/220 3236/732/220
f 3234/730/220 3236/732/220 3237/733/220
f 3238/734/221 3767/730/221 3754/733/221
f 3238/734/222 3754/733/222 3239/735/222
f 3240/736/223 3764/734/223 3741/735/223
f 3240/736/224 3741/735/224 3241/737/224
f 3242/738/225 3752/736/225 3736/737/225
f 3242/738/226 3736/737/226 3243/739/226
f 3244/740/227 3753/738/227 3737/739/227
f 3244/740/228 3737/739/228 3245/741/228
f 3768/731/229 3246/742/229 3247/743/229
f 3768/731/230 3247/743/230 3755/732/230
f 3248/744/231 3250/745/231 3251/746/231
f 3252/747/232 3253/748/232 3254/749/232
f 3252/747/232 3254/749/232 3255/750/232
f 3256/751/233 3803/747/233 3760/750/233
f 3256/751/234 3760/750/234 3257/752/234
f 3258/753/235 3791/751/235 3744/752/235
f 3258/753/235 3744/752/235 3259/754/235
f 3260/755/236 3793/753/236 3746/754/236
f 3260/755/237 3746/754/237 3261/756/237
f 3819/757/238 3805/755/238 3762/756/238
f 3819/757/239 3762/756/239 3772/745/239
f 3347/758/240 3348/759/240 3349/760/240
f 3347/758/241 3349/760/241 3350/761/241
f 3351/762/240 3347/758/240 3350/761/240
f 3351/762/240 3350/761/240 3352/763/240
f 3353/764/240 3351/762/240 3352/763/240
f 3353/764/240 3352/763/240 3354/765/240
f 3348/759/240 3355/766/240 3356/767/240
f 3401/768/242 3402/769/242 3403/770/242
f 3401/768/243 3403/770/243 3404/771/243
f 4157/772/244 3411/773/244 3412/774/244
f 4157/772/245 3412/774/245 4140/775/245
f 3415/776/246 3416/777/246 3417/778/246
f 3415/776/247 3417/778/247 3418/779/247
f 3419/780/248 3420/781/248 3418/779/248
f 3419/780/249 3418/779/249 3417/778/249
f 3421/782/250 3423/783/250 3424/784/250
f 3421/782/250 3424/784/250 3425/785/250
f 3421/782/251 3425/785/251 3426/786/251
f 3449/758/252 3450/761/252 3451/760/252
f 3449/758/252 3451/760/252 3452/759/252
f 3453/762/253 3454/763/253 3450/761/253
f 3453/762/252 3450/761/252 3449/758/252
f 3455/764/252 3454/763/252 3453/762/252
f 3452/759/254 3451/760/254 3457/767/254
f 3452/759/252 3457/767/252 3458/766/252
f 3503/768/255 3504/771/255 3505/770/255
f 3503/768/256 3505/770/256 3506/769/256
f 4403/772/257 4416/775/257 3513/774/257
f 4403/772/258 3513/774/258 3514/773/258
f 3517/776/259 3518/779/259 3519/778/259
f 3517/776/260 3519/778/260 3520/777/260
f 3521/780/261 3519/778/261 3518/779/261
f 3521/780/260 3518/779/260 3522/781/260
f 3523/782/262 3525/783/262 3526/787/262
f 3523/782/263 3527/786/263 3528/785/263
f 3523/782/264 3528/785/264 3524/784/264
f 3529/788/265 3531/789/265 3532/790/265
f 3530/791/266 3533/792/266 3534/793/266
f 3530/791/265 3534/793/265 3531/789/265
f 3535/788/267 3536/790/267 3537/789/267
f 3535/788/267 3537/789/267 3538/791/267
f 3538/791/267 3537/789/267 3539/793/267
f 3538/791/267 3539/793/267 3540/792/267
f 3540/792/267 3539/793/267 320/794/268
f 3541/788/269 3542/791/269 3543/789/269
f 3542/791/270 3545/792/270 3546/793/270
f 3542/791/269 3546/793/269 3543/789/269
f 3547/788/271 3549/789/271 3550/791/271
f 3550/791/272 3551/793/272 3552/792/272
f 3552/792/273 3551/793/273 326/794/274
f 3553/795/13 3554/796/13 3555/797/13
f 3553/795/275 3555/797/275 3556/798/275
f 3554/796/276 328/57/276 330/59/276
f 3554/796/13 330/59/13 3555/797/13
f 3557/795/277 3558/798/277 3559/797/277
f 3557/795/278 3559/797/278 3560/796/278
f 3560/796/277 3559/797/277 332/59/277
f 3560/796/279 332/59/279 331/57/279
f 3561/795/280 3562/796/280 3563/797/280
f 3561/795/281 3563/797/281 3564/798/281
f 3562/796/282 334/57/282 336/59/282
f 3562/796/283 336/59/283 3563/797/283
f 3565/795/284 3566/798/284 3567/797/284
f 3565/795/285 3567/797/285 3568/796/285
f 3568/796/284 3567/797/284 338/59/284
f 3568/796/286 338/59/286 337/57/286
f 3569/799/2 3570/800/2 3571/801/2
f 3569/799/2 3571/801/2 3572/802/2
s 1
f 6/101/287 7/803/288 8/804/289
f 9/106/290 10/805/291 11/107/292
f 12/101/293 13/804/294 14/803/295
f 15/106/296 16/107/297 17/805/298
f 18/806/299 19/807/300 20/102/301
f 21/808/302 22/809/303 23/810/302
f 24/811/304 25/812/305 26/813/306
f 27/814/307 28/815/308 29/816/309
f 30/817/310 31/818/311 32/819/312
f 33/820/313 31/818/311 30/817/310
f 34/821/314 35/822/315 36/823/316
f 37/817/317 38/819/318 39/818/319
f 40/820/320 37/817/317 39/818/319
f 41/821/321 42/823/322 43/822/323
f 47/220/2 48/219/2 49/227/2
f 62/824/324 63/825/325 64/826/326
f 65/827/327 66/828/328 67/829/329
f 68/830/330 69/831/331 70/832/332
f 71/833/333 72/834/334 73/835/335
f 74/836/336 75/837/337 76/838/338
f 77/839/339 78/840/340 79/841/341
f 80/842/342 81/843/343 82/844/344
f 83/845/345 84/846/346 85/847/347
f 86/848/348 87/849/349 88/850/350
f 89/851/351 90/852/352 91/853/353
f 92/854/354 93/855/355 94/856/356
f 95/857/357 96/858/358 97/859/359
f 104/860/360 105/861/361 106/862/362
f 107/863/363 108/864/364 109/865/365
f 108/864/364 110/866/366 109/865/365
f 110/866/366 111/867/367 109/865/365
f 111/867/367 112/868/368 109/865/365
f 112/868/368 113/869/369 109/865/365
f 113/869/369 114/870/370 109/865/365
f 114/870/370 115/871/371 109/865/365
f 115/871/371 116/872/372 109/865/365
f 116/872/372 117/873/373 109/865/365
f 117/873/373 118/874/374 109/865/365
f 118/874/374 119/875/375 109/865/365
f 119/875/375 120/876/376 109/865/365
f 120/876/376 107/863/363 109/865/365
f 121/877/377 122/878/378 123/879/379
f 122/878/378 124/880/380 123/879/379
f 124/880/380 125/881/381 123/879/379
f 125/881/381 126/882/382 123/879/379
f 126/882/382 127/883/383 123/879/379
f 128/884/384 129/885/385 123/879/379
f 129/885/385 130/886/386 123/879/379
f 130/886/386 131/887/387 123/879/379
f 131/887/387 132/888/388 123/879/379
f 132/888/388 133/889/389 123/879/379
f 133/889/389 134/890/390 123/879/379
f 134/890/390 121/877/377 123/879/379
f 135/891/391 136/892/392 137/893/393
f 137/893/393 136/892/392 138/894/394
f 139/895/395 140/896/396 141/897/397
f 141/897/397 140/896/396 142/898/398
f 143/899/399 137/893/393 138/894/394
f 139/895/395 141/897/397 144/900/400
f 145/901/401 146/902/402 147/903/403
f 147/903/403 146/902/402 148/904/404
f 148/904/404 146/902/402 149/905/405
f 150/906/406 151/907/407 152/908/408
f 150/906/406 153/909/409 151/907/407
f 151/907/407 153/909/409 154/910/410
f 155/411/411 156/911/412 157/412/413
f 157/412/413 156/911/412 158/912/414
f 159/913/415 160/914/416 161/915/417
f 161/915/417 160/914/416 162/916/418
f 163/917/419 157/412/413 158/912/414
f 159/913/415 161/915/417 164/918/420
f 165/919/421 166/920/422 167/921/423
f 168/922/424 165/919/421 167/921/423
f 169/923/425 168/922/424 167/921/423
f 170/924/426 169/923/425 167/921/423
f 171/925/427 170/924/426 167/921/423
f 166/920/422 171/925/427 167/921/423
f 172/926/428 173/927/429 174/928/430
f 173/927/429 175/929/431 174/928/430
f 175/929/431 176/930/432 174/928/430
f 176/930/432 177/931/433 174/928/430
f 177/931/433 178/932/434 174/928/430
f 178/932/434 172/926/428 174/928/430
f 179/933/435 180/934/436 181/935/437
f 182/936/438 179/933/435 181/935/437
f 183/937/439 182/936/438 181/935/437
f 184/938/440 183/937/439 181/935/437
f 185/939/441 184/938/440 181/935/437
f 180/934/436 185/939/441 181/935/437
f 186/940/442 187/941/443 188/942/444
f 187/941/443 189/943/445 188/942/444
f 189/943/445 190/944/446 188/942/444
f 190/944/446 191/945/447 188/942/444
f 191/945/447 192/946/448 188/942/444
f 192/946/448 186/940/442 188/942/444
f 193/947/449 194/948/450 195/949/451
f 196/950/452 197/951/453 198/952/454
f 199/953/455 200/954/456 201/955/457
f 202/956/458 203/957/459 204/958/2
f 203/957/459 205/959/460 204/958/2
f 205/959/460 206/960/461 204/958/2
f 206/960/461 207/961/462 204/958/2
f 207/961/462 208/962/463 204/958/2
f 208/962/463 209/963/464 204/958/2
f 209/963/464 210/964/465 204/958/2
f 210/964/465 211/965/466 204/958/2
f 211/965/466 212/966/467 204/958/2
f 212/966/467 202/956/458 204/958/2
f 213/956/468 214/957/469 215/958/2
f 214/957/469 216/959/470 215/958/2
f 216/959/470 217/960/471 215/958/2
f 217/960/471 218/961/472 215/958/2
f 218/961/472 219/962/473 215/958/2
f 219/962/473 220/963/474 215/958/2
f 220/963/474 221/964/475 215/958/2
f 221/964/475 222/965/476 215/958/2
f 222/965/476 223/966/477 215/958/2
f 223/966/477 213/956/468 215/958/2
f 299/967/478 300/968/479 301/969/480
f 300/968/479 302/970/481 301/969/480
f 302/970/481 303/971/482 301/969/480
f 303/971/482 304/972/483 301/969/480
f 304/972/483 305/973/484 301/969/480
f 305/973/484 306/974/485 301/969/480
f 306/974/485 307/975/486 301/969/480
f 307/975/486 308/976/487 301/969/480
f 308/976/487 309/977/488 301/969/480
f 309/977/488 299/967/478 301/969/480
f 310/978/489 311/979/489 312/980/489
f 316/981/490 317/982/491 318/794/492
f 319/981/493 320/794/494 321/982/495
f 322/981/496 323/982/497 324/794/498
f 325/981/499 326/794/500 327/982/501
f 331/57/277 332/59/277 333/58/277
f 340/61/502 341/60/502 342/63/502
f 340/61/502 342/63/502 343/62/502
f 354/68/1 356/66/1 357/69/1
f 358/983/2 4453/2/2 4118/5/2
f 358/983/2 4118/5/2 359/984/2
f 353/69/1 364/71/1 365/70/1
f 370/985/503 371/986/504 372/987/505
f 370/985/503 372/987/505 373/988/506
f 3588/986/507 374/989/507 375/990/508
f 3588/986/507 375/990/508 3586/987/509
f 376/991/510 3587/985/510 3585/988/511
f 376/991/510 3585/988/511 377/992/512
f 3586/987/509 375/990/508 378/993/513
f 3586/987/509 378/993/513 379/994/514
f 3585/988/511 380/995/515 381/996/516
f 3585/988/511 381/996/516 377/992/512
f 372/987/505 3590/994/517 3589/995/518
f 372/987/505 3589/995/518 373/988/506
f 382/997/519 383/998/520 384/999/521
f 382/997/519 384/999/521 385/1000/522
f 386/1001/523 387/1002/524 388/1003/525
f 386/1001/523 388/1003/525 389/1004/526
f 3591/997/527 3594/1000/528 3593/1002/529
f 3591/997/527 3593/1002/529 3592/1001/530
f 379/994/514 378/993/513 383/998/520
f 379/994/514 383/998/520 382/997/519
f 380/995/515 386/1001/523 389/1004/526
f 380/995/515 389/1004/526 381/996/516
f 3590/994/517 3591/997/527 3592/1001/530
f 3590/994/517 3592/1001/530 3589/995/518
f 390/78/531 391/81/532 392/1005/533
f 390/78/531 392/1005/533 393/1006/531
f 394/1007/534 395/1008/534 396/1009/535
f 394/1007/534 396/1009/535 397/1010/536
f 391/81/532 400/83/537 401/1011/538
f 391/81/532 401/1011/538 392/1005/533
f 397/1010/536 396/1009/535 402/1012/539
f 397/1010/536 402/1012/539 403/1013/540
f 400/83/537 405/85/541 406/1014/542
f 400/83/537 406/1014/542 401/1011/538
f 403/1013/540 402/1012/539 407/1015/543
f 403/1013/540 407/1015/543 408/1016/544
f 405/85/541 410/87/545 411/1017/545
f 405/85/541 411/1017/545 406/1014/542
f 408/1016/544 407/1015/543 412/1018/546
f 408/1016/544 412/1018/546 413/1019/546
f 3603/85/6 409/84/6 414/86/6
f 415/95/547 416/94/548 417/1020/549
f 415/95/547 417/1020/549 418/1021/550
f 419/1022/551 420/1023/552 421/89/551
f 419/1022/551 421/89/551 422/88/553
f 4194/91/554 4192/90/555 425/1024/554
f 4194/91/554 425/1024/554 426/1025/556
f 4215/1025/557 4202/1024/558 427/93/557
f 4215/1025/557 427/93/557 428/92/559
f 429/96/21 430/1026/21 431/97/21
f 435/1027/560 436/1028/561 437/1029/562
f 435/1027/560 437/1029/562 438/1030/563
f 439/1031/564 440/1032/565 441/1033/566
f 439/1031/564 441/1033/566 442/1034/567
f 438/1030/563 437/1029/562 443/1035/568
f 438/1030/563 443/1035/568 444/1036/569
f 444/1036/569 443/1035/568 440/1032/565
f 444/1036/569 440/1032/565 439/1031/564
f 445/1037/570 8/804/289 7/803/288
f 445/1037/570 7/803/288 446/1038/571
f 10/805/291 445/1037/570 446/1038/571
f 10/805/291 446/1038/571 11/107/292
f 436/1028/561 435/1027/560 4242/806/572
f 436/1028/561 4242/806/572 4233/102/573
f 442/1034/567 441/1033/566 4116/810/574
f 442/1034/567 4116/810/574 4100/809/575
f 6/101/287 436/1028/561 4233/102/573
f 437/1029/562 436/1028/561 6/101/287
f 437/1029/562 6/101/287 8/804/289
f 443/1035/568 437/1029/562 8/804/289
f 443/1035/568 8/804/289 445/1037/570
f 440/1032/565 443/1035/568 445/1037/570
f 440/1032/565 445/1037/570 10/805/291
f 441/1033/566 440/1032/565 10/805/291
f 441/1033/566 10/805/291 9/106/290
f 4116/810/574 441/1033/566 9/106/290
f 4116/810/574 9/106/290 448/109/576
f 4196/1027/577 4177/1030/578 449/1029/579
f 4196/1027/577 449/1029/579 450/1028/580
f 4117/1031/581 4104/1034/582 451/1033/583
f 4117/1031/581 451/1033/583 452/1032/584
f 4177/1030/578 4134/1036/585 453/1035/586
f 4177/1030/578 453/1035/586 449/1029/579
f 4134/1036/585 4117/1031/581 452/1032/584
f 4134/1036/585 452/1032/584 453/1035/586
f 454/1037/587 455/1038/588 14/803/295
f 454/1037/587 14/803/295 13/804/294
f 17/805/298 16/107/297 455/1038/588
f 17/805/298 455/1038/588 454/1037/587
f 450/1028/580 456/102/589 4243/806/590
f 450/1028/580 4243/806/590 4196/1027/577
f 4104/1034/582 4101/809/591 457/810/592
f 4104/1034/582 457/810/592 451/1033/583
f 12/101/293 456/102/589 450/1028/580
f 449/1029/579 13/804/294 12/101/293
f 449/1029/579 12/101/293 450/1028/580
f 453/1035/586 454/1037/587 13/804/294
f 453/1035/586 13/804/294 449/1029/579
f 452/1032/584 17/805/298 454/1037/587
f 452/1032/584 454/1037/587 453/1035/586
f 451/1033/583 15/106/296 17/805/298
f 451/1033/583 17/805/298 452/1032/584
f 457/810/592 459/109/593 15/106/296
f 457/810/592 15/106/296 451/1033/583
f 460/1039/594 461/1040/595 4208/803/595
f 460/1039/594 4208/803/595 4201/101/596
f 19/807/300 464/1041/597 4216/103/598
f 19/807/300 4216/103/598 20/102/301
f 464/1041/597 460/1039/594 4201/101/596
f 464/1041/597 4201/101/596 4216/103/598
f 4126/108/302 21/808/302 23/810/302
f 4126/108/302 23/810/302 4128/109/302
f 466/110/27 468/112/27 469/114/27
f 470/113/28 4473/114/28 471/116/28
f 486/1042/599 487/1043/600 488/1044/601
f 486/1042/599 488/1044/601 489/1045/602
f 4148/1043/603 490/1046/604 491/1047/605
f 4148/1043/603 491/1047/605 4176/1044/606
f 4142/1046/607 492/1048/608 493/1049/609
f 4142/1046/607 493/1049/609 4173/1047/610
f 494/1050/611 495/1051/612 496/1052/613
f 494/1050/611 496/1052/613 497/1053/614
f 4141/1051/615 498/1054/616 499/1055/617
f 4141/1051/615 499/1055/617 4172/1052/618
f 4147/1054/619 4149/1042/620 4182/1045/621
f 4147/1054/619 4182/1045/621 4175/1055/622
f 500/1056/623 501/1057/624 502/130/625
f 500/1056/623 502/130/625 503/133/626
f 4198/1057/627 504/1058/628 505/141/629
f 4198/1057/627 505/141/629 4237/130/630
f 4189/1058/631 506/1059/632 507/142/633
f 4189/1058/631 507/142/633 4221/141/634
f 508/1056/635 509/1057/636 510/145/637
f 508/1056/635 510/145/637 511/144/638
f 4188/1057/639 512/1060/640 513/137/641
f 4188/1057/639 513/137/641 4223/145/642
f 4197/1060/643 514/1059/644 515/140/645
f 4197/1060/643 515/140/645 4235/137/646
f 516/1061/647 517/1062/648 518/1063/649
f 516/1061/647 518/1063/649 519/1064/650
f 4333/1062/651 520/1065/652 521/1066/653
f 4333/1062/651 521/1066/653 4352/1063/653
f 4331/1065/654 522/1067/655 523/1068/656
f 4331/1065/654 523/1068/656 4348/1066/656
f 524/1069/657 525/1070/658 526/1071/659
f 524/1069/657 526/1071/659 527/1072/659
f 4330/1070/660 528/1073/661 529/1074/662
f 4330/1070/660 529/1074/662 4347/1071/662
f 4332/1073/663 4334/1061/664 4357/1064/665
f 4332/1073/663 4357/1064/665 4351/1074/665
f 530/1075/666 531/1076/667 532/1077/668
f 530/1075/666 532/1077/668 533/1078/669
f 4386/1075/670 534/1079/671 535/1080/672
f 4386/1075/670 535/1080/672 4422/1076/673
f 536/1081/674 537/1082/675 538/1083/676
f 536/1081/674 538/1083/676 539/1084/676
f 4385/1082/677 540/1085/678 541/1086/679
f 4385/1082/677 541/1086/679 4420/1083/680
f 4388/1085/681 542/1087/682 543/1088/683
f 4388/1085/681 543/1088/683 4433/1086/683
f 4390/1087/684 4387/1078/685 4431/1077/686
f 4390/1087/684 4431/1077/686 4437/1088/686
f 544/1089/687 545/1090/688 546/1091/689
f 544/1089/687 546/1091/689 547/1092/690
f 4226/1090/691 548/1093/692 549/1094/693
f 4226/1090/691 549/1094/693 4258/1091/694
f 550/1095/695 551/1096/696 552/1097/697
f 550/1095/695 552/1097/697 553/1098/698
f 4225/1096/699 554/1099/700 555/1100/701
f 4225/1096/699 555/1100/701 4257/1097/702
f 4230/1099/703 556/1101/704 557/1102/705
f 4230/1099/703 557/1102/705 4261/1100/706
f 4231/1089/707 4262/1092/708 4264/1102/709
f 4231/1089/707 4264/1102/709 4241/1101/710
f 4238/130/35 4222/141/35 564/138/35
f 568/133/40 569/132/40 570/131/40
f 4224/145/35 576/136/35 572/135/35
f 4180/134/711 4169/137/712 504/1058/628
f 4180/134/711 504/1058/628 4198/1057/627
f 4170/137/713 4163/140/714 506/1059/632
f 4170/137/713 506/1059/632 4189/1058/631
f 4164/133/715 4167/130/716 509/1057/636
f 4164/133/715 509/1057/636 508/1056/635
f 4168/130/717 4178/147/718 512/1060/640
f 4168/130/717 512/1060/640 4188/1057/639
f 4179/147/719 4183/142/720 514/1059/644
f 4179/147/719 514/1059/644 4197/1060/643
f 4181/134/721 501/1057/624 500/1056/623
f 4181/134/721 500/1056/623 4184/148/722
f 582/1103/723 490/1046/604 4148/1043/603
f 582/1103/723 4148/1043/603 583/1104/724
f 584/1105/725 492/1048/608 4142/1046/607
f 584/1105/725 4142/1046/607 4120/1103/726
f 585/1106/727 495/1051/612 494/1050/611
f 585/1106/727 494/1050/611 586/1107/728
f 587/1108/729 498/1054/616 4141/1051/615
f 587/1108/729 4141/1051/615 4119/1106/730
f 4132/1108/731 588/1109/732 4149/1042/620
f 4132/1108/731 4149/1042/620 4147/1054/619
f 4133/1104/733 487/1043/600 486/1042/599
f 4133/1104/733 486/1042/599 4144/1109/734
f 589/149/45 590/150/45 4460/115/45
f 4435/153/735 594/1110/735 4469/122/735
f 595/154/736 4467/118/736 4470/120/736
f 596/1111/737 597/1112/738 598/1113/739
f 596/1111/737 598/1113/739 599/1114/740
f 4432/1077/741 4423/1076/742 600/1115/743
f 4432/1077/741 600/1115/743 601/1116/744
f 599/1114/740 598/1113/739 602/1117/745
f 599/1114/740 602/1117/745 603/1118/746
f 4423/1076/742 4418/1080/747 604/1119/748
f 4423/1076/742 604/1119/748 600/1115/743
f 605/1120/746 606/1121/745 607/1122/749
f 605/1120/746 607/1122/749 608/1123/750
f 4419/1084/747 4421/1083/751 609/1124/752
f 4419/1084/747 609/1124/752 610/1125/748
f 608/1123/750 607/1122/749 611/1126/753
f 608/1123/750 611/1126/753 612/1127/754
f 4421/1083/751 4434/1086/755 613/1128/756
f 4421/1083/751 613/1128/756 609/1124/752
f 612/1127/754 611/1126/753 614/1129/757
f 612/1127/754 614/1129/757 615/1130/758
f 4434/1086/755 4438/1088/759 616/1131/760
f 4434/1086/755 616/1131/760 613/1128/756
f 615/1130/758 614/1129/757 597/1112/738
f 615/1130/758 597/1112/738 596/1111/737
f 4438/1088/759 4432/1077/741 601/1116/744
f 4438/1088/759 601/1116/744 616/1131/760
f 617/1132/761 618/1133/762 520/1065/652
f 617/1132/761 520/1065/652 4333/1062/651
f 4297/1133/763 619/1134/764 522/1067/655
f 4297/1133/763 522/1067/655 4331/1065/654
f 620/1135/765 621/1136/766 525/1070/658
f 620/1135/765 525/1070/658 524/1069/657
f 4296/1136/767 622/1137/768 528/1073/661
f 4296/1136/767 528/1073/661 4330/1070/660
f 4301/1137/769 623/1138/770 4334/1061/664
f 4301/1137/769 4334/1061/664 4332/1073/663
f 4303/1138/771 4302/1132/772 517/1062/648
f 4303/1138/771 517/1062/648 516/1061/647
f 4360/1111/773 4355/1114/774 530/1075/666
f 4360/1111/773 530/1075/666 533/1078/669
f 4356/1114/775 4349/1118/776 534/1079/671
f 4356/1114/775 534/1079/671 4386/1075/670
f 4350/1120/777 4353/1123/778 537/1082/675
f 4350/1120/777 537/1082/675 536/1081/674
f 4354/1123/779 4358/1127/780 540/1085/678
f 4354/1123/779 540/1085/678 4385/1082/677
f 4359/1127/781 4362/1130/782 542/1087/682
f 4359/1127/781 542/1087/682 4388/1085/681
f 4363/1130/783 4361/1111/784 4387/1078/685
f 4363/1130/783 4387/1078/685 4390/1087/684
f 547/1092/690 546/1091/689 618/1133/762
f 547/1092/690 618/1133/762 617/1132/761
f 4258/1091/694 549/1094/693 619/1134/764
f 4258/1091/694 619/1134/764 4297/1133/763
f 553/1098/698 552/1097/697 621/1136/766
f 553/1098/698 621/1136/766 620/1135/765
f 4257/1097/702 555/1100/701 622/1137/768
f 4257/1097/702 622/1137/768 4296/1136/767
f 4261/1100/706 557/1102/705 623/1138/770
f 4261/1100/706 623/1138/770 4301/1137/769
f 4264/1102/709 4262/1092/708 4302/1132/772
f 4264/1102/709 4302/1132/772 4303/1138/771
f 624/158/51 625/1139/51 626/1140/51
f 624/158/51 626/1140/51 627/155/51
f 630/1141/785 28/815/308 27/814/307
f 630/1141/785 27/814/307 631/1142/786
f 4204/1142/787 4295/814/788 4287/811/789
f 4204/1142/787 4287/811/789 632/1143/790
f 4203/1143/791 24/811/304 26/813/306
f 4203/1143/791 26/813/306 633/1144/792
f 4287/811/789 4295/814/788 4337/816/793
f 4287/811/789 4337/816/793 4338/812/794
f 25/812/305 634/1145/71 635/1146/795
f 25/812/305 635/1146/795 26/813/306
f 29/816/309 28/815/308 636/1147/796
f 29/816/309 636/1147/796 637/1148/797
f 4338/812/794 4337/816/793 4383/1148/798
f 4338/812/794 4383/1148/798 4382/1145/799
f 638/159/52 640/161/52 641/166/52
f 4154/166/800 4209/161/801 642/1149/802
f 4154/166/800 642/1149/802 643/1150/803
f 648/1151/804 649/1152/805 4206/1149/806
f 648/1151/804 4206/1149/806 4210/161/804
f 650/1153/807 651/1154/808 4155/166/808
f 650/1153/807 4155/166/808 4162/1150/809
f 652/1155/810 650/1153/807 4162/1150/809
f 652/1155/810 4162/1150/809 4152/162/810
f 4206/1149/806 649/1152/805 653/1156/811
f 4206/1149/806 653/1156/811 4219/163/811
f 643/1150/803 642/1149/802 4220/163/812
f 643/1150/803 4220/163/812 4153/162/813
f 4373/161/814 4414/166/815 658/1150/816
f 4373/161/814 658/1150/816 659/1149/817
f 660/163/818 661/162/819 662/165/818
f 664/1154/820 665/1153/821 4406/1150/821
f 664/1154/820 4406/1150/821 4415/166/820
f 666/1152/822 667/1151/823 4374/161/823
f 666/1152/822 4374/161/823 4381/1149/824
f 659/1149/817 658/1150/816 4410/162/825
f 659/1149/817 4410/162/825 4375/163/826
f 668/1156/827 666/1152/822 4381/1149/824
f 668/1156/827 4381/1149/824 4376/163/827
f 4406/1150/821 665/1153/821 669/1155/828
f 4406/1150/821 669/1155/828 4411/162/828
f 670/1157/829 671/1158/830 672/1159/831
f 670/1157/829 672/1159/831 673/1160/832
f 4275/1158/833 674/1161/833 675/1162/834
f 4275/1158/833 675/1162/834 4263/1159/835
f 676/1163/836 4250/1157/836 4255/1160/837
f 676/1163/836 4255/1160/837 677/1164/838
f 673/1160/832 672/1159/831 678/1165/839
f 673/1160/832 678/1165/839 679/1166/839
f 677/1164/838 4255/1160/837 4251/1166/840
f 677/1164/838 4251/1166/840 680/1167/840
f 4263/1159/835 675/1162/834 681/1168/841
f 4263/1159/835 681/1168/841 4270/1165/841
f 682/167/1 684/169/1 685/170/1
f 4279/168/842 690/1169/842 691/1170/842
f 4279/168/842 691/1170/842 4292/169/842
f 704/187/64 4340/177/64 4342/180/64
f 706/1171/843 707/1172/844 708/1173/845
f 706/1171/843 708/1173/845 709/1174/846
f 4371/1172/847 710/1175/847 711/1176/848
f 4371/1172/847 711/1176/848 4369/1173/849
f 709/1174/846 708/1173/845 712/1177/850
f 709/1174/846 712/1177/850 713/1178/850
f 4369/1173/849 711/1176/848 714/1179/851
f 4369/1173/849 714/1179/851 4372/1177/851
f 4366/1174/852 4346/1178/853 715/1180/853
f 4366/1174/852 715/1180/853 716/1181/854
f 716/1181/854 717/1182/855 4345/1171/855
f 716/1181/854 4345/1171/855 4366/1174/852
f 718/196/856 719/195/857 720/1183/858
f 718/196/856 720/1183/858 721/1184/859
f 728/1185/860 729/1186/861 730/1187/862
f 728/1185/860 730/1187/862 731/1188/863
f 732/1189/864 733/1190/865 734/1191/866
f 732/1189/864 734/1191/866 735/1192/867
f 721/1184/859 720/1183/858 4496/190/868
f 721/1184/859 4496/190/868 4412/189/869
f 735/1192/867 734/1191/866 736/1193/870
f 735/1192/867 736/1193/870 737/1194/871
f 731/1188/863 730/1187/862 738/1195/872
f 731/1188/863 738/1195/872 739/1196/873
f 4124/198/874 744/1197/874 745/1198/875
f 4124/198/874 745/1198/875 4121/199/876
f 746/1199/877 4097/197/877 4099/200/878
f 746/1199/877 4099/200/878 747/1200/879
f 747/1200/879 4099/200/878 4098/202/880
f 747/1200/879 4098/202/880 750/1201/880
f 4121/199/876 745/1198/875 751/1202/881
f 4121/199/876 751/1202/881 4125/201/881
f 752/197/1 754/199/1 755/198/1
f 4424/198/882 4440/199/883 756/1198/884
f 4424/198/882 756/1198/884 757/1197/882
f 758/1199/885 759/1200/886 4483/200/887
f 758/1199/885 4483/200/887 4486/197/885
f 753/200/1 761/201/1 754/199/1
f 759/1200/886 762/1201/888 4491/202/888
f 759/1200/886 4491/202/888 4483/200/887
f 4440/199/883 4439/201/889 763/1202/889
f 4440/199/883 763/1202/889 756/1198/884
f 772/216/890 773/1203/891 774/1204/892
f 772/216/890 774/1204/892 775/217/893
f 782/1205/894 783/1206/895 784/1187/896
f 782/1205/894 784/1187/896 785/1207/897
f 786/1208/898 787/1209/899 788/1191/900
f 786/1208/898 788/1191/900 789/1210/901
f 773/1203/891 4143/211/902 4084/214/903
f 773/1203/891 4084/214/903 774/1204/892
f 787/1209/899 790/1211/904 791/1212/905
f 787/1209/899 791/1212/905 788/1191/900
f 783/1206/895 792/1213/906 793/1214/907
f 783/1206/895 793/1214/907 784/1187/896
f 794/1215/908 31/818/311 33/820/313
f 794/1215/908 33/820/313 795/1216/909
f 796/1217/910 797/1218/911 31/818/311
f 796/1217/910 31/818/311 794/1215/908
f 798/1219/912 799/1220/913 797/1218/911
f 798/1219/912 797/1218/911 796/1217/910
f 800/1221/914 34/821/314 36/823/316
f 800/1221/914 36/823/316 801/1222/915
f 35/822/315 802/1223/916 803/1224/917
f 35/822/315 803/1224/917 36/823/316
f 797/1218/911 799/1220/913 804/1225/918
f 797/1218/911 804/1225/918 805/1226/919
f 31/818/311 797/1218/911 805/1226/919
f 31/818/311 805/1226/919 806/1227/920
f 32/819/312 31/818/311 806/1227/920
f 32/819/312 806/1227/920 807/1228/921
f 801/1222/915 36/823/316 799/1220/913
f 801/1222/915 799/1220/913 798/1219/912
f 804/1225/918 799/1220/913 36/823/316
f 804/1225/918 36/823/316 803/1224/917
f 808/1215/922 809/1216/909 4538/820/923
f 808/1215/922 4538/820/923 39/818/319
f 810/1217/924 808/1215/922 39/818/319
f 810/1217/924 39/818/319 811/1218/925
f 812/1219/926 810/1217/924 811/1218/925
f 812/1219/926 811/1218/925 813/1220/927
f 814/1221/928 815/1222/929 42/823/322
f 814/1221/928 42/823/322 41/821/321
f 43/822/323 42/823/322 816/1224/930
f 43/822/323 816/1224/930 817/1223/916
f 811/1218/925 818/1226/919 819/1225/918
f 811/1218/925 819/1225/918 813/1220/927
f 39/818/319 820/1227/920 818/1226/919
f 39/818/319 818/1226/919 811/1218/925
f 38/819/318 821/1228/921 820/1227/920
f 38/819/318 820/1227/920 39/818/319
f 815/1222/929 812/1219/926 813/1220/927
f 815/1222/929 813/1220/927 42/823/322
f 819/1225/918 816/1224/930 42/823/322
f 819/1225/918 42/823/322 813/1220/927
f 828/228/7 829/1229/7 3577/6/7
f 44/6/2 52/11/2 45/7/2
f 56/15/1 855/246/1 854/245/1
f 57/16/1 861/252/1 58/17/1
f 59/15/1 866/250/1 867/249/1
f 857/248/1 870/253/1 871/254/1
f 876/1230/931 877/1231/932 878/1232/932
f 876/1230/931 878/1232/932 879/1233/933
f 4497/1231/934 882/1234/935 883/1235/936
f 4497/1231/934 883/1235/936 4498/1232/934
f 882/1234/935 884/1236/937 885/1237/937
f 882/1234/935 885/1237/937 883/1235/936
f 4520/262/938 890/1238/939 891/1239/940
f 4520/262/938 891/1239/940 4521/263/938
f 890/1238/939 892/265/941 893/268/941
f 890/1238/939 893/268/941 891/1239/940
f 898/1240/942 876/1230/931 879/1233/933
f 898/1240/942 879/1233/933 899/1241/942
f 900/1231/943 901/1230/944 902/1233/945
f 900/1231/943 902/1233/945 903/1232/943
f 908/1234/946 4085/1231/947 4086/1232/947
f 908/1234/946 4086/1232/947 909/1235/948
f 4107/255/949 910/259/949 911/260/949
f 4107/255/949 911/260/949 4108/258/949
f 912/1238/950 913/262/951 914/263/951
f 912/1238/950 914/263/951 915/1239/952
f 918/1236/953 908/1234/946 909/1235/948
f 918/1236/953 909/1235/948 919/1237/953
f 4111/265/954 912/1238/950 915/1239/952
f 4111/265/954 915/1239/952 4112/268/954
f 901/1230/944 4304/1240/955 4305/1241/955
f 901/1230/944 4305/1241/955 902/1233/945
f 4307/269/956 4158/256/956 4159/257/956
f 4307/269/956 4159/257/956 4308/270/956
f 925/272/89 928/279/89 929/275/89
f 937/1242/957 938/1243/958 939/1244/959
f 937/1242/957 939/1244/959 940/1245/960
f 938/1243/958 941/1246/961 942/1247/962
f 938/1243/958 942/1247/962 939/1244/959
f 941/1246/961 943/1248/963 944/1249/964
f 941/1246/961 944/1249/964 942/1247/962
f 943/1248/963 945/1250/965 946/1251/966
f 943/1248/963 946/1251/966 944/1249/964
f 945/1250/965 947/1252/967 948/1253/968
f 945/1250/965 948/1253/968 946/1251/966
f 947/1252/967 949/1254/969 950/1255/970
f 947/1252/967 950/1255/970 948/1253/968
f 949/1254/969 951/1256/971 952/1257/972
f 949/1254/969 952/1257/972 950/1255/970
f 951/1256/971 953/1258/973 954/1259/974
f 951/1256/971 954/1259/974 952/1257/972
f 953/1258/973 955/1260/975 956/1261/976
f 953/1258/973 956/1261/976 954/1259/974
f 957/1262/975 958/1263/977 959/1264/978
f 957/1262/975 959/1264/978 960/1265/976
f 958/1263/977 961/1266/979 962/1267/980
f 958/1263/977 962/1267/980 959/1264/978
f 961/1266/979 963/1268/981 964/1269/982
f 961/1266/979 964/1269/982 962/1267/980
f 963/1268/981 937/1242/957 940/1245/960
f 963/1268/981 940/1245/960 964/1269/982
f 940/1245/960 939/1244/959 965/1270/983
f 940/1245/960 965/1270/983 966/1271/984
f 939/1244/959 942/1247/962 967/1272/985
f 939/1244/959 967/1272/985 965/1270/983
f 942/1247/962 944/1249/964 968/1273/986
f 942/1247/962 968/1273/986 967/1272/985
f 944/1249/964 946/1251/966 969/1274/987
f 944/1249/964 969/1274/987 968/1273/986
f 946/1251/966 948/1253/968 970/1275/988
f 946/1251/966 970/1275/988 969/1274/987
f 948/1253/968 950/1255/970 971/1276/989
f 948/1253/968 971/1276/989 970/1275/988
f 950/1255/970 952/1257/972 972/1277/990
f 950/1255/970 972/1277/990 971/1276/989
f 952/1257/972 954/1259/974 973/1278/991
f 952/1257/972 973/1278/991 972/1277/990
f 954/1259/974 956/1261/976 974/1279/992
f 954/1259/974 974/1279/992 973/1278/991
f 960/1265/976 959/1264/978 975/1280/993
f 960/1265/976 975/1280/993 976/1281/994
f 959/1264/978 962/1267/980 977/1282/995
f 959/1264/978 977/1282/995 975/1280/993
f 962/1267/980 964/1269/982 978/1283/996
f 962/1267/980 978/1283/996 977/1282/995
f 964/1269/982 940/1245/960 966/1271/984
f 964/1269/982 966/1271/984 978/1283/996
f 966/1271/984 965/1270/983 979/1284/997
f 966/1271/984 979/1284/997 980/1285/998
f 965/1270/983 967/1272/985 981/1286/999
f 965/1270/983 981/1286/999 979/1284/997
f 967/1272/985 968/1273/986 982/1287/1000
f 967/1272/985 982/1287/1000 981/1286/999
f 968/1273/986 969/1274/987 983/1288/1001
f 968/1273/986 983/1288/1001 982/1287/1000
f 969/1274/987 970/1275/988 984/1289/1002
f 969/1274/987 984/1289/1002 983/1288/1001
f 970/1275/988 971/1276/989 985/1290/1003
f 970/1275/988 985/1290/1003 984/1289/1002
f 971/1276/989 972/1277/990 986/1291/1004
f 971/1276/989 986/1291/1004 985/1290/1003
f 972/1277/990 973/1278/991 987/1292/1005
f 972/1277/990 987/1292/1005 986/1291/1004
f 973/1278/991 974/1279/992 988/1293/1006
f 973/1278/991 988/1293/1006 987/1292/1005
f 976/1281/994 975/1280/993 989/1294/1007
f 976/1281/994 989/1294/1007 990/1295/1006
f 975/1280/993 977/1282/995 991/1296/1008
f 975/1280/993 991/1296/1008 989/1294/1007
f 977/1282/995 978/1283/996 992/1297/1009
f 977/1282/995 992/1297/1009 991/1296/1008
f 978/1283/996 966/1271/984 980/1285/998
f 978/1283/996 980/1285/998 992/1297/1009
f 980/1285/998 979/1284/997 993/1298/1010
f 980/1285/998 993/1298/1010 994/1299/1011
f 979/1284/997 981/1286/999 995/1300/1012
f 979/1284/997 995/1300/1012 993/1298/1010
f 981/1286/999 982/1287/1000 996/1301/1013
f 981/1286/999 996/1301/1013 995/1300/1012
f 982/1287/1000 983/1288/1001 997/1302/1014
f 982/1287/1000 997/1302/1014 996/1301/1013
f 983/1288/1001 984/1289/1002 998/1303/1015
f 983/1288/1001 998/1303/1015 997/1302/1014
f 984/1289/1002 985/1290/1003 999/1304/1016
f 984/1289/1002 999/1304/1016 998/1303/1015
f 985/1290/1003 986/1291/1004 1000/1305/1017
f 985/1290/1003 1000/1305/1017 999/1304/1016
f 986/1291/1004 987/1292/1005 1001/1306/1018
f 986/1291/1004 1001/1306/1018 1000/1305/1017
f 987/1292/1005 988/1293/1006 1002/1307/1019
f 987/1292/1005 1002/1307/1019 1001/1306/1018
f 990/1295/1006 989/1294/1007 1003/1308/1020
f 990/1295/1006 1003/1308/1020 1004/1309/1021
f 989/1294/1007 991/1296/1008 1005/1310/1022
f 989/1294/1007 1005/1310/1022 1003/1308/1020
f 991/1296/1008 992/1297/1009 1006/1311/1023
f 991/1296/1008 1006/1311/1023 1005/1310/1022
f 992/1297/1009 980/1285/998 994/1299/1011
f 992/1297/1009 994/1299/1011 1006/1311/1023
f 994/1299/1011 993/1298/1010 1007/1312/1024
f 994/1299/1011 1007/1312/1024 1008/1313/1025
f 993/1298/1010 995/1300/1012 1009/1314/1026
f 993/1298/1010 1009/1314/1026 1007/1312/1024
f 995/1300/1012 996/1301/1013 1010/1315/1027
f 995/1300/1012 1010/1315/1027 1009/1314/1026
f 996/1301/1013 997/1302/1014 1011/1316/1028
f 996/1301/1013 1011/1316/1028 1010/1315/1027
f 997/1302/1014 998/1303/1015 1012/1317/1029
f 997/1302/1014 1012/1317/1029 1011/1316/1028
f 998/1303/1015 999/1304/1016 1013/1318/1030
f 998/1303/1015 1013/1318/1030 1012/1317/1029
f 999/1304/1016 1000/1305/1017 1014/1319/1031
f 999/1304/1016 1014/1319/1031 1013/1318/1030
f 1000/1305/1017 1001/1306/1018 1015/1320/1032
f 1000/1305/1017 1015/1320/1032 1014/1319/1031
f 1001/1306/1018 1002/1307/1019 1016/1321/1033
f 1001/1306/1018 1016/1321/1033 1015/1320/1032
f 1004/1309/1021 1003/1308/1020 1017/1322/1034
f 1004/1309/1021 1017/1322/1034 1018/1323/1033
f 1003/1308/1020 1005/1310/1022 1019/1324/1035
f 1003/1308/1020 1019/1324/1035 1017/1322/1034
f 1005/1310/1022 1006/1311/1023 1020/1325/1036
f 1005/1310/1022 1020/1325/1036 1019/1324/1035
f 1006/1311/1023 994/1299/1011 1008/1313/1025
f 1006/1311/1023 1008/1313/1025 1020/1325/1036
f 4271/826/1037 4268/825/1038 4327/829/1038
f 4271/826/1037 4327/829/1038 4325/828/1039
f 4271/826/1037 4325/828/1039 4321/832/1040
f 4271/826/1037 4321/832/1040 4276/834/1041
f 4276/834/1041 4321/832/1040 4319/831/1042
f 4276/834/1041 4319/831/1042 4281/835/1043
f 4281/835/1043 4319/831/1042 4315/838/1044
f 4281/835/1043 4315/838/1044 4285/840/1045
f 4285/840/1045 4315/838/1044 4313/837/1046
f 4285/840/1045 4313/837/1046 4288/841/1047
f 4288/841/1047 4313/837/1046 1021/1326/1048
f 4288/841/1047 1021/1326/1048 1022/1327/1049
f 1022/1327/1049 1021/1326/1048 4314/844/1050
f 1022/1327/1049 4314/844/1050 4289/846/1051
f 4289/846/1051 4314/844/1050 4317/843/1052
f 4289/846/1051 4317/843/1052 4286/847/1053
f 4286/847/1053 4317/843/1052 4320/850/1054
f 4286/847/1053 4320/850/1054 4282/852/1055
f 4282/852/1055 4320/850/1054 4322/849/1056
f 4282/852/1055 4322/849/1056 4277/853/1057
f 4277/853/1057 4322/849/1056 4326/856/1058
f 4277/853/1057 4326/856/1058 4272/858/1059
f 4272/858/1059 4326/856/1058 4328/855/1060
f 4272/858/1059 4328/855/1060 4269/859/1060
f 65/827/327 68/830/330 70/832/332
f 65/827/327 70/832/332 66/828/328
f 71/833/333 62/824/324 64/826/326
f 71/833/333 64/826/326 72/834/334
f 68/830/330 74/836/336 76/838/338
f 68/830/330 76/838/338 69/831/331
f 77/839/339 71/833/333 73/835/335
f 77/839/339 73/835/335 78/840/340
f 74/836/336 1023/1328/1061 4312/1326/1062
f 74/836/336 4312/1326/1062 75/837/337
f 1024/1329/1063 77/839/339 79/841/341
f 1024/1329/1063 79/841/341 4290/1327/1064
f 1023/1328/1061 80/842/342 82/844/344
f 1023/1328/1061 82/844/344 4312/1326/1062
f 83/845/345 1024/1329/1063 4290/1327/1064
f 83/845/345 4290/1327/1064 84/846/346
f 80/842/342 86/848/348 88/850/350
f 80/842/342 88/850/350 81/843/343
f 89/851/351 83/845/345 85/847/347
f 89/851/351 85/847/347 90/852/352
f 86/848/348 92/854/354 94/856/356
f 86/848/348 94/856/356 87/849/349
f 95/857/357 89/851/351 91/853/353
f 95/857/357 91/853/353 96/858/358
f 1025/1330/1065 1026/1331/1066 1027/1332/1067
f 1025/1330/1065 1027/1332/1067 1028/1333/1068
f 1026/1331/1066 1029/1334/1069 1030/1335/1070
f 1026/1331/1066 1030/1335/1070 1027/1332/1067
f 1029/1334/1069 1031/1336/1071 1032/1337/1072
f 1029/1334/1069 1032/1337/1072 1030/1335/1070
f 1031/1336/1071 1033/1338/1073 1034/1339/1074
f 1031/1336/1071 1034/1339/1074 1032/1337/1072
f 1035/1340/1073 1036/1341/1075 1037/1342/1076
f 1035/1340/1073 1037/1342/1076 1038/1343/1074
f 1036/1341/1075 1039/1344/1077 1040/1345/1078
f 1036/1341/1075 1040/1345/1078 1037/1342/1076
f 1039/1344/1077 1041/1346/1079 1042/1347/1080
f 1039/1344/1077 1042/1347/1080 1040/1345/1078
f 1041/1346/1079 1043/1348/1081 1044/1349/1082
f 1041/1346/1079 1044/1349/1082 1042/1347/1080
f 1043/1348/1081 1045/1350/1083 1046/1351/1084
f 1043/1348/1081 1046/1351/1084 1044/1349/1082
f 1045/1350/1083 1047/1352/1085 1048/1353/1086
f 1045/1350/1083 1048/1353/1086 1046/1351/1084
f 1047/1352/1085 1049/1354/1087 1050/1355/1088
f 1047/1352/1085 1050/1355/1088 1048/1353/1086
f 1049/1354/1087 1025/1330/1065 1028/1333/1068
f 1049/1354/1087 1028/1333/1068 1050/1355/1088
f 1051/284/3 1052/289/3 1053/285/3
f 1057/1356/1089 1058/1357/1090 1059/1358/1091
f 1057/1356/1089 1059/1358/1091 1060/1359/1092
f 1061/1360/1093 1062/1361/1094 1058/1357/1090
f 1061/1360/1093 1058/1357/1090 1057/1356/1089
f 1063/1362/1095 1064/1363/1096 1062/1361/1094
f 1063/1362/1095 1062/1361/1094 1061/1360/1093
f 1065/1364/1097 1066/1365/1098 1064/1363/1096
f 1065/1364/1097 1064/1363/1096 1063/1362/1095
f 1067/1366/1099 1068/1367/1100 1066/1365/1098
f 1067/1366/1099 1066/1365/1098 1065/1364/1097
f 1069/1368/1101 1070/1369/1102 1068/1367/1100
f 1069/1368/1101 1068/1367/1100 1067/1366/1099
f 1071/1370/1103 1072/1371/1104 1070/1369/1102
f 1071/1370/1103 1070/1369/1102 1069/1368/1101
f 1073/1372/1105 1074/1373/1106 1072/1371/1104
f 1073/1372/1105 1072/1371/1104 1071/1370/1103
f 1060/1359/1092 1059/1358/1091 1074/1373/1106
f 1060/1359/1092 1074/1373/1106 1073/1372/1105
f 4575/1358/1107 1058/1357/1090 1075/1374/1108
f 4575/1358/1107 1075/1374/1108 1076/1375/1109
f 1058/1357/1090 1062/1361/1094 1077/1376/1110
f 1058/1357/1090 1077/1376/1110 1075/1374/1108
f 1062/1361/1094 1064/1363/1096 104/860/360
f 1062/1361/1094 104/860/360 1077/1376/1110
f 1064/1363/1096 1066/1365/1098 105/861/361
f 1064/1363/1096 105/861/361 104/860/360
f 1066/1365/1098 1068/1367/1100 106/862/362
f 1066/1365/1098 106/862/362 105/861/361
f 1068/1367/1100 1070/1369/1102 1078/1377/1111
f 1068/1367/1100 1078/1377/1111 106/862/362
f 1070/1369/1102 1072/1371/1104 1079/1378/1112
f 1070/1369/1102 1079/1378/1112 1078/1377/1111
f 1072/1371/1104 4572/1373/1113 1080/1379/1114
f 1072/1371/1104 1080/1379/1114 1079/1378/1112
f 4572/1373/1113 4575/1358/1107 1076/1375/1109
f 4572/1373/1113 1076/1375/1109 1080/1379/1114
f 1078/1377/1111 1079/1378/1112 1075/1374/1108
f 1078/1377/1111 1075/1374/1108 1077/1376/1110
f 1079/1378/1112 1080/1379/1114 1076/1375/1109
f 1079/1378/1112 1076/1375/1109 1075/1374/1108
f 1077/1376/1110 104/860/360 106/862/362
f 1077/1376/1110 106/862/362 1078/1377/1111
f 1081/1380/1115 1082/1381/1116 1083/1382/1117
f 1081/1380/1115 1083/1382/1117 1084/1383/1118
f 1082/1381/1116 1085/1384/1119 1086/1385/1120
f 1082/1381/1116 1086/1385/1120 1083/1382/1117
f 1085/1384/1119 1087/1386/1121 1088/1387/1122
f 1085/1384/1119 1088/1387/1122 1086/1385/1120
f 4571/1386/1123 1089/1388/1124 1090/1389/1125
f 4571/1386/1123 1090/1389/1125 4567/1387/1126
f 1089/1388/1124 1091/1390/1127 1092/1391/1128
f 1089/1388/1124 1092/1391/1128 1090/1389/1125
f 4541/1390/1129 1093/1392/1130 1094/1393/1131
f 4541/1390/1129 1094/1393/1131 4542/1391/1132
f 1093/1392/1130 1095/1394/1133 1096/1395/1134
f 1093/1392/1130 1096/1395/1134 1094/1393/1131
f 1095/1394/1133 1097/1396/1135 1098/1397/1136
f 1095/1394/1133 1098/1397/1136 1096/1395/1134
f 1097/1396/1135 1099/1398/1137 1100/1399/1138
f 1097/1396/1135 1100/1399/1138 1098/1397/1136
f 1099/1398/1137 1101/1400/1139 1102/1401/1140
f 1099/1398/1137 1102/1401/1140 1100/1399/1138
f 1101/1400/1139 1103/1402/1141 1104/1403/1142
f 1101/1400/1139 1104/1403/1142 1102/1401/1140
f 1103/1402/1141 1105/1404/1143 1106/1405/1144
f 1103/1402/1141 1106/1405/1144 1104/1403/1142
f 1105/1404/1143 1081/1380/1115 1084/1383/1118
f 1105/1404/1143 1084/1383/1118 1106/1405/1144
f 4607/1383/1145 4601/1382/1146 1107/1406/1147
f 4607/1383/1145 1107/1406/1147 1108/1407/1148
f 4601/1382/1146 4587/1385/1149 1109/1408/1150
f 4601/1382/1146 1109/1408/1150 1107/1406/1147
f 4587/1385/1149 4568/1387/1151 1110/1409/1152
f 4587/1385/1149 1110/1409/1152 1109/1408/1150
f 4568/1387/1151 4552/1389/1153 1111/1410/1154
f 4568/1387/1151 1111/1410/1154 1110/1409/1152
f 4552/1389/1153 4543/1391/1155 1112/1411/1156
f 4552/1389/1153 1112/1411/1156 1111/1410/1154
f 4543/1391/1155 4527/1393/1157 1113/1412/1158
f 4543/1391/1155 1113/1412/1158 1112/1411/1156
f 4527/1393/1157 4516/1395/1159 1114/1413/1160
f 4527/1393/1157 1114/1413/1160 1113/1412/1158
f 4516/1395/1159 4531/1397/1161 1115/1414/1162
f 4516/1395/1159 1115/1414/1162 1114/1413/1160
f 4531/1397/1161 4539/1399/1163 1116/1415/1164
f 4531/1397/1161 1116/1415/1164 1115/1414/1162
f 4539/1399/1163 4555/1401/1165 1117/1416/1166
f 4539/1399/1163 1117/1416/1166 1116/1415/1164
f 4555/1401/1165 4584/1403/1167 1118/1417/1168
f 4555/1401/1165 1118/1417/1168 1117/1416/1166
f 4584/1403/1167 4599/1405/1169 1119/1418/1170
f 4584/1403/1167 1119/1418/1170 1118/1417/1168
f 4599/1405/1169 4607/1383/1145 1108/1407/1148
f 4599/1405/1169 1108/1407/1148 1119/1418/1170
f 4600/1407/1171 4594/1406/1172 4593/864/1173
f 4600/1407/1171 4593/864/1173 4598/863/1174
f 4594/1406/1172 4586/1408/1175 4585/866/1176
f 4594/1406/1172 4585/866/1176 4593/864/1173
f 4586/1408/1175 4565/1409/1177 4569/867/1178
f 4586/1408/1175 4569/867/1178 4585/866/1176
f 4566/1409/1179 4558/1410/1180 4556/868/1181
f 4566/1409/1179 4556/868/1181 4570/867/1182
f 4558/1410/1180 4548/1411/1183 4546/869/1183
f 4558/1410/1180 4546/869/1183 4556/868/1181
f 4549/1411/1184 4532/1412/1185 4530/870/1186
f 4549/1411/1184 4530/870/1186 4547/869/1187
f 4532/1412/1185 4529/1413/1188 4528/871/1189
f 4532/1412/1185 4528/871/1189 4530/870/1186
f 4529/1413/1188 4537/1414/1190 4536/872/1191
f 4529/1413/1188 4536/872/1191 4528/871/1189
f 4537/1414/1190 4545/1415/1192 4544/873/1193
f 4537/1414/1190 4544/873/1193 4536/872/1191
f 4545/1415/1192 4559/1416/1194 4557/874/1195
f 4545/1415/1192 4557/874/1195 4544/873/1193
f 4559/1416/1194 4579/1417/1196 4578/875/1197
f 4559/1416/1194 4578/875/1197 4557/874/1195
f 4579/1417/1196 4592/1418/1198 4591/876/1199
f 4579/1417/1196 4591/876/1199 4578/875/1197
f 4592/1418/1198 4600/1407/1171 4598/863/1174
f 4592/1418/1198 4598/863/1174 4591/876/1199
f 1120/1419/1200 1121/1420/1201 1122/1421/1202
f 1120/1419/1200 1122/1421/1202 1123/1422/1200
f 1121/1420/1201 1124/1423/1203 1125/1424/1204
f 1121/1420/1201 1125/1424/1204 1122/1421/1202
f 1124/1423/1203 1126/1425/1205 1127/1426/1206
f 1124/1423/1203 1127/1426/1206 1125/1424/1204
f 1126/1425/1205 1128/1427/1207 1129/1428/1208
f 1126/1425/1205 1129/1428/1208 1127/1426/1206
f 1130/1429/1209 1131/1430/1210 1132/1431/1211
f 1130/1429/1209 1132/1431/1211 1133/1432/1208
f 4619/293/1212 4620/292/1212 1138/1433/1213
f 4619/293/1212 1138/1433/1213 1139/1434/1214
f 1140/1435/1215 4635/1420/1216 4634/1419/6
f 1140/1435/1215 4634/1419/6 1141/1436/6
f 1139/1434/1214 1138/1433/1213 1142/1437/1217
f 1139/1434/1214 1142/1437/1217 1143/1438/1218
f 1144/1439/1219 4631/1423/1220 4635/1420/1216
f 1144/1439/1219 4635/1420/1216 1140/1435/1215
f 1143/1438/1218 1142/1437/1217 1145/1440/1221
f 1143/1438/1218 1145/1440/1221 1146/1441/1222
f 1147/1442/1223 4623/1425/1224 4631/1423/1220
f 1147/1442/1223 4631/1423/1220 1144/1439/1219
f 1146/1441/1222 1145/1440/1221 1148/1443/1225
f 1146/1441/1222 1148/1443/1225 1149/1444/1226
f 1150/1445/1227 4608/1427/1228 4623/1425/1224
f 1150/1445/1227 4623/1425/1224 1147/1442/1223
f 1151/1446/1226 4597/1432/1225 4562/1431/1229
f 1151/1446/1226 4562/1431/1229 1152/1447/1230
f 1153/1448/1231 4573/1430/1232 4609/1429/1228
f 1153/1448/1231 4609/1429/1228 1154/1449/1227
f 1155/1450/1231 1156/1451/1233 1157/1452/1234
f 1155/1450/1231 1157/1452/1234 4574/1453/1235
f 1158/1453/1210 4306/1452/1 1159/1454/1
f 1158/1453/1210 1159/1454/1 1160/1455/1211
f 1161/1456/1236 1162/1457/1237 1163/1458/1238
f 1161/1456/1236 1163/1458/1238 1164/1459/1239
f 1165/1460/1200 1166/1422/1200 1167/1421/1240
f 1165/1460/1200 1167/1421/1240 1168/1420/1241
f 1168/1420/1241 1167/1421/1240 1169/1461/1242
f 1168/1420/1241 1169/1461/1242 1170/1462/1243
f 1170/1462/1243 1169/1461/1242 1171/1426/1244
f 1170/1462/1243 1171/1426/1244 1172/1425/1245
f 1172/1425/1245 1171/1426/1244 1173/1428/1246
f 1172/1425/1245 1173/1428/1246 1174/1463/1247
f 1175/1429/1247 1176/1432/1246 1177/1431/1248
f 1175/1429/1247 1177/1431/1248 1178/1464/1249
f 3673/293/1250 1183/1434/1251 1184/1433/1252
f 3673/293/1250 1184/1433/1252 3674/292/1250
f 1185/1435/1253 1186/1436/7 3612/1460/7
f 1185/1435/1253 3612/1460/7 3613/1420/1254
f 1183/1434/1251 1187/1438/1255 1188/1437/1256
f 1183/1434/1251 1188/1437/1256 1184/1433/1252
f 1189/1439/1257 1185/1435/1253 3613/1420/1254
f 1189/1439/1257 3613/1420/1254 3618/1462/1258
f 1187/1438/1255 1190/1441/1259 1191/1440/1260
f 1187/1438/1255 1191/1440/1260 1188/1437/1256
f 1192/1442/1261 1189/1439/1257 3618/1462/1258
f 1192/1442/1261 3618/1462/1258 3651/1425/1262
f 1190/1441/1259 1193/1444/1263 1194/1443/1264
f 1190/1441/1259 1194/1443/1264 1191/1440/1260
f 1195/1445/1265 1192/1442/1261 3651/1425/1262
f 1195/1445/1265 3651/1425/1262 3739/1463/1266
f 1196/1446/1267 1197/1447/1268 3888/1431/1269
f 1196/1446/1267 3888/1431/1269 3784/1432/1264
f 1198/1448/1270 1199/1449/1265 3740/1429/1266
f 1198/1448/1270 3740/1429/1266 3862/1464/1271
f 1200/1450/1270 3863/1453/1271 1157/1452/1234
f 1200/1450/1270 1157/1452/1234 1156/1451/1233
f 1201/1453/1272 1202/1465/1248 1203/1466/1
f 1201/1453/1272 1203/1466/1 4306/1452/1
f 1204/1456/1269 1205/1459/1273 1163/1458/1238
f 1204/1456/1269 1163/1458/1238 1162/1457/1237
f 1206/1467/1274 1207/1468/1274 1208/1469/1275
f 1206/1467/1274 1208/1469/1275 1209/1470/1276
f 1210/1471/1277 1211/1472/1277 1212/1469/1278
f 1210/1471/1277 1212/1469/1278 1213/1470/1279
f 1214/1471/1280 1215/1472/1281 1216/1469/1282
f 1214/1471/1280 1216/1469/1282 1217/1470/1283
f 1218/1471/1284 1219/1472/1284 1220/1469/1285
f 1218/1471/1284 1220/1469/1285 1221/1470/1286
f 1222/1471/1287 1223/1472/1287 1224/1469/1288
f 1222/1471/1287 1224/1469/1288 1225/1470/1289
f 1226/1471/1290 1227/1472/1290 1228/1469/1291
f 1226/1471/1290 1228/1469/1291 1229/1470/1292
f 1221/1470/1286 1220/1469/1285 1236/1473/1293
f 1221/1470/1286 1236/1473/1293 1237/1474/1293
f 1217/1470/1283 1216/1469/1282 1238/1473/1294
f 1217/1470/1283 1238/1473/1294 1239/1474/1294
f 1213/1470/1279 1212/1469/1278 1240/1473/1295
f 1213/1470/1279 1240/1473/1295 1241/1474/1295
f 1209/1470/1276 1208/1469/1275 1242/1473/1296
f 1209/1470/1276 1242/1473/1296 1243/1474/1296
f 1229/1470/1292 1228/1469/1291 1244/1473/1297
f 1229/1470/1292 1244/1473/1297 1245/1474/1297
f 1225/1470/1289 1224/1469/1288 1246/1473/1298
f 1225/1470/1289 1246/1473/1298 1247/1474/1298
f 1248/1475/1299 1249/1476/1299 1250/1477/1300
f 1248/1475/1299 1250/1477/1300 1251/1478/1301
f 1252/1479/1302 1253/1480/1302 1254/1478/1303
f 1252/1479/1302 1254/1478/1303 4522/1477/1304
f 1255/1479/1305 1256/1480/1305 1257/1478/1306
f 1255/1479/1305 1257/1478/1306 1258/1477/1307
f 1259/1479/1308 1260/1480/1308 1261/1478/1309
f 1259/1479/1308 1261/1478/1309 1262/1477/1310
f 1263/1479/1311 1264/1480/1311 1265/1478/1312
f 1263/1479/1311 1265/1478/1312 1266/1477/1313
f 1267/1479/1314 1268/1480/1314 4540/1478/1315
f 1267/1479/1314 4540/1478/1315 1269/1477/1316
f 1262/1477/1310 1261/1478/1309 1276/1475/1317
f 1262/1477/1310 1276/1475/1317 1277/1476/1317
f 1258/1477/1307 1257/1478/1306 1278/1475/1318
f 1258/1477/1307 1278/1475/1318 1279/1476/1318
f 4522/1477/1304 1254/1478/1303 1280/1475/1319
f 4522/1477/1304 1280/1475/1319 1281/1476/1319
f 1251/1478/1301 1250/1477/1300 1282/1479/1320
f 1251/1478/1301 1282/1479/1320 1283/1480/1320
f 1269/1477/1316 4540/1478/1315 1284/1475/1321
f 1269/1477/1316 1284/1475/1321 1285/1476/1321
f 1266/1477/1313 1265/1478/1312 1286/1475/1322
f 1266/1477/1313 1286/1475/1322 1287/1476/1322
f 1288/1481/1323 1289/1482/1324 1290/1483/1325
f 1288/1481/1323 1290/1483/1325 1291/1484/1326
f 1292/1485/1327 1293/1486/1328 1288/1481/1323
f 1292/1485/1327 1288/1481/1323 1291/1484/1326
f 1294/1487/1329 1295/1488/1330 1296/1489/1331
f 1294/1487/1329 1296/1489/1331 1297/1490/1332
f 1298/1491/1333 1294/1487/1329 1297/1490/1332
f 1298/1491/1333 1297/1490/1332 1299/1492/1334
f 1300/1493/1335 1301/1494/1336 1302/1495/1337
f 1300/1493/1335 1302/1495/1337 1303/1496/1338
f 1304/1497/1339 1300/1493/1335 1303/1496/1338
f 1304/1497/1339 1303/1496/1338 1305/1498/1340
f 4044/1484/1341 4025/1483/1342 1306/1499/1343
f 4044/1484/1341 1306/1499/1343 1307/1500/1344
f 1308/1501/1345 4039/1485/1346 4044/1484/1341
f 1308/1501/1345 4044/1484/1341 1307/1500/1344
f 3915/1490/1347 3883/1489/1348 1309/1502/1349
f 3915/1490/1347 1309/1502/1349 1310/1503/1350
f 1311/1504/1351 3937/1492/1352 3915/1490/1347
f 1311/1504/1351 3915/1490/1347 1310/1503/1350
f 4000/1496/1353 3968/1495/1354 1312/1505/1355
f 4000/1496/1353 1312/1505/1355 1313/1506/1356
f 4028/1498/1357 4000/1496/1353 1313/1506/1356
f 4028/1498/1357 1313/1506/1356 1314/1507/1358
f 4050/1500/1359 4035/1499/1360 1315/1508/1361
f 4050/1500/1359 1315/1508/1361 1316/1509/1362
f 4046/1501/1363 4050/1500/1359 1316/1509/1362
f 4046/1501/1363 1316/1509/1362 1317/1510/1364
f 3908/1503/1365 3864/1502/1366 1318/1511/1367
f 3908/1503/1365 1318/1511/1367 1319/1512/1368
f 3928/1504/1369 3908/1503/1365 1319/1512/1368
f 3928/1504/1369 1319/1512/1368 1320/1513/1370
f 1313/1506/1356 3970/1505/1371 1321/1514/1372
f 1313/1506/1356 1321/1514/1372 1322/1515/1373
f 1314/1507/1358 1313/1506/1356 1322/1515/1373
f 1314/1507/1358 1322/1515/1373 1323/1516/1374
f 1324/1517/1375 4047/1510/1376 4048/1509/1377
f 1324/1517/1375 4048/1509/1377 1325/1518/1378
f 4048/1509/1377 4034/1508/1379 1326/1519/1380
f 4048/1509/1377 1326/1519/1380 1325/1518/1378
f 1319/1512/1368 1318/1511/1367 1327/1520/1381
f 1319/1512/1368 1327/1520/1381 1328/1521/1382
f 1329/1522/1383 3923/1513/1384 1319/1512/1368
f 1329/1522/1383 1319/1512/1368 1328/1521/1382
f 3999/1515/1385 3964/1514/1386 1330/1523/1387
f 3999/1515/1385 1330/1523/1387 1331/1524/1388
f 4037/1516/1389 3999/1515/1385 1331/1524/1388
f 4037/1516/1389 1331/1524/1388 1332/1525/1390
f 4036/1518/1391 4017/1519/1392 1333/308/1393
f 4036/1518/1391 1333/308/1393 1334/307/1394
f 1335/1526/1395 4030/1517/1396 4036/1518/1391
f 1335/1526/1395 4036/1518/1391 1334/307/1394
f 3907/1521/1397 3873/1520/1398 1336/1527/1399
f 3907/1521/1397 1336/1527/1399 1337/1528/1400
f 1338/1529/1401 3927/1522/1402 3907/1521/1397
f 1338/1529/1401 3907/1521/1397 1337/1528/1400
f 3993/1524/1403 3958/1523/1404 1339/1530/1405
f 3993/1524/1403 1339/1530/1405 1340/1531/1406
f 4012/1525/1407 3993/1524/1403 1340/1531/1406
f 4012/1525/1407 1340/1531/1406 1341/1532/1408
f 1344/1533/1409 4018/1526/1410 4027/307/1409
f 1344/1533/1409 4027/307/1409 4033/306/1409
f 1345/1534/1411 3910/1528/1412 3892/1527/1413
f 1345/1534/1411 3892/1527/1413 1346/1535/1413
f 1347/1536/1414 3934/1529/1414 3910/1528/1412
f 1347/1536/1414 3910/1528/1412 1345/1534/1411
f 1348/1537/1415 3985/1531/1416 3960/1530/1417
f 1348/1537/1415 3960/1530/1417 1349/1538/1418
f 1350/1539/1419 4001/1532/1420 3985/1531/1416
f 1350/1539/1419 3985/1531/1416 1348/1537/1415
f 1301/1494/1336 1351/1540/1421 1352/1541/1422
f 1301/1494/1336 1352/1541/1422 1302/1495/1337
f 1349/1538/1418 3960/1530/1417 1353/1542/1423
f 1349/1538/1418 1353/1542/1423 1354/1543/1424
f 3958/1523/1404 1355/1544/1425 3935/1542/1426
f 3958/1523/1404 3935/1542/1426 1339/1530/1405
f 3964/1514/1386 1356/1545/1427 3924/1544/1428
f 3964/1514/1386 3924/1544/1428 1330/1523/1387
f 3970/1505/1371 1357/1546/1429 3921/1545/1430
f 3970/1505/1371 3921/1545/1430 1321/1514/1372
f 3968/1495/1354 3942/1541/1431 3930/1546/1432
f 3968/1495/1354 3930/1546/1432 1312/1505/1355
f 4007/1539/1433 1358/1547/1434 1359/1548/1435
f 4007/1539/1433 1359/1548/1435 4002/1532/1436
f 4006/1497/1437 4029/1498/1438 1360/1549/1439
f 4006/1497/1437 1360/1549/1439 1361/1550/1434
f 4029/1498/1438 4043/1507/1440 1362/1551/1441
f 4029/1498/1438 1362/1551/1441 1360/1549/1439
f 1363/1552/1442 1362/1551/1441 4043/1507/1440
f 1363/1552/1442 4043/1507/1440 4038/1516/1443
f 4038/1516/1443 4013/1525/1444 1364/1553/1445
f 4038/1516/1443 1364/1553/1445 1363/1552/1442
f 4013/1525/1444 4002/1532/1436 1359/1548/1435
f 4013/1525/1444 1359/1548/1435 1364/1553/1445
f 3944/1540/1446 1365/1554/1447 1366/1555/1448
f 3944/1540/1446 1366/1555/1448 3943/1541/1449
f 3945/1543/1450 3936/1542/1451 1367/1556/1452
f 3945/1543/1450 1367/1556/1452 1368/1557/1447
f 3936/1542/1451 3925/1544/1453 1369/1558/1454
f 3936/1542/1451 1369/1558/1454 1367/1556/1452
f 3925/1544/1453 3922/1545/1455 1370/1559/1456
f 3925/1544/1453 1370/1559/1456 1369/1558/1454
f 1371/1560/1457 1370/1559/1456 3922/1545/1455
f 1371/1560/1457 3922/1545/1455 3931/1546/1458
f 3931/1546/1458 3943/1541/1449 1366/1555/1448
f 3931/1546/1458 1366/1555/1448 1371/1560/1457
f 1372/1561/1459 1373/1562/1460 1374/1563/1461
f 1372/1561/1459 1374/1563/1461 1375/1564/1462
f 1376/1565/1460 1377/1566/1463 1378/1567/1464
f 1376/1565/1460 1378/1567/1464 1379/1568/1465
f 1377/1566/1463 1380/1569/1466 1381/1570/1467
f 1377/1566/1463 1381/1570/1467 1378/1567/1464
f 1380/1569/1466 1382/1571/1468 1383/1572/1469
f 1380/1569/1466 1383/1572/1469 1381/1570/1467
f 1382/1571/1468 1384/1573/1470 1385/1574/1471
f 1382/1571/1468 1385/1574/1471 1383/1572/1469
f 1384/1573/1470 1386/1575/1472 1387/1576/1473
f 1384/1573/1470 1387/1576/1473 1385/1574/1471
f 1386/1575/1472 1388/1577/1474 1389/1578/1475
f 1386/1575/1472 1389/1578/1475 1387/1576/1473
f 1388/1577/1474 1390/1579/1476 1391/1580/1477
f 1388/1577/1474 1391/1580/1477 1389/1578/1475
f 1390/1579/1476 1392/1581/1478 1393/1582/1479
f 1390/1579/1476 1393/1582/1479 1391/1580/1477
f 1392/1581/1478 1394/1583/1480 1395/1584/1481
f 1392/1581/1478 1395/1584/1481 1393/1582/1479
f 1394/1583/1480 1396/1585/1482 1397/1586/1483
f 1394/1583/1480 1397/1586/1483 1395/1584/1481
f 1396/1585/1482 1372/1561/1459 1375/1564/1462
f 1396/1585/1482 1375/1564/1462 1397/1586/1483
f 1398/1587/1484 1399/1588/1485 1400/1589/1486
f 1398/1587/1484 1400/1589/1486 1401/1590/1487
f 1402/1591/1488 1398/1587/1484 1401/1590/1487
f 1402/1591/1488 1401/1590/1487 1403/1592/1489
f 1404/1593/1490 1402/1591/1488 1403/1592/1489
f 1404/1593/1490 1403/1592/1489 1405/1594/1491
f 1406/1595/1492 1404/1593/1490 1405/1594/1491
f 1406/1595/1492 1405/1594/1491 1407/1596/1493
f 1408/1597/1494 1406/1595/1492 1407/1596/1493
f 1408/1597/1494 1407/1596/1493 1409/1598/1495
f 1410/1599/1496 1408/1597/1494 1409/1598/1495
f 1410/1599/1496 1409/1598/1495 1411/1600/1497
f 1412/1601/1498 1410/1599/1496 1411/1600/1497
f 1412/1601/1498 1411/1600/1497 1413/1602/1499
f 1414/1603/1500 1412/1601/1498 1413/1602/1499
f 1414/1603/1500 1413/1602/1499 1415/1604/1501
f 1416/1605/1502 1417/1606/1500 1418/1607/1501
f 1416/1605/1502 1418/1607/1501 1419/1608/1503
f 1420/1609/1504 1416/1605/1502 1419/1608/1503
f 1420/1609/1504 1419/1608/1503 1421/1610/1505
f 1422/1611/1506 1420/1609/1504 1421/1610/1505
f 1422/1611/1506 1421/1610/1505 1423/1612/1507
f 1399/1588/1485 1422/1611/1506 1423/1612/1507
f 1399/1588/1485 1423/1612/1507 1400/1589/1486
f 1424/1613/1508 1425/1614/1509 1426/1615/1510
f 1424/1613/1508 1426/1615/1510 1427/1616/1511
f 1428/1617/1512 1424/1613/1508 1427/1616/1511
f 1428/1617/1512 1427/1616/1511 1429/1618/1513
f 1430/1619/1514 1428/1617/1512 1429/1618/1513
f 1430/1619/1514 1429/1618/1513 1431/1620/1515
f 1432/1621/1516 1430/1619/1514 1431/1620/1515
f 1432/1621/1516 1431/1620/1515 1433/1622/1517
f 1434/1623/1518 1432/1621/1516 1433/1622/1517
f 1434/1623/1518 1433/1622/1517 1435/1624/1519
f 1436/1625/1520 1434/1623/1518 1435/1624/1519
f 1436/1625/1520 1435/1624/1519 1437/1626/1521
f 1438/1627/1522 1436/1625/1520 1437/1626/1521
f 1438/1627/1522 1437/1626/1521 1439/1628/1523
f 1440/1629/1524 1438/1627/1522 1439/1628/1523
f 1440/1629/1524 1439/1628/1523 1441/1630/1525
f 1442/1631/1526 1443/1632/1527 1444/1633/1525
f 1442/1631/1526 1444/1633/1525 1445/1634/1528
f 1446/1635/1529 1442/1631/1526 1445/1634/1528
f 1446/1635/1529 1445/1634/1528 1447/1636/1530
f 1448/1637/1531 1446/1635/1529 1447/1636/1530
f 1448/1637/1531 1447/1636/1530 1449/1638/1532
f 1425/1614/1509 1448/1637/1531 1449/1638/1532
f 1425/1614/1509 1449/1638/1532 1426/1615/1510
f 1450/1639/1533 1451/1640/1534 3886/1564/1535
f 1450/1639/1533 3886/1564/1535 3865/1563/1536
f 1452/1641/1537 1453/1642/1538 3866/1568/1536
f 1452/1641/1537 3866/1568/1536 3851/1567/1539
f 1454/1643/1540 1452/1641/1537 3851/1567/1539
f 1454/1643/1540 3851/1567/1539 3841/1570/1541
f 1455/1644/1542 1454/1643/1540 3841/1570/1541
f 1455/1644/1542 3841/1570/1541 3836/1572/1543
f 1456/1645/1544 1455/1644/1542 3836/1572/1543
f 1456/1645/1544 3836/1572/1543 3844/1574/1545
f 1457/1646/1546 1456/1645/1544 3844/1574/1545
f 1457/1646/1546 3844/1574/1545 3856/1576/1547
f 1458/1647/1548 1457/1646/1546 3856/1576/1547
f 1458/1647/1548 3856/1576/1547 3876/1578/1549
f 1459/1648/1550 1458/1647/1548 3876/1578/1549
f 1459/1648/1550 3876/1578/1549 3893/1580/1551
f 1460/1649/1552 1459/1648/1550 3893/1580/1551
f 1460/1649/1552 3893/1580/1551 3909/1582/1553
f 1461/1650/1554 1460/1649/1552 3909/1582/1553
f 1461/1650/1554 3909/1582/1553 3911/1584/1555
f 1462/1651/1556 1461/1650/1554 3911/1584/1555
f 1462/1651/1556 3911/1584/1555 3902/1586/1557
f 1451/1640/1534 1462/1651/1556 3902/1586/1557
f 1451/1640/1534 3902/1586/1557 3886/1564/1535
f 1463/1652/1558 1464/1653/1559 4019/1588/1560
f 1463/1652/1558 4019/1588/1560 4010/1587/1561
f 1465/1654/1562 1463/1652/1558 4010/1587/1561
f 1465/1654/1562 4010/1587/1561 3997/1591/1563
f 1466/1655/1564 1465/1654/1562 3997/1591/1563
f 1466/1655/1564 3997/1591/1563 3982/1593/1565
f 1467/1656/1566 1466/1655/1564 3982/1593/1565
f 1467/1656/1566 3982/1593/1565 3971/1595/1567
f 1468/1657/1568 1467/1656/1566 3971/1595/1567
f 1468/1657/1568 3971/1595/1567 3962/1597/1569
f 1469/1658/1570 1468/1657/1568 3962/1597/1569
f 1469/1658/1570 3962/1597/1569 3967/1599/1571
f 1470/1659/1572 1469/1658/1570 3967/1599/1571
f 1470/1659/1572 3967/1599/1571 3978/1601/1573
f 1471/1660/1574 1470/1659/1572 3978/1601/1573
f 1471/1660/1574 3978/1601/1573 3990/1603/1575
f 1472/1661/1576 1473/1662/1574 3991/1606/1575
f 1472/1661/1576 3991/1606/1575 4003/1605/1577
f 1474/1663/1578 1472/1661/1576 4003/1605/1577
f 1474/1663/1578 4003/1605/1577 4015/1609/1579
f 1475/1664/1580 1474/1663/1578 4015/1609/1579
f 1475/1664/1580 4015/1609/1579 4021/1611/1581
f 1464/1653/1559 1475/1664/1580 4021/1611/1581
f 1464/1653/1559 4021/1611/1581 4019/1588/1560
f 4045/1608/1582 4032/1607/1583 1476/1665/1584
f 4045/1608/1582 1476/1665/1584 1477/1666/1585
f 4031/1604/1583 4014/1602/1586 1478/1667/1587
f 4031/1604/1583 1478/1667/1587 1479/1668/1584
f 4014/1602/1586 4005/1600/1588 1480/1669/1589
f 4014/1602/1586 1480/1669/1589 1478/1667/1587
f 4005/1600/1588 4004/1598/1590 1481/1670/1591
f 4005/1600/1588 1481/1670/1591 1480/1669/1589
f 4004/1598/1590 4008/1596/1592 1482/1671/1593
f 4004/1598/1590 1482/1671/1593 1481/1670/1591
f 4008/1596/1592 4020/1594/1594 1483/1672/1595
f 4008/1596/1592 1483/1672/1595 1482/1671/1593
f 4020/1594/1594 4040/1592/1596 1484/1673/1597
f 4020/1594/1594 1484/1673/1597 1483/1672/1595
f 4040/1592/1596 4051/1590/1598 1485/1674/1599
f 4040/1592/1596 1485/1674/1599 1484/1673/1597
f 4051/1590/1598 4053/1589/1600 1486/1675/1601
f 4051/1590/1598 1486/1675/1601 1485/1674/1599
f 4053/1589/1600 4054/1612/1602 1487/1676/1603
f 4053/1589/1600 1487/1676/1603 1486/1675/1601
f 4054/1612/1602 4052/1610/1604 1488/1677/1605
f 4054/1612/1602 1488/1677/1605 1487/1676/1603
f 4052/1610/1604 4045/1608/1582 1477/1666/1585
f 4052/1610/1604 1477/1666/1585 1488/1677/1605
f 1492/313/96 1496/317/96 1489/310/96
f 1497/318/97 1498/1678/97 1496/317/97
f 1501/321/98 1503/323/98 1504/1679/98
f 4267/326/1606 1509/328/1606 1510/331/1606
f 4267/326/1606 1510/331/1606 4229/327/1606
f 4595/343/105 4629/342/105 1525/344/105
f 4560/353/104 1541/1680/104 1542/1681/104
f 4560/353/104 1542/1681/104 4561/354/104
f 1555/1682/106 1556/1683/106 4641/360/106
f 1555/1682/106 4641/360/106 4663/363/106
f 4658/389/116 1575/390/116 1576/1684/116
f 1581/395/108 1583/397/108 1584/398/108
f 1593/1685/104 1594/1686/104 4627/399/104
f 1593/1685/104 4627/399/104 4554/397/104
f 1597/1687/1607 1598/1688/1608 3614/891/1608
f 1597/1687/1607 3614/891/1608 3598/893/1609
f 3987/897/1610 3983/898/1611 1599/1689/1611
f 3987/897/1610 1599/1689/1611 1600/1690/1612
f 1601/1691/1613 1602/1692/1614 3650/892/1615
f 1601/1691/1613 3650/892/1615 3615/891/1613
f 1603/1693/1616 1604/1694/1617 3604/899/1617
f 1603/1693/1616 3604/899/1617 3635/894/1618
f 1605/1695/1619 1606/1696/1620 3938/895/1621
f 1605/1695/1619 3938/895/1621 3974/900/1619
f 3950/896/1622 1607/1697/1623 1608/1698/1624
f 3950/896/1622 1608/1698/1624 3984/898/1624
f 1609/1699/1625 1597/1687/1607 3598/893/1609
f 1609/1699/1625 3598/893/1609 3605/899/1625
f 3975/900/1626 3987/897/1610 1600/1690/1612
f 3975/900/1626 1600/1690/1612 1610/1700/1626
f 138/894/394 136/892/392 1611/1701/1627
f 138/894/394 1611/1701/1627 1612/1702/2
f 1613/1703/1628 1603/1693/1616 3635/894/1618
f 1613/1703/1628 3635/894/1618 3766/1702/1629
f 3650/892/1615 1602/1692/1614 1614/1704/1630
f 3650/892/1615 1614/1704/1630 3776/1701/1631
f 139/895/395 1612/1702/2 1611/1701/1627
f 139/895/395 1611/1701/1627 140/896/396
f 3776/1701/1631 1614/1704/1630 1607/1697/1623
f 3776/1701/1631 1607/1697/1623 3950/896/1622
f 3938/895/1621 1606/1696/1620 1613/1703/1628
f 3938/895/1621 1613/1703/1628 3766/1702/1629
f 1615/1705/1632 1616/1706/1633 3606/902/1634
f 1615/1705/1632 3606/902/1634 3610/901/1632
f 3965/908/1635 3986/907/1636 1617/1707/1637
f 3965/908/1635 1617/1707/1637 1618/1708/1635
f 1619/1709/1638 1620/1710/1639 3639/904/1640
f 1619/1709/1638 3639/904/1640 3616/905/1638
f 1621/1711/1641 1622/1712/1617 3611/901/1617
f 1621/1711/1641 3611/901/1617 3630/903/1642
f 3986/907/1636 3988/910/1643 1623/1713/1643
f 3986/907/1636 1623/1713/1643 1617/1707/1637
f 3606/902/1634 1616/1706/1633 1624/1714/1644
f 3606/902/1634 1624/1714/1644 3617/905/1644
f 1625/1715/1645 1626/1716/1646 147/903/403
f 1625/1715/1645 147/903/403 148/904/404
f 1627/1717/1641 1621/1711/1641 3630/903/1642
f 1627/1717/1641 3630/903/1642 3743/1716/1647
f 3639/904/1640 1620/1710/1639 1628/1718/1648
f 3639/904/1640 1628/1718/1648 3756/1715/1649
f 1629/1719/1650 1630/1720/1651 3901/906/1652
f 1629/1719/1650 3901/906/1652 3966/908/1650
f 3933/909/1653 1631/1721/1654 1632/1722/1655
f 3933/909/1653 1632/1722/1655 3989/910/1655
f 1630/1720/1651 1627/1717/1641 3743/1716/1647
f 1630/1720/1651 3743/1716/1647 3901/906/1652
f 3756/1715/1649 1628/1718/1648 1631/1721/1654
f 3756/1715/1649 1631/1721/1654 3933/909/1653
f 153/909/409 150/906/406 1626/1716/1646
f 153/909/409 1626/1716/1646 1625/1715/1645
f 3948/915/1656 3955/916/1657 1635/1723/1657
f 3948/915/1656 1635/1723/1657 1636/1724/1658
f 1637/1725/1659 1638/1726/1660 3619/911/1661
f 1637/1725/1659 3619/911/1661 3608/411/1659
f 1639/1727/1662 1640/1728/1663 3609/917/1664
f 1639/1727/1662 3609/917/1664 3622/912/1665
f 1641/1729/1666 1642/1730/1667 3884/913/1668
f 1641/1729/1666 3884/913/1668 3917/918/1666
f 3919/914/1669 1643/1731/1670 1644/1732/1671
f 3919/914/1669 1644/1732/1671 3956/916/1671
f 1645/1733/1663 3595/409/1672 3597/412/1672
f 1645/1733/1663 3597/412/1672 3609/917/1664
f 3918/918/1673 3948/915/1656 1636/1724/1658
f 3918/918/1673 1636/1724/1658 1646/1734/1673
f 1647/1735/1674 1639/1727/1662 3622/912/1665
f 1647/1735/1674 3622/912/1665 1648/1736/1675
f 3619/911/1661 1638/1726/1660 1649/1737/1676
f 3619/911/1661 1649/1737/1676 1650/1738/1677
f 158/912/414 156/911/412 3751/1738/1678
f 158/912/414 3751/1738/1678 3757/1736/2
f 159/913/415 3757/1736/2 3751/1738/1678
f 159/913/415 3751/1738/1678 160/914/416
f 1650/1738/1677 1649/1737/1676 1643/1731/1670
f 1650/1738/1677 1643/1731/1670 3919/914/1669
f 3884/913/1668 1642/1730/1667 1647/1735/1674
f 3884/913/1668 1647/1735/1674 1648/1736/1675
f 166/920/422 165/919/421 1651/1739/1679
f 166/920/422 1651/1739/1679 1652/1740/1680
f 165/919/421 168/922/424 1653/1741/1681
f 165/919/421 1653/1741/1681 1651/1739/1679
f 168/922/424 169/923/425 1654/1742/1682
f 168/922/424 1654/1742/1682 1653/1741/1681
f 169/923/425 170/924/426 1655/1743/1683
f 169/923/425 1655/1743/1683 1654/1742/1682
f 170/924/426 171/925/427 1656/1744/1684
f 170/924/426 1656/1744/1684 1655/1743/1683
f 171/925/427 166/920/422 1652/1740/1680
f 171/925/427 1652/1740/1680 3828/1744/1685
f 1652/1740/1680 1651/1739/1679 1657/1745/1686
f 1652/1740/1680 1657/1745/1686 1658/1746/1687
f 1651/1739/1679 1653/1741/1681 1659/1747/1688
f 1651/1739/1679 1659/1747/1688 3835/1745/1689
f 1653/1741/1681 1654/1742/1682 1660/1748/1690
f 1653/1741/1681 1660/1748/1690 3822/1747/1691
f 1654/1742/1682 1655/1743/1683 1661/1749/1692
f 1654/1742/1682 1661/1749/1692 3809/1748/1693
f 1655/1743/1683 1656/1744/1684 1662/1750/1694
f 1655/1743/1683 1662/1750/1694 3811/1749/1695
f 3828/1744/1685 1652/1740/1680 3838/1746/1696
f 3828/1744/1685 3838/1746/1696 3829/1750/1697
f 1658/1746/1687 1657/1745/1686 1663/1751/1698
f 1658/1746/1687 1663/1751/1698 1664/1752/1699
f 3835/1745/1689 1659/1747/1688 1665/1753/1700
f 3835/1745/1689 1665/1753/1700 1663/1751/1698
f 3822/1747/1691 1660/1748/1690 1666/1754/1701
f 3822/1747/1691 1666/1754/1701 3823/1753/1702
f 3809/1748/1693 1661/1749/1692 1667/1755/1703
f 3809/1748/1693 1667/1755/1703 1666/1754/1701
f 3811/1749/1695 1662/1750/1694 1668/1756/1704
f 3811/1749/1695 1668/1756/1704 1667/1755/1703
f 3829/1750/1697 3838/1746/1696 1664/1752/1699
f 3829/1750/1697 1664/1752/1699 1668/1756/1704
f 1664/1752/1699 1663/1751/1698 173/927/429
f 1664/1752/1699 173/927/429 172/926/428
f 1663/1751/1698 1665/1753/1700 175/929/431
f 1663/1751/1698 175/929/431 173/927/429
f 3823/1753/1702 1666/1754/1701 176/930/432
f 3823/1753/1702 176/930/432 175/929/431
f 1666/1754/1701 1667/1755/1703 177/931/433
f 1666/1754/1701 177/931/433 176/930/432
f 1667/1755/1703 1668/1756/1704 178/932/434
f 1667/1755/1703 178/932/434 177/931/433
f 1668/1756/1704 1664/1752/1699 172/926/428
f 1668/1756/1704 172/926/428 178/932/434
f 180/934/436 179/933/435 1669/1757/1705
f 180/934/436 1669/1757/1705 1670/1758/1706
f 179/933/435 182/936/438 1671/1759/1707
f 179/933/435 1671/1759/1707 1669/1757/1705
f 182/936/438 183/937/439 1672/1760/1708
f 182/936/438 1672/1760/1708 1671/1759/1707
f 183/937/439 184/938/440 1673/1761/1709
f 183/937/439 1673/1761/1709 1672/1760/1708
f 184/938/440 185/939/441 1674/1762/1710
f 184/938/440 1674/1762/1710 1673/1761/1709
f 185/939/441 180/934/436 1670/1758/1706
f 185/939/441 1670/1758/1706 3790/1762/1711
f 1670/1758/1706 1669/1757/1705 1675/1763/1712
f 1670/1758/1706 1675/1763/1712 1676/1764/1713
f 1669/1757/1705 1671/1759/1707 1677/1765/1714
f 1669/1757/1705 1677/1765/1714 3802/1763/1715
f 1671/1759/1707 1672/1760/1708 1678/1766/1716
f 1671/1759/1707 1678/1766/1716 3800/1765/1717
f 1672/1760/1708 1673/1761/1709 1679/1767/1718
f 1672/1760/1708 1679/1767/1718 3789/1766/1719
f 1673/1761/1709 1674/1762/1710 1680/1768/1720
f 1673/1761/1709 1680/1768/1720 3780/1767/1721
f 3790/1762/1711 1670/1758/1706 3797/1764/1722
f 3790/1762/1711 3797/1764/1722 3786/1768/1723
f 1676/1764/1713 1675/1763/1712 1681/1769/1724
f 1676/1764/1713 1681/1769/1724 1682/1770/1725
f 3802/1763/1715 1677/1765/1714 1683/1771/1726
f 3802/1763/1715 1683/1771/1726 1681/1769/1724
f 3800/1765/1717 1678/1766/1716 1684/1772/1727
f 3800/1765/1717 1684/1772/1727 3796/1771/1728
f 3789/1766/1719 1679/1767/1718 1685/1773/1729
f 3789/1766/1719 1685/1773/1729 1684/1772/1727
f 3780/1767/1721 1680/1768/1720 1686/1774/1730
f 3780/1767/1721 1686/1774/1730 1685/1773/1729
f 3786/1768/1723 3797/1764/1722 1682/1770/1725
f 3786/1768/1723 1682/1770/1725 1686/1774/1730
f 1682/1770/1725 1681/1769/1724 187/941/443
f 1682/1770/1725 187/941/443 186/940/442
f 1681/1769/1724 1683/1771/1726 189/943/445
f 1681/1769/1724 189/943/445 187/941/443
f 3796/1771/1728 1684/1772/1727 190/944/446
f 3796/1771/1728 190/944/446 189/943/445
f 1684/1772/1727 1685/1773/1729 191/945/447
f 1684/1772/1727 191/945/447 190/944/446
f 1685/1773/1729 1686/1774/1730 192/946/448
f 1685/1773/1729 192/946/448 191/945/447
f 1686/1774/1730 1682/1770/1725 186/940/442
f 1686/1774/1730 186/940/442 192/946/448
f 1687/1775/1731 1688/1776/1732 1689/415/1733
f 1687/1775/1731 1689/415/1733 1690/414/1734
f 1688/1776/1732 1691/1777/1735 1692/418/1736
f 1688/1776/1732 1692/418/1736 1689/415/1733
f 1691/1777/1735 1693/1778/1737 1694/1779/1738
f 1691/1777/1735 1694/1779/1738 1692/418/1736
f 1693/1778/1737 1695/1780/1739 1696/417/1740
f 1693/1778/1737 1696/417/1740 1694/1779/1738
f 1695/1780/1739 1697/1781/1741 1698/416/1742
f 1695/1780/1739 1698/416/1742 1696/417/1740
f 1697/1781/1741 1699/1782/1743 1700/413/1744
f 1697/1781/1741 1700/413/1744 1698/416/1742
f 1699/1782/1743 1701/1783/1745 1702/419/1746
f 1699/1782/1743 1702/419/1746 1700/413/1744
f 1701/1783/1745 1703/1784/1747 1704/420/1748
f 1701/1783/1745 1704/420/1748 1702/419/1746
f 1703/1784/1747 1705/1785/1749 1706/421/1750
f 1703/1784/1747 1706/421/1750 1704/420/1748
f 1705/1785/1749 1687/1775/1731 1690/414/1734
f 1705/1785/1749 1690/414/1734 1706/421/1750
f 3742/413/120 3758/419/120 3846/414/120
f 3858/415/120 3848/418/120 3759/416/120
f 3788/417/120 3848/418/120 3824/1779/120
f 1707/1786/1751 1708/1787/1752 1709/1788/1753
f 1707/1786/1751 1709/1788/1753 1710/1789/1754
f 1708/1787/1752 1711/1790/1755 1712/1791/1756
f 1708/1787/1752 1712/1791/1756 1709/1788/1753
f 1711/1790/1755 1713/1792/1757 1714/1793/1758
f 1711/1790/1755 1714/1793/1758 1712/1791/1756
f 1713/1792/1757 1715/1794/1759 1716/1795/1760
f 1713/1792/1757 1716/1795/1760 1714/1793/1758
f 1715/1794/1759 1717/1796/1761 1718/1797/1762
f 1715/1794/1759 1718/1797/1762 1716/1795/1760
f 1717/1796/1761 1719/1798/1763 1720/1799/1764
f 1717/1796/1761 1720/1799/1764 1718/1797/1762
f 1721/1800/1765 1722/1801/1766 1723/1802/1767
f 1721/1800/1765 1723/1802/1767 1724/1803/1764
f 1722/1801/1766 1707/1786/1751 1710/1789/1754
f 1722/1801/1766 1710/1789/1754 1723/1802/1767
f 1743/1804/1768 1744/1805/1769 1745/1806/1770
f 1744/1805/1769 193/947/449 195/949/451
f 1744/1805/1769 195/949/451 1745/1806/1770
f 194/948/450 196/950/452 198/952/454
f 194/948/450 198/952/454 195/949/451
f 197/951/453 1746/1807/1771 1747/1808/1772
f 197/951/453 1747/1808/1772 198/952/454
f 200/954/456 1743/1804/1768 1745/1806/1770
f 200/954/456 1745/1806/1770 201/955/457
f 1718/1797/1762 1720/1799/1764 3700/434/1773
f 1718/1797/1762 3700/434/1773 3687/432/1774
f 1716/1795/1760 1718/1797/1762 3687/432/1774
f 1716/1795/1760 3687/432/1774 3689/430/1775
f 1714/1793/1758 1716/1795/1760 3689/430/1775
f 1714/1793/1758 3689/430/1775 3709/428/1776
f 1712/1791/1756 1714/1793/1758 3709/428/1776
f 1712/1791/1756 3709/428/1776 3727/426/1777
f 1709/1788/1753 1712/1791/1756 3727/426/1777
f 1709/1788/1753 3727/426/1777 3732/423/1778
f 1710/1789/1754 1709/1788/1753 3732/423/1778
f 1710/1789/1754 3732/423/1778 3731/422/1779
f 1723/1802/1767 1710/1789/1754 3731/422/1779
f 1723/1802/1767 3731/422/1779 3724/437/1780
f 1724/1803/1764 1723/1802/1767 3724/437/1780
f 1724/1803/1764 3724/437/1780 3701/436/1781
f 1748/1809/1782 1749/1810/1783 1750/1811/1784
f 1748/1809/1782 1750/1811/1784 1751/442/1782
f 3833/442/1785 3840/1811/1786 1752/1812/1787
f 3833/442/1785 1752/1812/1787 1753/443/1788
f 3889/443/1789 3882/1812/1790 1754/1813/1791
f 3889/443/1789 1754/1813/1791 1755/1814/1789
f 1756/509/1792 1757/510/1792 1758/511/1792
f 1756/509/1792 1758/511/1792 1759/512/1792
f 1762/1815/1793 3951/511/1794 1763/1816/1794
f 1762/1815/1793 1763/1816/1794 1764/1817/1795
f 1765/1818/1796 1766/1819/1797 1767/1820/1798
f 1765/1818/1796 1767/1820/1798 3874/512/1798
f 3914/1815/1799 3857/1818/1800 3875/512/1801
f 3914/1815/1799 3875/512/1801 3952/511/1802
f 3882/1812/1790 1768/1821/1803 1769/1822/1804
f 3882/1812/1790 1769/1822/1804 1754/1813/1791
f 1750/1811/1784 1749/1810/1783 1770/1823/1805
f 1750/1811/1784 1770/1823/1805 1771/1824/1806
f 1752/1812/1787 3840/1811/1786 3849/1824/1807
f 1752/1812/1787 3849/1824/1807 3895/1821/1808
f 1768/1821/1803 1762/1815/1793 1764/1817/1795
f 1768/1821/1803 1764/1817/1795 1769/1822/1804
f 1771/1824/1806 1770/1823/1805 1766/1819/1797
f 1771/1824/1806 1766/1819/1797 1765/1818/1796
f 3895/1821/1808 3849/1824/1807 3857/1818/1800
f 3895/1821/1808 3857/1818/1800 3914/1815/1799
f 1812/1825/1809 1813/1826/1810 1814/480/1811
f 1812/1825/1809 1814/480/1811 1815/479/1812
f 1813/1826/1810 1816/1827/1813 1817/481/1814
f 1813/1826/1810 1817/481/1814 1814/480/1811
f 1816/1827/1813 1818/1828/1815 1819/484/1816
f 1816/1827/1813 1819/484/1816 1817/481/1814
f 1818/1828/1815 1820/1829/1817 1821/483/1818
f 1818/1828/1815 1821/483/1818 1819/484/1816
f 1820/1829/1817 1822/1830/1819 1823/482/1820
f 1820/1829/1817 1823/482/1820 1821/483/1818
f 1822/1830/1819 1824/1831/1821 1825/477/1822
f 1822/1830/1819 1825/477/1822 1823/482/1820
f 1824/1831/1821 1826/1832/1823 1827/478/1824
f 1824/1831/1821 1827/478/1824 1825/477/1822
f 1826/1832/1823 1828/1833/1825 1829/485/1826
f 1826/1832/1823 1829/485/1826 1827/478/1824
f 1828/1833/1825 1830/1834/1827 1831/486/1828
f 1828/1833/1825 1831/486/1828 1829/485/1826
f 1830/1834/1827 1812/1825/1809 1815/479/1812
f 1830/1834/1827 1815/479/1812 1831/486/1828
f 3998/494/1829 4016/487/1829 3981/490/1829
f 3843/498/146 1847/502/146 3859/499/146
f 3963/498/151 1857/502/151 3947/499/151
f 1868/493/157 1869/494/157 1870/495/157
f 3680/494/153 3697/490/153 3686/495/153
f 1882/1825/1809 1883/1826/1810 1884/480/1811
f 1882/1825/1809 1884/480/1811 1885/479/1830
f 1883/1826/1810 1886/1827/1813 1887/481/1814
f 1883/1826/1810 1887/481/1814 1884/480/1811
f 1886/1827/1813 1888/1828/1815 1889/484/1816
f 1886/1827/1813 1889/484/1816 1887/481/1814
f 1888/1828/1815 1890/1829/1817 1891/483/1818
f 1888/1828/1815 1891/483/1818 1889/484/1816
f 1890/1829/1817 1892/1830/1819 1893/482/1820
f 1890/1829/1817 1893/482/1820 1891/483/1818
f 1892/1830/1819 1894/1831/1821 1895/477/1822
f 1892/1830/1819 1895/477/1822 1893/482/1820
f 1894/1831/1821 1896/1832/1823 1897/478/1824
f 1894/1831/1821 1897/478/1824 1895/477/1822
f 1896/1832/1823 1898/1833/1825 1899/485/1826
f 1896/1832/1823 1899/485/1826 1897/478/1824
f 1898/1833/1825 1900/1834/1827 1901/486/1828
f 1898/1833/1825 1901/486/1828 1899/485/1826
f 1900/1834/1827 1882/1825/1809 1885/479/1830
f 1900/1834/1827 1885/479/1830 1901/486/1828
f 1908/493/147 1909/494/147 1910/495/147
f 3725/488/1831 1916/491/1831 1917/492/1831
f 1932/1809/1832 1933/1810/1833 1934/1811/1834
f 1932/1809/1832 1934/1811/1834 1935/442/1832
f 3637/442/1835 3631/1811/1836 1936/1812/1837
f 3637/442/1835 1936/1812/1837 1937/443/1838
f 3703/443/1839 3676/1812/1840 1938/1813/1841
f 3703/443/1839 1938/1813/1841 1939/1814/1839
f 1946/1815/1842 3716/511/1793 1947/1816/1793
f 1946/1815/1842 1947/1816/1793 1948/1817/1843
f 1949/1835/1844 1950/1819/1845 1951/1820/1846
f 1949/1835/1844 1951/1820/1846 3653/512/1846
f 3690/1815/1847 3636/1835/1848 3654/512/1849
f 3690/1815/1847 3654/512/1849 3717/511/1850
f 3676/1812/1840 1952/1821/1851 1953/1822/1852
f 3676/1812/1840 1953/1822/1852 1938/1813/1841
f 1934/1811/1834 1933/1810/1833 1954/1823/1853
f 1934/1811/1834 1954/1823/1853 1955/1824/1854
f 1936/1812/1837 3631/1811/1836 3628/1824/1855
f 1936/1812/1837 3628/1824/1855 3675/1821/1856
f 1952/1821/1851 1946/1815/1842 1948/1817/1843
f 1952/1821/1851 1948/1817/1843 1953/1822/1852
f 1955/1824/1854 1954/1823/1853 1950/1819/1845
f 1955/1824/1854 1950/1819/1845 1949/1835/1844
f 3675/1821/1856 3628/1824/1855 3636/1835/1848
f 3675/1821/1856 3636/1835/1848 3690/1815/1847
f 1956/1836/1857 1957/1837/1858 1958/1838/1859
f 1956/1836/1857 1958/1838/1859 1959/1839/1860
f 1957/1837/1858 1960/1840/1861 1961/1841/1862
f 1957/1837/1858 1961/1841/1862 1958/1838/1859
f 1960/1840/1861 1962/1842/1863 1963/1843/1864
f 1960/1840/1861 1963/1843/1864 1961/1841/1862
f 1962/1842/1863 1964/1844/1865 1965/1845/1866
f 1962/1842/1863 1965/1845/1866 1963/1843/1864
f 1964/1844/1865 1966/1846/1867 1967/1847/1868
f 1964/1844/1865 1967/1847/1868 1965/1845/1866
f 1966/1846/1867 1968/1848/1869 1969/1849/1870
f 1966/1846/1867 1969/1849/1870 1967/1847/1868
f 1968/1848/1869 1970/1850/1871 1971/1851/1872
f 1968/1848/1869 1971/1851/1872 1969/1849/1870
f 1970/1850/1871 1972/1852/1873 1973/1853/1874
f 1970/1850/1871 1973/1853/1874 1971/1851/1872
f 1972/1852/1873 1974/1854/1875 1975/1855/1876
f 1972/1852/1873 1975/1855/1876 1973/1853/1874
f 1976/1856/1877 1956/1836/1857 1959/1839/1860
f 1976/1856/1877 1959/1839/1860 1977/1857/1876
f 1981/517/2 1983/519/2 1978/514/2
f 1998/1858/1878 1999/1859/1879 2000/1860/1880
f 1998/1858/1878 2000/1860/1880 2001/1861/1881
f 1999/1859/1879 2002/1862/1882 2003/1863/1883
f 1999/1859/1879 2003/1863/1883 2000/1860/1880
f 2002/1862/1882 2004/1864/1884 2005/1865/1885
f 2002/1862/1882 2005/1865/1885 2003/1863/1883
f 2004/1864/1884 2006/1866/1886 2007/1867/1887
f 2004/1864/1884 2007/1867/1887 2005/1865/1885
f 2006/1866/1886 2008/1868/1888 2009/1869/1889
f 2006/1866/1886 2009/1869/1889 2007/1867/1887
f 2008/1868/1888 2010/1870/1890 2011/1871/1891
f 2008/1868/1888 2011/1871/1891 2009/1869/1889
f 2010/1870/1890 2012/1872/1892 2013/1873/1893
f 2010/1870/1890 2013/1873/1893 2011/1871/1891
f 2012/1872/1892 2014/1874/1894 2015/1875/1895
f 2012/1872/1892 2015/1875/1895 2013/1873/1893
f 2014/1874/1894 2016/1876/1896 2017/1877/1897
f 2014/1874/1894 2017/1877/1897 2015/1875/1895
f 2016/1876/1896 2018/1878/1878 2019/1879/1881
f 2016/1876/1896 2019/1879/1881 2017/1877/1897
f 2020/1880/1898 2021/1881/1899 2022/1882/1900
f 2020/1880/1898 2022/1882/1900 2023/1883/1901
f 2021/1881/1899 2024/1884/1902 2025/1885/1903
f 2021/1881/1899 2025/1885/1903 2022/1882/1900
f 2024/1884/1902 2026/1886/1904 2027/1887/1905
f 2024/1884/1902 2027/1887/1905 2025/1885/1903
f 2026/1886/1904 2028/1888/1906 2029/1889/1907
f 2026/1886/1904 2029/1889/1907 2027/1887/1905
f 2028/1888/1906 2030/1890/1908 2031/1891/1909
f 2028/1888/1906 2031/1891/1909 2029/1889/1907
f 2030/1890/1908 2032/1888/1910 2033/1889/1911
f 2030/1890/1908 2033/1889/1911 2031/1891/1909
f 2032/1888/1910 2034/1886/1912 2035/1887/1913
f 2032/1888/1910 2035/1887/1913 2033/1889/1911
f 2034/1886/1912 2036/1884/1914 2037/1885/1915
f 2034/1886/1912 2037/1885/1915 2035/1887/1913
f 2036/1884/1914 2038/1881/1916 2039/1882/1917
f 2036/1884/1914 2039/1882/1917 2037/1885/1915
f 2038/1881/1916 2020/1880/1898 2023/1883/1901
f 2038/1881/1916 2023/1883/1901 2039/1882/1917
f 2021/1881/1899 2020/1880/1898 2040/1892/1918
f 2021/1881/1899 2040/1892/1918 2041/1893/1919
f 2024/1884/1902 2021/1881/1899 2041/1893/1919
f 2024/1884/1902 2041/1893/1919 2042/1894/1920
f 2026/1886/1904 2024/1884/1902 2042/1894/1920
f 2026/1886/1904 2042/1894/1920 2043/1895/1921
f 2028/1888/1906 2026/1886/1904 2043/1895/1921
f 2028/1888/1906 2043/1895/1921 2044/1896/1922
f 2030/1890/1908 2028/1888/1906 2044/1896/1922
f 2030/1890/1908 2044/1896/1922 2045/1897/1923
f 2032/1888/1910 2030/1890/1908 2045/1897/1923
f 2032/1888/1910 2045/1897/1923 2046/1896/1924
f 2034/1886/1912 2032/1888/1910 2046/1896/1924
f 2034/1886/1912 2046/1896/1924 2047/1895/1925
f 2036/1884/1914 2034/1886/1912 2047/1895/1925
f 2036/1884/1914 2047/1895/1925 2048/1894/1926
f 2038/1881/1916 2036/1884/1914 2048/1894/1926
f 2038/1881/1916 2048/1894/1926 2049/1893/1927
f 2020/1880/1898 2038/1881/1916 2049/1893/1927
f 2020/1880/1898 2049/1893/1927 2040/1892/1918
f 2041/1893/1919 2040/1892/1918 2050/1898/1928
f 2041/1893/1919 2050/1898/1928 2051/1899/1929
f 2042/1894/1920 2041/1893/1919 2051/1899/1929
f 2042/1894/1920 2051/1899/1929 2052/1900/1930
f 2043/1895/1921 2042/1894/1920 2052/1900/1930
f 2043/1895/1921 2052/1900/1930 2053/1901/1931
f 2044/1896/1922 2043/1895/1921 2053/1901/1931
f 2044/1896/1922 2053/1901/1931 2054/1902/1932
f 2045/1897/1923 2044/1896/1922 2054/1902/1932
f 2045/1897/1923 2054/1902/1932 2055/1903/1933
f 2046/1896/1924 2045/1897/1923 2055/1903/1933
f 2046/1896/1924 2055/1903/1933 2056/1902/1934
f 2047/1895/1925 2046/1896/1924 2056/1902/1934
f 2047/1895/1925 2056/1902/1934 2057/1901/1935
f 2048/1894/1926 2047/1895/1925 2057/1901/1935
f 2048/1894/1926 2057/1901/1935 2058/1900/1936
f 2049/1893/1927 2048/1894/1926 2058/1900/1936
f 2049/1893/1927 2058/1900/1936 2059/1899/1937
f 2040/1892/1918 2049/1893/1927 2059/1899/1937
f 2040/1892/1918 2059/1899/1937 2050/1898/1928
f 2060/534/1938 2061/553/1938 2062/535/1938
f 4642/553/1939 2064/1904/1940 2065/1905/1939
f 4642/553/1939 2065/1905/1939 4646/535/1941
f 4644/1904/1942 2066/537/1943 2067/540/1944
f 4644/1904/1942 2067/540/1944 4655/1905/1945
f 4640/538/1946 2070/1906/1947 2071/1907/1948
f 4640/538/1946 2071/1907/1948 4645/539/1949
f 4639/1906/1950 2072/1908/1951 2073/1909/1950
f 4639/1906/1950 2073/1909/1950 4638/1907/1952
f 2080/547/176 2082/549/176 2083/550/176
f 2086/1836/1953 2087/1837/1954 2088/1838/1955
f 2086/1836/1953 2088/1838/1955 2089/1839/1956
f 2087/1837/1954 2090/1840/1957 2091/1841/1958
f 2087/1837/1954 2091/1841/1958 2088/1838/1955
f 2090/1840/1957 2092/1842/1959 2093/1843/1960
f 2090/1840/1957 2093/1843/1960 2091/1841/1958
f 2092/1842/1959 2094/1844/1961 2095/1845/1962
f 2092/1842/1959 2095/1845/1962 2093/1843/1960
f 2094/1844/1961 2096/1846/1963 2097/1847/1964
f 2094/1844/1961 2097/1847/1964 2095/1845/1962
f 2096/1846/1963 2098/1848/1965 2099/1849/1966
f 2096/1846/1963 2099/1849/1966 2097/1847/1964
f 2098/1848/1965 2100/1850/1967 2101/1851/1968
f 2098/1848/1965 2101/1851/1968 2099/1849/1966
f 2100/1850/1967 2102/1852/1969 2103/1853/1970
f 2100/1850/1967 2103/1853/1970 2101/1851/1968
f 2102/1852/1969 2104/1854/1971 2105/1855/1972
f 2102/1852/1969 2105/1855/1972 2103/1853/1970
f 2106/1856/1971 2086/1836/1953 2089/1839/1956
f 2106/1856/1971 2089/1839/1956 2107/1857/1972
f 2118/524/5 2119/525/5 2120/526/5
f 2124/530/5 2123/529/5 2125/531/5
f 2128/1858/1973 2129/1859/1974 2130/1860/1975
f 2128/1858/1973 2130/1860/1975 2131/1861/1976
f 2129/1859/1974 2132/1862/1977 2133/1863/1978
f 2129/1859/1974 2133/1863/1978 2130/1860/1975
f 2132/1862/1977 2134/1864/1979 2135/1865/1980
f 2132/1862/1977 2135/1865/1980 2133/1863/1978
f 2134/1864/1979 2136/1866/1981 2137/1867/1982
f 2134/1864/1979 2137/1867/1982 2135/1865/1980
f 2136/1866/1981 2138/1868/1983 2139/1869/1984
f 2136/1866/1981 2139/1869/1984 2137/1867/1982
f 2138/1868/1983 2140/1870/1985 2141/1871/1986
f 2138/1868/1983 2141/1871/1986 2139/1869/1984
f 2140/1870/1985 2142/1872/1987 2143/1873/1988
f 2140/1870/1985 2143/1873/1988 2141/1871/1986
f 2142/1872/1987 2144/1874/1989 2145/1875/1990
f 2142/1872/1987 2145/1875/1990 2143/1873/1988
f 2144/1874/1989 2146/1876/1991 2147/1877/1992
f 2144/1874/1989 2147/1877/1992 2145/1875/1990
f 2146/1876/1991 2148/1878/1973 2149/1879/1976
f 2146/1876/1991 2149/1879/1976 2147/1877/1992
f 2150/1880/1993 2151/1881/1994 2152/1882/1995
f 2150/1880/1993 2152/1882/1995 2153/1883/1996
f 2151/1881/1994 2154/1884/1997 2155/1885/1998
f 2151/1881/1994 2155/1885/1998 2152/1882/1995
f 2154/1884/1997 2156/1886/1999 2157/1887/2000
f 2154/1884/1997 2157/1887/2000 2155/1885/1998
f 2156/1886/1999 2158/1888/2001 2159/1889/2002
f 2156/1886/1999 2159/1889/2002 2157/1887/2000
f 2158/1888/2001 2160/1890/2003 2161/1891/2004
f 2158/1888/2001 2161/1891/2004 2159/1889/2002
f 2160/1890/2003 2162/1888/2005 2163/1889/2006
f 2160/1890/2003 2163/1889/2006 2161/1891/2004
f 2162/1888/2005 2164/1886/2007 2165/1887/2008
f 2162/1888/2005 2165/1887/2008 2163/1889/2006
f 2164/1886/2007 2166/1884/2009 2167/1885/2010
f 2164/1886/2007 2167/1885/2010 2165/1887/2008
f 2166/1884/2009 2168/1881/2011 2169/1882/2012
f 2166/1884/2009 2169/1882/2012 2167/1885/2010
f 2168/1881/2011 2150/1880/1993 2153/1883/1996
f 2168/1881/2011 2153/1883/1996 2169/1882/2012
f 2151/1881/1994 2150/1880/1993 2170/1892/2013
f 2151/1881/1994 2170/1892/2013 2171/1893/2014
f 2154/1884/1997 2151/1881/1994 2171/1893/2014
f 2154/1884/1997 2171/1893/2014 2172/1894/2015
f 2156/1886/1999 2154/1884/1997 2172/1894/2015
f 2156/1886/1999 2172/1894/2015 2173/1895/2016
f 2158/1888/2001 2156/1886/1999 2173/1895/2016
f 2158/1888/2001 2173/1895/2016 2174/1896/2017
f 2160/1890/2003 2158/1888/2001 2174/1896/2017
f 2160/1890/2003 2174/1896/2017 2175/1897/2018
f 2162/1888/2005 2160/1890/2003 2175/1897/2018
f 2162/1888/2005 2175/1897/2018 2176/1896/2019
f 2164/1886/2007 2162/1888/2005 2176/1896/2019
f 2164/1886/2007 2176/1896/2019 2177/1895/2020
f 2166/1884/2009 2164/1886/2007 2177/1895/2020
f 2166/1884/2009 2177/1895/2020 2178/1894/2021
f 2168/1881/2011 2166/1884/2009 2178/1894/2021
f 2168/1881/2011 2178/1894/2021 2179/1893/2022
f 2150/1880/1993 2168/1881/2011 2179/1893/2022
f 2150/1880/1993 2179/1893/2022 2170/1892/2013
f 2171/1893/2014 2170/1892/2013 2180/1898/2023
f 2171/1893/2014 2180/1898/2023 2181/1899/2024
f 2172/1894/2015 2171/1893/2014 2181/1899/2024
f 2172/1894/2015 2181/1899/2024 2182/1900/2025
f 2173/1895/2016 2172/1894/2015 2182/1900/2025
f 2173/1895/2016 2182/1900/2025 2183/1901/2026
f 2174/1896/2017 2173/1895/2016 2183/1901/2026
f 2174/1896/2017 2183/1901/2026 2184/1902/2027
f 2175/1897/2018 2174/1896/2017 2184/1902/2027
f 2175/1897/2018 2184/1902/2027 2185/1903/2028
f 2176/1896/2019 2175/1897/2018 2185/1903/2028
f 2176/1896/2019 2185/1903/2028 2186/1902/2029
f 2177/1895/2020 2176/1896/2019 2186/1902/2029
f 2177/1895/2020 2186/1902/2029 2187/1901/2030
f 2178/1894/2021 2177/1895/2020 2187/1901/2030
f 2178/1894/2021 2187/1901/2030 2188/1900/2031
f 2179/1893/2022 2178/1894/2021 2188/1900/2031
f 2179/1893/2022 2188/1900/2031 2189/1899/2032
f 2170/1892/2013 2179/1893/2022 2189/1899/2032
f 2170/1892/2013 2189/1899/2032 2180/1898/2023
f 3693/553/2033 2194/1904/2034 2195/1905/2033
f 3693/553/2033 2195/1905/2033 3694/535/2035
f 3696/1904/2036 2196/537/2037 2197/540/2038
f 3696/1904/2036 2197/540/2038 3708/1905/2039
f 3684/538/2040 2200/1906/2041 2201/1907/2042
f 3684/538/2040 2201/1907/2042 3634/539/2043
f 3681/1906/2044 2202/1908/2045 2203/1909/2044
f 3681/1906/2044 2203/1909/2044 3627/1907/2046
f 2208/545/2047 2209/546/2047 2207/544/2047
f 2210/547/2048 2211/548/2048 2212/549/2048
f 2210/547/2048 2212/549/2048 2213/550/2048
f 2210/547/185 2214/551/185 2215/552/185
f 2216/1910/2049 2217/1911/2050 2218/575/2051
f 2216/1910/2049 2218/575/2051 2219/556/2052
f 2220/1912/2053 2221/1913/2054 2222/560/2055
f 2220/1912/2053 2222/560/2055 2223/559/2056
f 2221/1913/2054 2224/1914/2057 2225/562/2058
f 2221/1913/2054 2225/562/2058 2222/560/2055
f 2224/1914/2057 2226/1915/2059 2227/564/2060
f 2224/1914/2057 2227/564/2060 2225/562/2058
f 2226/1915/2059 2228/1916/2061 2229/566/2062
f 2226/1915/2059 2229/566/2062 2227/564/2060
f 2228/1916/2061 2216/1910/2049 2219/556/2052
f 2228/1916/2061 2219/556/2052 2229/566/2062
f 2230/1917/2063 2231/1918/2064 2232/1919/2065
f 2230/1917/2063 2232/1919/2065 2233/1920/2066
f 2234/1921/2067 2230/1917/2063 2233/1920/2066
f 2234/1921/2067 2233/1920/2066 2235/1922/2068
f 2236/1923/2069 2234/1921/2067 2235/1922/2068
f 2236/1923/2069 2235/1922/2068 2237/1924/2070
f 2238/1925/2071 2236/1923/2069 2237/1924/2070
f 2238/1925/2071 2237/1924/2070 2239/1926/2072
f 2240/1927/2073 2241/1928/2074 2242/1929/2075
f 2240/1927/2073 2242/1929/2075 2243/1930/2076
f 2231/1918/2064 2240/1927/2073 2243/1930/2076
f 2231/1918/2064 2243/1930/2076 2232/1919/2065
f 2244/554/2 3665/556/2 3623/575/2
f 2233/1920/2066 2232/1919/2065 2251/1931/2077
f 2233/1920/2066 2251/1931/2077 2252/1932/2078
f 2235/1922/2068 2233/1920/2066 2252/1932/2078
f 2235/1922/2068 2252/1932/2078 2253/1933/2079
f 2237/1924/2070 2235/1922/2068 2253/1933/2079
f 2237/1924/2070 2253/1933/2079 2254/1934/2080
f 2239/1926/2072 2237/1924/2070 2254/1934/2080
f 2239/1926/2072 2254/1934/2080 2255/1935/2081
f 2256/1936/2082 2257/1937/2083 2258/1938/2084
f 2256/1936/2082 2258/1938/2084 2259/1939/2085
f 2242/1929/2075 2256/1936/2082 2259/1939/2085
f 2242/1929/2075 2259/1939/2085 2260/1940/2086
f 2243/1930/2076 2242/1929/2075 2260/1940/2086
f 2243/1930/2076 2260/1940/2086 2261/1941/2087
f 2232/1919/2065 2243/1930/2076 2261/1941/2087
f 2232/1919/2065 2261/1941/2087 2251/1931/2077
f 2268/1942/2088 2269/573/2089 2270/562/2090
f 2268/1942/2088 2270/562/2090 2271/1914/2091
f 2272/1943/2092 2273/1944/2093 2274/576/2094
f 2272/1943/2092 2274/576/2094 2275/1945/2095
f 2275/1945/2095 2274/576/2094 2276/575/2096
f 2275/1945/2095 2276/575/2096 2277/1911/2097
f 2277/1911/2097 2276/575/2096 2278/556/2098
f 2277/1911/2097 2278/556/2098 2279/1910/2099
f 2279/1910/2099 2278/556/2098 2280/566/2100
f 2279/1910/2099 2280/566/2100 2281/1916/2101
f 2281/1916/2101 2280/566/2100 2269/573/2089
f 2281/1916/2101 2269/573/2089 2268/1942/2088
f 2282/1946/2102 2283/1930/2103 2284/1919/2104
f 2282/1946/2102 2284/1919/2104 2285/1918/2105
f 2286/1928/2106 2287/1947/2107 2283/1930/2103
f 2286/1928/2106 2283/1930/2103 2282/1946/2102
f 2288/1948/2108 2289/1936/2109 2287/1947/2107
f 2288/1948/2108 2287/1947/2107 2286/1928/2106
f 2290/1949/2110 2291/1950/2111 2289/1936/2109
f 2290/1949/2110 2289/1936/2109 2288/1948/2108
f 2292/1923/2112 2293/1924/2113 2294/1926/2114
f 2292/1923/2112 2294/1926/2114 2295/1925/2115
f 2296/1921/2116 2297/1922/2117 2293/1924/2113
f 2296/1921/2116 2293/1924/2113 2292/1923/2112
f 2298/1917/2118 2299/1920/2119 2297/1922/2117
f 2298/1917/2118 2297/1922/2117 2296/1921/2116
f 2285/1918/2105 2284/1919/2104 2299/1920/2119
f 2285/1918/2105 2299/1920/2119 2298/1917/2118
f 2300/561/2 4624/562/2120 4621/573/2
f 2302/557/2121 2303/560/2122 4624/562/2120
f 2302/557/2121 4624/562/2120 2300/561/2
f 2304/1951/2123 2305/1952/2 2303/560/2122
f 2304/1951/2123 2303/560/2122 2302/557/2121
f 2306/577/2 4647/576/2 4668/1944/2124
f 2306/577/2 4668/1944/2124 2307/1953/2
f 2283/1930/2103 2311/1941/2125 2312/1931/2126
f 2283/1930/2103 2312/1931/2126 2284/1919/2104
f 2287/1947/2107 2313/1940/2127 2311/1941/2125
f 2287/1947/2107 2311/1941/2125 2283/1930/2103
f 2289/1936/2109 2314/1939/2128 2313/1940/2127
f 2289/1936/2109 2313/1940/2127 2287/1947/2107
f 2291/1950/2111 2315/1954/2129 2314/1939/2128
f 2291/1950/2111 2314/1939/2128 2289/1936/2109
f 2293/1924/2113 2316/1934/2130 2317/1935/2131
f 2293/1924/2113 2317/1935/2131 2294/1926/2114
f 2297/1922/2117 2318/1933/2132 2316/1934/2130
f 2297/1922/2117 2316/1934/2130 2293/1924/2113
f 2299/1920/2119 2319/1932/2133 2318/1933/2132
f 2299/1920/2119 2318/1933/2132 2297/1922/2117
f 2284/1919/2104 2312/1931/2126 2319/1932/2133
f 2284/1919/2104 2319/1932/2133 2299/1920/2119
f 2320/1955/2134 4666/1954/2134 4664/1950/2135
f 2320/1955/2134 4664/1950/2135 2321/1956/2136
f 2322/1957/2137 4664/1950/2138 4665/1949/887
f 2322/1957/2137 4665/1949/887 2323/1958/887
f 2324/578/2139 2328/1959/2140 2329/1960/2141
f 2324/578/2139 2329/1960/2141 2325/579/2124
f 2336/1961/2049 2337/1962/2142 2338/1963/2143
f 2336/1961/2049 2338/1963/2143 2339/584/2144
f 2337/1962/2142 2340/1964/2145 2341/1965/2146
f 2337/1962/2142 2341/1965/2146 2338/1963/2143
f 2340/1964/2145 2342/580/2147 2343/579/2148
f 2340/1964/2145 2343/579/2148 2341/1965/2146
f 2344/1966/2149 2345/1967/2054 2346/588/2055
f 2344/1966/2149 2346/588/2055 2347/587/2056
f 2345/1967/2054 2348/1968/2057 2349/591/2058
f 2345/1967/2054 2349/591/2058 2346/588/2055
f 2348/1968/2057 2350/1969/2059 2351/592/2060
f 2348/1968/2057 2351/592/2060 2349/591/2058
f 2350/1969/2059 2352/1970/2061 2353/594/2062
f 2350/1969/2059 2353/594/2062 2351/592/2060
f 2352/1970/2061 2336/1961/2049 2339/584/2144
f 2352/1970/2061 2339/584/2144 2353/594/2062
f 2354/1971/2063 2355/1972/2064 2356/1973/2065
f 2354/1971/2063 2356/1973/2065 2357/1974/2066
f 2358/1975/2067 2354/1971/2063 2357/1974/2066
f 2358/1975/2067 2357/1974/2066 2359/1976/2068
f 2360/1977/2069 2358/1975/2067 2359/1976/2068
f 2360/1977/2069 2359/1976/2068 2361/1978/2070
f 2362/1979/2071 2360/1977/2069 2361/1978/2070
f 2362/1979/2071 2361/1978/2070 2363/1980/2072
f 2364/1981/2150 2365/1982/2151 2366/1983/2152
f 2364/1981/2150 2366/1983/2152 2367/1984/2153
f 2368/1985/2154 2364/1981/2150 2367/1984/2153
f 2368/1985/2154 2367/1984/2153 2369/1986/2155
f 2370/1987/2073 2368/1985/2154 2369/1986/2155
f 2370/1987/2073 2369/1986/2155 2371/1988/2076
f 2355/1972/2064 2370/1987/2073 2371/1988/2076
f 2355/1972/2064 2371/1988/2076 2356/1973/2065
f 2372/582/2 3667/584/2 3625/1963/2156
f 2374/1989/2157 2372/582/2 3625/1963/2156
f 2374/1989/2157 3625/1963/2156 3582/1965/2158
f 2375/1960/2159 2374/1989/2157 3582/1965/2158
f 2375/1960/2159 3582/1965/2158 3579/579/2
f 2378/589/2 3584/588/2 3626/591/2
f 2357/1974/2066 2356/1973/2065 2381/1990/2077
f 2357/1974/2066 2381/1990/2077 2382/1991/2078
f 2359/1976/2068 2357/1974/2066 2382/1991/2078
f 2359/1976/2068 2382/1991/2078 2383/1992/2079
f 2361/1978/2070 2359/1976/2068 2383/1992/2079
f 2361/1978/2070 2383/1992/2079 2384/1993/2080
f 2363/1980/2072 2361/1978/2070 2384/1993/2080
f 2363/1980/2072 2384/1993/2080 2385/1994/2081
f 2367/1984/2153 2366/1983/2152 2386/1995/2084
f 2367/1984/2153 2386/1995/2084 2387/1996/2085
f 2369/1986/2155 2367/1984/2153 2387/1996/2085
f 2369/1986/2155 2387/1996/2085 2388/1997/2086
f 2371/1988/2076 2369/1986/2155 2388/1997/2086
f 2371/1988/2076 2388/1997/2086 2389/1998/2087
f 2356/1973/2065 2371/1988/2076 2389/1998/2087
f 2356/1973/2065 2389/1998/2087 2381/1990/2077
f 2394/599/2 2391/596/2 2395/600/2
f 2396/1999/2160 2397/2000/2161 2398/2001/2162
f 2396/1999/2160 2398/2001/2162 2399/2002/2163
f 2404/2003/2164 2405/2004/2165 2406/2005/2166
f 2404/2003/2164 2406/2005/2166 2407/2006/2167
f 2406/2005/2166 2405/2004/2165 2410/2007/2168
f 2406/2005/2166 2410/2007/2168 2411/2008/2169
f 2398/2001/2162 2397/2000/2161 3713/2003/2170
f 2398/2001/2162 3713/2003/2170 3714/2006/2171
f 2399/2002/2163 2398/2001/2162 2412/2009/2172
f 2399/2002/2163 2412/2009/2172 2413/2010/2173
f 2398/2001/2162 3714/2006/2171 2414/2011/2174
f 2398/2001/2162 2414/2011/2174 2412/2009/2172
f 2407/2006/2167 2406/2005/2166 2415/2012/2175
f 2407/2006/2167 2415/2012/2175 3699/2011/2176
f 2406/2005/2166 2411/2008/2169 2416/2013/2177
f 2406/2005/2166 2416/2013/2177 2415/2012/2175
f 2397/2000/2161 2396/1999/2160 2417/2014/2178
f 2397/2000/2161 2417/2014/2178 2418/2015/2179
f 2410/2007/2168 2405/2004/2165 2419/2016/2180
f 2410/2007/2168 2419/2016/2180 2420/2017/2181
f 2405/2004/2165 2404/2003/2164 2421/2018/2182
f 2405/2004/2165 2421/2018/2182 2419/2016/2180
f 3713/2003/2170 2397/2000/2161 2418/2015/2179
f 3713/2003/2170 2418/2015/2179 3698/2018/2183
f 2422/1999/2184 2423/2000/2185 2424/2001/2186
f 2422/1999/2184 2424/2001/2186 2425/2002/2187
f 2428/2019/2188 2429/2020/2189 2430/2021/2190
f 2428/2019/2188 2430/2021/2190 2431/2022/2191
f 2434/2003/2164 2435/2004/2165 2436/2005/2166
f 2434/2003/2164 2436/2005/2166 2437/2006/2167
f 2436/2005/2166 2435/2004/2165 2440/2007/2168
f 2436/2005/2166 2440/2007/2168 2441/2008/2169
f 2430/2021/2190 2429/2020/2189 3660/2008/2192
f 2430/2021/2190 3660/2008/2192 3659/2007/2193
f 2424/2001/2186 2423/2000/2185 3661/2003/2170
f 2424/2001/2186 3661/2003/2170 3662/2006/2171
f 2425/2002/2187 2424/2001/2186 2442/2009/2194
f 2425/2002/2187 2442/2009/2194 2443/2010/2195
f 2429/2020/2189 2428/2019/2188 2444/2023/2196
f 2429/2020/2189 2444/2023/2196 2445/2024/2197
f 2424/2001/2186 3662/2006/2171 2446/2011/2174
f 2424/2001/2186 2446/2011/2174 2442/2009/2194
f 2437/2006/2167 2436/2005/2166 2447/2012/2198
f 2437/2006/2167 2447/2012/2198 3648/2011/2176
f 2436/2005/2166 2441/2008/2169 2448/2013/2177
f 2436/2005/2166 2448/2013/2177 2447/2012/2198
f 3660/2008/2192 2429/2020/2189 2445/2024/2197
f 3660/2008/2192 2445/2024/2197 3646/2013/2199
f 2423/2000/2185 2422/1999/2184 2449/2014/2200
f 2423/2000/2185 2449/2014/2200 2450/2015/2201
f 2431/2022/2191 2430/2021/2190 2451/2025/2202
f 2431/2022/2191 2451/2025/2202 2452/2026/2203
f 2430/2021/2190 3659/2007/2193 2453/2017/2204
f 2430/2021/2190 2453/2017/2204 2451/2025/2202
f 2440/2007/2168 2435/2004/2165 2454/2016/2205
f 2440/2007/2168 2454/2016/2205 3645/2017/2181
f 2435/2004/2165 2434/2003/2164 2455/2018/2182
f 2435/2004/2165 2455/2018/2182 2454/2016/2205
f 3661/2003/2170 2423/2000/2185 2450/2015/2201
f 3661/2003/2170 2450/2015/2201 3647/2018/2206
f 2456/2027/7 2457/2028/2207 2458/2029/2208
f 2456/2027/7 2458/2029/2208 2459/2030/7
f 2460/2031/2209 2456/2027/7 2459/2030/7
f 2460/2031/2209 2459/2030/7 2461/2032/2210
f 2462/2033/2211 2463/2034/2211 2458/2029/2208
f 2462/2033/2211 2458/2029/2208 2457/2028/2207
f 2460/2031/2209 2461/2032/2210 2464/2035/2212
f 2460/2031/2209 2464/2035/2212 2465/2036/2212
f 2466/1999/2213 2467/2002/2214 2468/2001/2215
f 2466/1999/2213 2468/2001/2215 2469/2000/2216
f 2474/2003/2217 2475/2006/2218 2476/2005/2219
f 2474/2003/2217 2476/2005/2219 2477/2004/2220
f 2471/602/2 256/33/2 254/32/2
f 2476/2005/2219 2480/2008/2221 2481/2007/2222
f 2476/2005/2219 2481/2007/2222 2477/2004/2220
f 2468/2001/2215 4615/2006/2223 4614/2003/2224
f 2468/2001/2215 4614/2003/2224 2469/2000/2216
f 2467/2002/2214 2482/2010/2225 2483/2009/2226
f 2467/2002/2214 2483/2009/2226 2468/2001/2215
f 2468/2001/2215 2483/2009/2226 2484/2011/2227
f 2468/2001/2215 2484/2011/2227 4615/2006/2223
f 2475/2006/2218 4617/2011/2228 2485/2012/2229
f 2475/2006/2218 2485/2012/2229 2476/2005/2219
f 2476/2005/2219 2485/2012/2229 2486/2013/2230
f 2476/2005/2219 2486/2013/2230 2480/2008/2221
f 2469/2000/2216 2487/2015/2231 2488/2014/2232
f 2469/2000/2216 2488/2014/2232 2466/1999/2213
f 2481/2007/2222 2489/2017/2233 2490/2016/2234
f 2481/2007/2222 2490/2016/2234 2477/2004/2220
f 2477/2004/2220 2490/2016/2234 2491/2018/2235
f 2477/2004/2220 2491/2018/2235 2474/2003/2217
f 4614/2003/2224 4616/2018/2236 2487/2015/2231
f 4614/2003/2224 2487/2015/2231 2469/2000/2216
f 2492/2037/6 2493/2030/6 2494/2038/2237
f 2492/2037/6 2494/2038/2237 2495/2039/2238
f 2496/2040/2239 2497/2032/2240 2493/2030/6
f 2496/2040/2239 2493/2030/6 2492/2037/6
f 2498/2041/2241 2495/2039/2238 2494/2038/2237
f 2498/2041/2241 2494/2038/2237 2499/2042/2241
f 2496/2040/2239 2500/2036/2242 2501/2035/2242
f 2496/2040/2239 2501/2035/2242 2497/2032/2240
f 2514/620/2243 2515/2043/2244 2516/2044/2245
f 2514/620/2243 2516/2044/2245 2517/621/2243
f 2515/2043/2244 2520/623/2246 2521/626/2246
f 2515/2043/2244 2521/626/2246 2516/2044/2245
f 2526/2045/2247 2527/2046/2248 2528/2047/2249
f 2526/2045/2247 2528/2047/2249 2529/2048/2250
f 2529/2048/2250 2528/2047/2249 2530/2049/2251
f 2529/2048/2250 2530/2049/2251 2531/2050/2252
f 2531/2050/2252 2530/2049/2251 2532/2051/2253
f 2531/2050/2252 2532/2051/2253 2533/2052/2254
f 2534/2053/2255 2535/2054/2256 2536/2055/2257
f 2534/2053/2255 2536/2055/2257 2537/2056/2258
f 2535/2054/2256 2538/2057/2259 2539/2058/2260
f 2535/2054/2256 2539/2058/2260 2536/2055/2257
f 2538/2057/2259 2540/2059/2261 2541/2060/2262
f 2538/2057/2259 2541/2060/2262 2539/2058/2260
f 2542/2061/2263 2543/2062/2264 2544/2063/2265
f 2542/2061/2263 2544/2063/2265 2545/2064/2263
f 2546/2065/2266 2547/2066/2267 2548/2067/2267
f 2546/2065/2266 2548/2067/2267 2549/2068/2268
f 2543/2062/2264 2550/2069/2269 2551/2070/2270
f 2543/2062/2264 2551/2070/2270 2544/2063/2265
f 2552/2071/2271 2546/2065/2266 2549/2068/2268
f 2552/2071/2271 2549/2068/2268 2553/2072/2272
f 2550/2069/2269 2554/2073/2273 2555/2074/2273
f 2550/2069/2269 2555/2074/2273 2551/2070/2270
f 2556/2075/2274 2552/2071/2271 2553/2072/2272
f 2556/2075/2274 2553/2072/2272 2557/2076/2274
f 3720/632/2275 3878/631/2276 2562/634/2277
f 3720/632/2275 2562/634/2277 2563/633/2275
f 2566/2077/2278 2567/2078/2279 2568/2079/5
f 2566/2077/2278 2568/2079/5 2569/2080/2278
f 3878/631/2276 4077/640/2280 4075/639/2280
f 3878/631/2276 4075/639/2280 2562/634/2277
f 2568/2079/5 2567/2078/2279 2577/2081/2281
f 2568/2079/5 2577/2081/2281 2578/2082/2281
f 2592/620/2243 2593/2043/2244 2594/2044/2245
f 2592/620/2243 2594/2044/2245 2595/621/2243
f 2593/2043/2244 2598/623/2246 2599/626/2246
f 2593/2043/2244 2599/626/2246 2594/2044/2245
f 2604/2045/2282 2605/2046/2248 2606/2047/2249
f 2604/2045/2282 2606/2047/2249 2607/2048/2283
f 2607/2048/2283 2606/2047/2249 2608/2049/2251
f 2607/2048/2283 2608/2049/2251 2609/2050/2252
f 2609/2050/2252 2608/2049/2251 2610/2051/2253
f 2609/2050/2252 2610/2051/2253 2611/2052/2284
f 2612/2053/2285 2613/2054/2256 2614/2055/2257
f 2612/2053/2285 2614/2055/2257 2615/2083/2286
f 2613/2054/2256 2616/2057/2259 2617/2058/2287
f 2613/2054/2256 2617/2058/2287 2614/2055/2257
f 2616/2057/2259 2618/2059/2288 2619/2060/2262
f 2616/2057/2259 2619/2060/2262 2617/2058/2287
f 2620/2061/2263 2621/2062/2264 2622/2063/2265
f 2620/2061/2263 2622/2063/2265 2623/2064/2263
f 2624/2065/2266 2625/2066/2267 2626/2067/2267
f 2624/2065/2266 2626/2067/2267 2627/2068/2268
f 2621/2062/2264 2628/2069/2269 2629/2084/2270
f 2621/2062/2264 2629/2084/2270 2622/2063/2265
f 2630/2071/2271 2624/2065/2266 2627/2068/2268
f 2630/2071/2271 2627/2068/2268 2631/2085/2272
f 2628/2069/2269 2632/2073/2273 2633/2074/2273
f 2628/2069/2269 2633/2074/2273 2629/2084/2270
f 2634/2075/2274 2630/2071/2271 2631/2085/2272
f 2634/2075/2274 2631/2085/2272 2635/2076/2274
f 277/42/6 2640/618/6 2641/612/6
f 279/42/7 2646/612/7 2647/618/7
f 2648/620/2289 2649/2043/2290 2650/2044/2291
f 2648/620/2289 2650/2044/2291 2651/621/2289
f 2649/2043/2290 2654/623/2292 2655/626/2292
f 2649/2043/2290 2655/626/2292 2650/2044/2291
f 2660/2053/2293 2661/2056/2294 2662/2055/2295
f 2660/2053/2293 2662/2055/2295 2663/2054/2296
f 2663/2054/2296 2662/2055/2295 2664/2058/2297
f 2663/2054/2296 2664/2058/2297 2665/2057/2298
f 2665/2057/2298 2664/2058/2297 2666/2060/2299
f 2665/2057/2298 2666/2060/2299 2667/2059/2300
f 2668/2053/2301 2669/2054/2302 2670/2055/2303
f 2668/2053/2301 2670/2055/2303 2671/2056/2304
f 2669/2054/2302 2672/2057/2305 2673/2058/2306
f 2669/2054/2302 2673/2058/2306 2670/2055/2303
f 2672/2057/2305 2674/2059/2307 2675/2060/2308
f 2672/2057/2305 2675/2060/2308 2673/2058/2306
f 2676/2061/2309 2677/2062/2310 2678/2063/2311
f 2676/2061/2309 2678/2063/2311 2679/2064/2309
f 2680/2065/2312 2681/2066/2313 2682/2067/2313
f 2680/2065/2312 2682/2067/2313 2683/2068/2314
f 2677/2062/2310 2684/2069/2315 2685/2084/2316
f 2677/2062/2310 2685/2084/2316 2678/2063/2311
f 2686/2071/2317 2680/2065/2312 2683/2068/2314
f 2686/2071/2317 2683/2068/2314 2687/2085/2318
f 2684/2069/2315 2688/2073/2319 2689/2074/2319
f 2684/2069/2315 2689/2074/2319 2685/2084/2316
f 2690/2075/2320 2686/2071/2317 2687/2085/2318
f 2690/2075/2320 2687/2085/2318 2691/2076/2320
f 4507/632/2321 4564/631/2322 2696/634/2323
f 4507/632/2321 2696/634/2323 2697/633/2321
f 2700/2077/2324 2701/2078/2279 2702/2079/2325
f 2700/2077/2324 2702/2079/2325 2703/2080/2324
f 4564/631/2322 4612/640/2326 4610/639/2326
f 4564/631/2322 4610/639/2326 2696/634/2323
f 2702/2079/2325 2701/2078/2279 2711/2081/2327
f 2702/2079/2325 2711/2081/2327 2712/2082/2327
f 283/42/6 2718/618/6 2719/612/6
f 285/42/7 2724/612/7 2725/618/7
f 2726/620/2289 2727/2043/2328 2728/2044/2291
f 2726/620/2289 2728/2044/2291 2729/621/2289
f 2730/646/189 4589/620/189 4605/621/189
f 2730/646/189 4605/621/189 2731/645/189
f 2727/2043/2328 2732/623/2292 2733/626/2292
f 2727/2043/2328 2733/626/2292 2728/2044/2291
f 2738/2053/2293 2739/2056/2294 2740/2055/2329
f 2738/2053/2293 2740/2055/2329 2741/2054/2330
f 2741/2054/2330 2740/2055/2329 2742/2058/2331
f 2741/2054/2330 2742/2058/2331 2743/2057/2298
f 2743/2057/2298 2742/2058/2331 2744/2060/2299
f 2743/2057/2298 2744/2060/2299 2745/2059/2332
f 2746/2053/2301 2747/2054/2333 2748/2055/2334
f 2746/2053/2301 2748/2055/2334 2749/2056/2304
f 2747/2054/2333 2750/2057/2305 2751/2058/2335
f 2747/2054/2333 2751/2058/2335 2748/2055/2334
f 2750/2057/2305 2752/2059/2336 2753/2060/2337
f 2750/2057/2305 2753/2060/2337 2751/2058/2335
f 2754/2061/2309 2755/2062/2310 2756/2063/2311
f 2754/2061/2309 2756/2063/2311 2757/2064/2309
f 2758/2065/2312 2759/2066/2313 2760/2067/2313
f 2758/2065/2312 2760/2067/2313 2761/2068/2314
f 2755/2062/2310 2762/2069/2315 2763/2084/2316
f 2755/2062/2310 2763/2084/2316 2756/2063/2311
f 2764/2071/2317 2758/2065/2312 2761/2068/2314
f 2764/2071/2317 2761/2068/2314 2765/2085/2318
f 2762/2069/2315 2766/2073/2319 2767/2074/2319
f 2762/2069/2315 2767/2074/2319 2763/2084/2316
f 2768/2075/2320 2764/2071/2317 2765/2085/2318
f 2768/2075/2320 2765/2085/2318 2769/2076/2320
f 2770/2086/2338 2771/2087/2339 2772/2088/2340
f 2770/2086/2338 2772/2088/2340 2773/2089/2341
f 2771/2087/2339 2774/2090/2342 2775/2091/2343
f 2771/2087/2339 2775/2091/2343 2772/2088/2340
f 2774/2090/2342 2776/2092/2344 2777/2093/2345
f 2774/2090/2342 2777/2093/2345 2775/2091/2343
f 2776/2092/2344 2778/2094/2346 2779/2095/2347
f 2776/2092/2344 2779/2095/2347 2777/2093/2345
f 2778/2094/2346 2780/2096/2348 2781/2097/2349
f 2778/2094/2346 2781/2097/2349 2779/2095/2347
f 2782/2098/2348 2783/2099/2350 2784/2100/2351
f 2782/2098/2348 2784/2100/2351 2785/2101/2352
f 2783/2099/2350 2786/2102/2353 2787/2103/2354
f 2783/2099/2350 2787/2103/2354 2784/2100/2351
f 2786/2102/2353 2788/2104/2355 2789/2105/2356
f 2786/2102/2353 2789/2105/2356 2787/2103/2354
f 2788/2104/2355 2790/2106/2357 2791/2107/2358
f 2788/2104/2355 2791/2107/2358 2789/2105/2356
f 2790/2106/2357 2770/2086/2338 2773/2089/2341
f 2790/2106/2357 2773/2089/2341 2791/2107/2358
f 2787/2103/2354 2789/2105/2356 2792/2108/2359
f 2787/2103/2354 2792/2108/2359 2793/2109/2360
f 2784/2100/2351 2787/2103/2354 2793/2109/2360
f 2784/2100/2351 2793/2109/2360 2794/2110/2361
f 2785/2101/2352 2784/2100/2351 2794/2110/2361
f 2785/2101/2352 2794/2110/2361 2795/2111/2362
f 2779/2095/2347 2781/2097/2349 2796/2112/2362
f 2779/2095/2347 2796/2112/2362 2797/2113/2363
f 2777/2093/2345 2779/2095/2347 2797/2113/2363
f 2777/2093/2345 2797/2113/2363 2798/2114/2364
f 2775/2091/2343 2777/2093/2345 2798/2114/2364
f 2775/2091/2343 2798/2114/2364 2799/2115/2365
f 2772/2088/2340 2775/2091/2343 2799/2115/2365
f 2772/2088/2340 2799/2115/2365 2800/2116/2366
f 2773/2089/2341 2772/2088/2340 2800/2116/2366
f 2773/2089/2341 2800/2116/2366 2801/2117/2367
f 2791/2107/2358 2773/2089/2341 2801/2117/2367
f 2791/2107/2358 2801/2117/2367 2802/2118/2368
f 2789/2105/2356 2791/2107/2358 2802/2118/2368
f 2789/2105/2356 2802/2118/2368 2792/2108/2359
f 2807/2119/2369 2808/2120/2370 2809/2121/2371
f 2807/2119/2369 2809/2121/2371 2810/2122/2372
f 2808/2120/2370 2811/2123/2373 2812/2124/2374
f 2808/2120/2370 2812/2124/2374 2809/2121/2371
f 2811/2123/2373 2813/2125/2375 2814/2126/2376
f 2811/2123/2373 2814/2126/2376 2812/2124/2374
f 2813/2125/2375 2815/2127/2377 2816/2128/2378
f 2813/2125/2375 2816/2128/2378 2814/2126/2376
f 2815/2127/2377 2817/2129/2379 2818/2130/2380
f 2815/2127/2377 2818/2130/2380 2816/2128/2378
f 2819/2131/2379 2820/2132/2381 2821/2133/2382
f 2819/2131/2379 2821/2133/2382 2822/2134/2383
f 2820/2132/2381 2823/2135/2384 2824/2136/2385
f 2820/2132/2381 2824/2136/2385 2821/2133/2382
f 2823/2135/2384 2825/2137/2386 2826/2138/2387
f 2823/2135/2384 2826/2138/2387 2824/2136/2385
f 2825/2137/2386 2827/2139/2388 2828/2140/2389
f 2825/2137/2386 2828/2140/2389 2826/2138/2387
f 2827/2139/2388 2807/2119/2369 2810/2122/2372
f 2827/2139/2388 2810/2122/2372 2828/2140/2389
f 2824/2136/2385 2826/2138/2387 2829/2141/2390
f 2824/2136/2385 2829/2141/2390 2830/2142/2391
f 2821/2133/2382 2824/2136/2385 2830/2142/2391
f 2821/2133/2382 2830/2142/2391 2831/2143/2392
f 2822/2134/2383 2821/2133/2382 2831/2143/2392
f 2822/2134/2383 2831/2143/2392 2832/2144/2393
f 2816/2128/2378 2818/2130/2380 2833/2145/2393
f 2816/2128/2378 2833/2145/2393 2834/2146/2394
f 2814/2126/2376 2816/2128/2378 2834/2146/2394
f 2814/2126/2376 2834/2146/2394 2835/2147/2395
f 2812/2124/2374 2814/2126/2376 2835/2147/2395
f 2812/2124/2374 2835/2147/2395 2836/2148/2396
f 2809/2121/2371 2812/2124/2374 2836/2148/2396
f 2809/2121/2371 2836/2148/2396 2837/2149/2397
f 2810/2122/2372 2809/2121/2371 2837/2149/2397
f 2810/2122/2372 2837/2149/2397 2838/2150/2398
f 2828/2140/2389 2810/2122/2372 2838/2150/2398
f 2828/2140/2389 2838/2150/2398 2839/2151/2399
f 2826/2138/2387 2828/2140/2389 2839/2151/2399
f 2826/2138/2387 2839/2151/2399 2829/2141/2390
f 4499/654/2400 2851/2152/2400 4509/658/2400
f 4499/654/2400 4509/658/2400 4511/655/2400
f 2856/664/1 2858/655/1 2859/654/1
f 2874/2153/2401 2875/2154/2402 2876/2155/2403
f 2874/2153/2401 2876/2155/2403 2877/2156/2404
f 2875/2154/2402 2878/2157/2405 2879/2158/2406
f 2875/2154/2402 2879/2158/2406 2876/2155/2403
f 2878/2157/2405 2880/2159/2407 2881/2160/2408
f 2878/2157/2405 2881/2160/2408 2879/2158/2406
f 2880/2159/2407 2882/2161/2409 2883/2162/2410
f 2880/2159/2407 2883/2162/2410 2881/2160/2408
f 2882/2161/2409 2884/2163/2411 2885/2164/2412
f 2882/2161/2409 2885/2164/2412 2883/2162/2410
f 2884/2163/2411 2886/2165/2413 2887/2166/2414
f 2884/2163/2411 2887/2166/2414 2885/2164/2412
f 2886/2165/2413 2888/2167/2415 2889/2168/2416
f 2886/2165/2413 2889/2168/2416 2887/2166/2414
f 2888/2167/2415 2890/2169/2417 2891/2170/2418
f 2888/2167/2415 2891/2170/2418 2889/2168/2416
f 2890/2169/2417 2892/2171/2419 2893/2172/2420
f 2890/2169/2417 2893/2172/2420 2891/2170/2418
f 2892/2171/2419 2894/2173/2401 2895/2174/2404
f 2892/2171/2419 2895/2174/2404 2893/2172/2420
f 2896/2175/2421 2897/2176/2422 2898/2177/2423
f 2896/2175/2421 2898/2177/2423 2899/2178/2424
f 2897/2176/2422 2900/2179/2425 2901/2180/2426
f 2897/2176/2422 2901/2180/2426 2898/2177/2423
f 2900/2179/2425 2902/2181/2427 2903/2182/2428
f 2900/2179/2425 2903/2182/2428 2901/2180/2426
f 2902/2181/2427 2904/2183/2429 2905/2184/2430
f 2902/2181/2427 2905/2184/2430 2903/2182/2428
f 2904/2183/2429 2906/2185/2431 2907/2186/2432
f 2904/2183/2429 2907/2186/2432 2905/2184/2430
f 2906/2185/2431 2908/2187/2433 2909/2188/2434
f 2906/2185/2431 2909/2188/2434 2907/2186/2432
f 2908/2187/2433 2910/2189/2435 2911/2190/2436
f 2908/2187/2433 2911/2190/2436 2909/2188/2434
f 2910/2189/2435 2912/2191/2437 2913/2192/2438
f 2910/2189/2435 2913/2192/2438 2911/2190/2436
f 2912/2191/2437 2914/2193/2439 2915/2194/2440
f 2912/2191/2437 2915/2194/2440 2913/2192/2438
f 2914/2193/2439 2916/2195/2441 2917/2196/2424
f 2914/2193/2439 2917/2196/2424 2915/2194/2440
f 4343/2178/2442 4293/2177/2443 2918/2197/2444
f 4343/2178/2442 2918/2197/2444 2919/2198/2445
f 4293/2177/2443 4228/2180/2446 2920/2199/2447
f 4293/2177/2443 2920/2199/2447 2918/2197/2444
f 4228/2180/2446 4195/2182/2448 2921/2200/2449
f 4228/2180/2446 2921/2200/2449 2920/2199/2447
f 4195/2182/2448 4211/2184/2450 2922/2201/2451
f 4195/2182/2448 2922/2201/2451 2921/2200/2449
f 4212/2184/2452 4260/2186/2453 2923/2202/2454
f 4212/2184/2452 2923/2202/2454 4207/2201/2455
f 4260/2186/2453 4335/2188/2456 2924/2203/2457
f 4260/2186/2453 2924/2203/2457 2923/2202/2454
f 4335/2188/2456 4370/2190/2458 2925/2204/2459
f 4335/2188/2456 2925/2204/2459 2924/2203/2457
f 4370/2190/2458 4393/2192/2460 2926/2205/2461
f 4370/2190/2458 2926/2205/2461 2925/2204/2459
f 4393/2192/2460 4384/2194/2462 2927/2206/2463
f 4393/2192/2460 2927/2206/2463 2926/2205/2461
f 4384/2194/2462 4344/2196/2464 2928/2207/2465
f 4384/2194/2462 2928/2207/2465 2927/2206/2463
f 2929/2208/2466 2930/2209/2467 4413/2191/2468
f 2929/2208/2466 4413/2191/2468 4389/2189/2469
f 2931/2210/2470 2929/2208/2466 4389/2189/2469
f 2931/2210/2470 4389/2189/2469 4336/2187/2471
f 2932/2211/2472 2931/2210/2470 4336/2187/2471
f 2932/2211/2472 4336/2187/2471 4256/2185/2473
f 2933/2212/2474 2932/2211/2472 4256/2185/2473
f 2933/2212/2474 4256/2185/2473 4190/2183/2475
f 2934/2213/2476 2933/2212/2474 4190/2183/2475
f 2934/2213/2476 4190/2183/2475 4185/2181/2477
f 2935/2214/2478 2934/2213/2476 4185/2181/2477
f 2935/2214/2478 4185/2181/2477 4205/2179/2479
f 2936/2215/2480 2935/2214/2478 4205/2179/2479
f 2936/2215/2480 4205/2179/2479 4283/2176/2481
f 2937/2216/2482 2936/2215/2480 4283/2176/2481
f 2937/2216/2482 4283/2176/2481 4364/2175/2483
f 2938/2217/2484 2939/2218/2485 4365/2195/2486
f 2938/2217/2484 4365/2195/2486 4405/2193/2487
f 2930/2209/2467 2938/2217/2484 4405/2193/2487
f 2930/2209/2467 4405/2193/2487 4413/2191/2468
f 2889/2168/2416 2891/2170/2418 2930/2209/2467
f 2889/2168/2416 2930/2209/2467 2929/2208/2466
f 2887/2166/2414 2889/2168/2416 2929/2208/2466
f 2887/2166/2414 2929/2208/2466 2931/2210/2470
f 2885/2164/2412 2887/2166/2414 2931/2210/2470
f 2885/2164/2412 2931/2210/2470 2932/2211/2472
f 2883/2162/2410 2885/2164/2412 2932/2211/2472
f 2883/2162/2410 2932/2211/2472 2933/2212/2474
f 2881/2160/2408 2883/2162/2410 2933/2212/2474
f 2881/2160/2408 2933/2212/2474 2934/2213/2476
f 2879/2158/2406 2881/2160/2408 2934/2213/2476
f 2879/2158/2406 2934/2213/2476 2935/2214/2478
f 2876/2155/2403 2879/2158/2406 2935/2214/2478
f 2876/2155/2403 2935/2214/2478 2936/2215/2480
f 2877/2156/2404 2876/2155/2403 2936/2215/2480
f 2877/2156/2404 2936/2215/2480 2937/2216/2482
f 2893/2172/2420 2895/2174/2404 2939/2218/2485
f 2893/2172/2420 2939/2218/2485 2938/2217/2484
f 2891/2170/2418 2893/2172/2420 2938/2217/2484
f 2891/2170/2418 2938/2217/2484 2930/2209/2467
f 2940/2219/2488 2941/2220/2488 2942/2221/2489
f 2940/2219/2488 2942/2221/2489 2943/2222/2490
f 2948/2223/2491 2949/2224/2492 2950/2225/2493
f 2948/2223/2491 2950/2225/2493 2951/2226/2493
f 4391/2220/2494 2952/2227/2495 2953/2228/2496
f 4391/2220/2494 2953/2228/2496 4392/2221/2497
f 2954/2229/2498 2955/2230/2499 2956/2231/2500
f 2954/2229/2498 2956/2231/2500 2957/2232/2501
f 2943/2222/2490 2942/2221/2489 2958/2233/2502
f 2943/2222/2490 2958/2233/2502 2959/2234/2502
f 4392/2221/2497 2953/2228/2496 2960/2235/2503
f 4392/2221/2497 2960/2235/2503 4396/2233/2504
f 2949/2224/2492 2948/2223/2491 2961/2236/2505
f 2949/2224/2492 2961/2236/2505 2962/2237/2506
f 2957/2232/2501 2956/2231/2500 2963/2238/2507
f 2957/2232/2501 2963/2238/2507 2964/2239/2508
f 4514/2223/2509 2957/2232/2501 2964/2239/2508
f 4514/2223/2509 2964/2239/2508 4512/2236/2510
f 4513/2226/2511 2954/2229/2498 2957/2232/2501
f 4513/2226/2511 2957/2232/2501 4514/2223/2509
f 2953/2228/2496 2952/2227/2495 4442/2225/2512
f 2953/2228/2496 4442/2225/2512 4443/2224/2513
f 2960/2235/2503 2953/2228/2496 4443/2224/2513
f 2960/2235/2503 4443/2224/2513 4451/2237/2514
f 2967/686/2515 2968/696/2515 2969/684/2516
f 2967/686/2515 2969/684/2516 2970/687/2517
f 2971/682/201 4447/684/201 4441/696/201
f 2973/685/202 2974/697/202 4501/686/202
f 2972/683/201 2975/690/201 2976/693/201
f 2972/683/201 2976/693/201 4447/684/201
f 2970/687/2517 2969/684/2516 4454/693/2518
f 2970/687/2517 4454/693/2518 2977/689/2519
f 2977/689/2519 4454/693/2518 4455/692/2
f 2977/689/2519 4455/692/2 2981/695/2
f 2983/686/2 2984/696/2 2985/684/2520
f 2983/686/2 2985/684/2520 2986/687/2521
f 2987/682/203 2988/683/203 4252/684/203
f 2987/682/203 4252/684/203 4089/696/203
f 2989/685/204 2990/697/204 4090/686/204
f 2989/685/204 4090/686/204 4254/687/204
f 2986/687/2521 2985/684/2520 4367/693/2522
f 2986/687/2521 4367/693/2522 2993/689/2523
f 2994/688/204 2989/685/204 4254/687/204
f 2991/690/203 2996/692/203 2992/693/203
f 2993/689/2523 4367/693/2522 4444/692/2524
f 2993/689/2523 4444/692/2524 2997/695/2524
f 2999/2219/2525 3000/2220/2525 3001/2221/2526
f 2999/2219/2525 3001/2221/2526 3002/2222/2527
f 3007/2223/2528 3008/2224/2529 3009/2225/2530
f 3007/2223/2528 3009/2225/2530 3010/2226/2530
f 4113/2220/2531 3011/2227/2532 3012/2228/2533
f 4113/2220/2531 3012/2228/2533 4114/2221/2534
f 3013/2229/2535 3014/2230/2536 3015/2231/2537
f 3013/2229/2535 3015/2231/2537 3016/2232/2538
f 3002/2222/2527 3001/2221/2526 3017/2233/2539
f 3002/2222/2527 3017/2233/2539 3018/2234/2540
f 4114/2221/2534 3012/2228/2533 3019/2235/2541
f 4114/2221/2534 3019/2235/2541 4109/2233/2542
f 3008/2224/2529 3007/2223/2528 3020/2236/2543
f 3008/2224/2529 3020/2236/2543 3021/2237/2543
f 3016/2232/2538 3015/2231/2537 3022/2238/2544
f 3016/2232/2538 3022/2238/2544 3023/2239/2545
f 4066/2223/2546 3016/2232/2538 3023/2239/2545
f 4066/2223/2546 3023/2239/2545 4070/2236/2547
f 4065/2226/2548 3013/2229/2535 3016/2232/2538
f 4065/2226/2548 3016/2232/2538 4066/2223/2546
f 3012/2228/2533 3011/2227/2532 4129/2225/2549
f 3012/2228/2533 4129/2225/2549 4130/2224/2550
f 3019/2235/2541 3012/2228/2533 4130/2224/2550
f 3019/2235/2541 4130/2224/2550 4122/2237/2551
f 3026/686/2552 3027/696/2552 3028/684/2553
f 3026/686/2552 3028/684/2553 3029/687/2554
f 3032/685/7 3033/697/7 4057/686/7
f 3029/687/2554 3028/684/2553 4094/693/2555
f 3029/687/2554 4094/693/2555 3036/689/2556
f 3034/690/6 3038/691/6 3039/692/6
f 3034/690/6 3039/692/6 3035/693/6
f 3036/689/2556 4094/693/2555 4093/692/2
f 3036/689/2556 4093/692/2 3040/695/2
f 3041/694/7 3037/688/7 4056/689/7
f 3041/694/7 4056/689/7 4055/695/7
f 3042/2219/2557 3043/2220/2557 3044/2221/2558
f 3042/2219/2557 3044/2221/2558 3045/2222/2559
f 3050/2223/2560 3051/2224/2561 3052/2225/2562
f 3050/2223/2560 3052/2225/2562 3053/2226/2562
f 4150/2220/2563 3054/2227/2564 3055/2228/2565
f 4150/2220/2563 3055/2228/2565 4151/2221/2566
f 3056/2229/2567 3057/2230/2568 3058/2231/2569
f 3056/2229/2567 3058/2231/2569 3059/2232/2570
f 3045/2222/2559 3044/2221/2558 3060/2233/2571
f 3045/2222/2559 3060/2233/2571 3061/2234/2572
f 4151/2221/2566 3055/2228/2565 3062/2235/2573
f 4151/2221/2566 3062/2235/2573 4145/2233/2574
f 3051/2224/2561 3050/2223/2560 3063/2236/2575
f 3051/2224/2561 3063/2236/2575 3064/2237/2575
f 3059/2232/2570 3058/2231/2569 3065/2238/2576
f 3059/2232/2570 3065/2238/2576 3066/2239/2577
f 4042/2223/2578 3059/2232/2570 3066/2239/2577
f 4042/2223/2578 3066/2239/2577 4049/2236/2579
f 4041/2226/2580 3056/2229/2567 3059/2232/2570
f 4041/2226/2580 3059/2232/2570 4042/2223/2578
f 3055/2228/2565 3054/2227/2564 4080/2225/2581
f 3055/2228/2565 4080/2225/2581 4081/2224/2582
f 3062/2235/2573 3055/2228/2565 4081/2224/2582
f 3062/2235/2573 4081/2224/2582 4082/2237/2583
f 3069/686/2584 3070/696/2584 3071/684/2585
f 3069/686/2584 3071/684/2585 3072/687/2586
f 3072/687/2586 3071/684/2585 4187/693/2587
f 3072/687/2586 4187/693/2587 3079/689/2588
f 3080/688/206 3075/685/206 4316/687/206
f 3079/689/2588 4187/693/2587 4092/692/2
f 3079/689/2588 4092/692/2 3083/695/2
f 3085/2219/2589 3086/2220/2589 3087/2221/2590
f 3085/2219/2589 3087/2221/2590 3088/2222/2591
f 3093/2223/2592 3094/2224/2593 3095/2225/2594
f 3093/2223/2592 3095/2225/2594 3096/2226/2594
f 4484/2220/2595 3097/2227/2596 3098/2228/2597
f 4484/2220/2595 3098/2228/2597 4485/2221/2598
f 3099/2229/2599 3100/2230/2600 3101/2231/2601
f 3099/2229/2599 3101/2231/2601 3102/2232/2602
f 3088/2222/2591 3087/2221/2590 3103/2233/2603
f 3088/2222/2591 3103/2233/2603 3104/2234/2604
f 4485/2221/2598 3098/2228/2597 3105/2235/2605
f 4485/2221/2598 3105/2235/2605 4487/2233/2606
f 3094/2224/2593 3093/2223/2592 3106/2236/2607
f 3094/2224/2593 3106/2236/2607 3107/2237/2608
f 3102/2232/2602 3101/2231/2601 3108/2238/2609
f 3102/2232/2602 3108/2238/2609 3109/2239/2610
f 4490/2223/2611 3102/2232/2602 3109/2239/2610
f 4490/2223/2611 3109/2239/2610 4488/2236/2612
f 4489/2226/2613 3099/2229/2599 3102/2232/2602
f 4489/2226/2613 3102/2232/2602 4490/2223/2611
f 3098/2228/2597 3097/2227/2596 4394/2225/2614
f 3098/2228/2597 4394/2225/2614 4395/2224/2615
f 3105/2235/2605 3098/2228/2597 4395/2224/2615
f 3105/2235/2605 4395/2224/2615 4400/2237/2616
f 3112/2240/2617 3113/2241/2618 3114/2242/2
f 3112/2240/2617 3114/2242/2 3115/2243/2619
f 3113/2241/2618 3116/2244/2620 3117/2245/2621
f 3113/2241/2618 3117/2245/2621 3114/2242/2
f 3115/2243/2619 3114/2242/2 3118/2246/2622
f 3115/2243/2619 3118/2246/2622 3119/2247/2623
f 3114/2242/2 3117/2245/2621 3120/2248/2624
f 3114/2242/2 3120/2248/2624 3118/2246/2622
f 3121/2249/2625 3122/2250/2626 3123/2251/2627
f 3121/2249/2625 3123/2251/2627 3124/2252/2628
f 3122/2250/2626 3125/2253/2629 3126/2254/2630
f 3122/2250/2626 3126/2254/2630 3123/2251/2627
f 3127/2255/2631 3128/2256/2632 3129/2257/2633
f 3127/2255/2631 3129/2257/2633 3130/2258/2634
f 3128/2256/2632 3131/2259/2635 3132/2260/2636
f 3128/2256/2632 3132/2260/2636 3129/2257/2633
f 3131/2259/2635 3133/2261/2637 3134/2262/2638
f 3131/2259/2635 3134/2262/2638 3132/2260/2636
f 3133/2261/2637 3135/2263/2639 3136/2264/2640
f 3133/2261/2637 3136/2264/2640 3134/2262/2638
f 3135/2263/2639 3137/2265/2641 3138/2266/2642
f 3135/2263/2639 3138/2266/2642 3136/2264/2640
f 3137/2265/2641 3139/2267/2643 3140/2268/2644
f 3137/2265/2641 3140/2268/2644 3138/2266/2642
f 3139/2267/2643 3141/2269/2645 3142/2270/2646
f 3139/2267/2643 3142/2270/2646 3140/2268/2644
f 3141/2269/2645 3143/2271/2647 3144/2272/2648
f 3141/2269/2645 3144/2272/2648 3142/2270/2646
f 3143/2271/2647 3145/2273/2649 3146/2274/2650
f 3143/2271/2647 3146/2274/2650 3144/2272/2648
f 3145/2273/2649 3121/2249/2625 3124/2252/2628
f 3145/2273/2649 3124/2252/2628 3146/2274/2650
f 3140/2268/2644 3142/2270/2646 3147/2275/2651
f 3140/2268/2644 3147/2275/2651 3148/2276/2652
f 3138/2266/2642 3140/2268/2644 3738/2276/2653
f 3138/2266/2642 3738/2276/2653 3149/2277/2654
f 3136/2264/2640 3138/2266/2642 3702/2277/2655
f 3136/2264/2640 3702/2277/2655 3150/2278/2656
f 3134/2262/2638 3136/2264/2640 3150/2278/2656
f 3134/2262/2638 3150/2278/2656 3151/2279/2657
f 3132/2260/2636 3134/2262/2638 3655/2279/2658
f 3132/2260/2636 3655/2279/2658 3152/2280/2659
f 3129/2257/2633 3132/2260/2636 3152/2280/2659
f 3129/2257/2633 3152/2280/2659 3153/2281/2660
f 3130/2258/2634 3129/2257/2633 3733/2281/2661
f 3130/2258/2634 3733/2281/2661 3154/2282/2662
f 3123/2251/2627 3126/2254/2630 3155/2283/2663
f 3123/2251/2627 3155/2283/2663 3156/2284/2664
f 3124/2252/2628 3123/2251/2627 3156/2284/2664
f 3124/2252/2628 3156/2284/2664 3157/2285/2665
f 3146/2274/2650 3124/2252/2628 3157/2285/2665
f 3146/2274/2650 3157/2285/2665 3158/2286/2666
f 3144/2272/2648 3146/2274/2650 3871/2286/2667
f 3144/2272/2648 3871/2286/2667 3159/2287/2668
f 3142/2270/2646 3144/2272/2648 3159/2287/2668
f 3142/2270/2646 3159/2287/2668 3147/2275/2651
f 3161/699/207 3170/2288/207 3171/708/207
f 3774/710/209 3176/718/209 3177/713/209
f 3182/2289/2669 3183/2290/2670 3184/2291/2669
f 3182/2289/2669 3184/2291/2669 3185/2292/2671
f 3186/2293/2672 3187/2294/2673 3188/2295/2672
f 3186/2293/2672 3188/2295/2672 3189/2296/2674
f 3190/709/2675 3192/711/2675 3193/712/2675
f 3953/715/216 3929/709/216 3775/712/216
f 3200/2289/2676 3201/2290/2677 3202/2291/2676
f 3200/2289/2676 3202/2291/2676 3203/2292/2678
f 3204/2293/2679 3205/2294/2680 3206/2295/2679
f 3204/2293/2679 3206/2295/2679 3207/2296/2681
f 3208/2297/2682 3209/2298/2683 3210/2299/2684
f 3208/2297/2682 3210/2299/2684 3211/2300/2685
f 3976/2298/2686 3212/2301/2687 3213/2302/2688
f 3976/2298/2686 3213/2302/2688 3957/2299/2689
f 3994/2301/2690 3214/2303/2691 3215/2304/2692
f 3994/2301/2690 3215/2304/2692 3977/2302/2693
f 3992/2303/2694 3216/2305/2695 3217/2306/2696
f 3992/2303/2694 3217/2306/2696 3973/2304/2697
f 3969/2305/2698 3218/2307/2699 3219/2308/2700
f 3969/2305/2698 3219/2308/2700 3954/2306/2701
f 3220/2309/2702 3949/2297/2703 3941/2300/2704
f 3220/2309/2702 3941/2300/2704 3221/2310/2705
f 3222/719/217 3224/721/217 3225/2311/217
f 3228/724/219 3230/726/219 3231/727/219
f 3248/744/231 3249/757/231 3250/745/231
f 3262/2312/2706 3263/2313/2707 3820/757/2708
f 3262/2312/2706 3820/757/2708 3817/744/2709
f 3264/2314/2710 3265/2315/2711 3770/746/2712
f 3264/2314/2710 3770/746/2712 3773/745/2713
f 3266/2316/2714 3267/2317/2715 3818/748/2709
f 3266/2316/2714 3818/748/2709 3804/747/2716
f 3268/2318/2711 3269/2319/2717 3761/750/2718
f 3268/2318/2711 3761/750/2718 3771/749/2712
f 3270/2320/2719 3266/2316/2714 3804/747/2716
f 3270/2320/2719 3804/747/2716 3792/751/2720
f 3269/2319/2717 3271/2321/2721 3745/752/2722
f 3269/2319/2717 3745/752/2722 3761/750/2718
f 3272/2322/2723 3270/2320/2719 3792/751/2720
f 3272/2322/2723 3792/751/2720 3794/753/2724
f 3271/2321/2721 3273/2323/2725 3747/754/2726
f 3271/2321/2721 3747/754/2726 3745/752/2722
f 3274/2324/2727 3272/2322/2723 3794/753/2724
f 3274/2324/2727 3794/753/2724 3806/755/2728
f 3273/2323/2725 3275/2325/2729 3763/756/2730
f 3273/2323/2725 3763/756/2730 3747/754/2726
f 3263/2313/2707 3274/2324/2727 3806/755/2728
f 3263/2313/2707 3806/755/2728 3820/757/2708
f 3275/2325/2729 3264/2314/2710 3773/745/2713
f 3275/2325/2729 3773/745/2713 3763/756/2730
f 3276/2326/2731 3277/2327/2732 3278/2328/2733
f 3276/2326/2731 3278/2328/2733 3279/2329/2734
f 3280/2330/2735 3913/2326/2736 3850/2329/2737
f 3280/2330/2735 3850/2329/2737 3281/2331/2738
f 3282/2332/2739 3916/2330/2740 3852/2331/2741
f 3282/2332/2739 3852/2331/2741 3283/2333/2742
f 3284/2334/2743 3898/2332/2744 3842/2333/2745
f 3284/2334/2743 3842/2333/2745 3285/2335/2746
f 3286/2336/2747 3881/2334/2748 3832/2335/2749
f 3286/2336/2747 3832/2335/2749 3287/2337/2750
f 3894/2327/2751 3288/2338/2752 3289/2339/2753
f 3894/2327/2751 3289/2339/2753 3839/2328/2754
f 3279/2329/2734 3278/2328/2733 3290/2340/2755
f 3279/2329/2734 3290/2340/2755 3291/2341/2756
f 3281/2331/2738 3850/2329/2737 3815/2341/2757
f 3281/2331/2738 3815/2341/2757 3292/2342/2758
f 3283/2333/2742 3852/2331/2741 3814/2342/2759
f 3283/2333/2742 3814/2342/2759 3293/2343/2760
f 3285/2335/2746 3842/2333/2745 3807/2343/2761
f 3285/2335/2746 3807/2343/2761 3294/2344/2762
f 3287/2337/2750 3832/2335/2749 3798/2344/2763
f 3287/2337/2750 3798/2344/2763 3295/2345/2764
f 3839/2328/2754 3289/2339/2753 3296/2346/2765
f 3839/2328/2754 3296/2346/2765 3808/2340/2766
f 3973/2304/2697 3217/2306/2696 3277/2327/2732
f 3973/2304/2697 3277/2327/2732 3276/2326/2731
f 3977/2302/2693 3215/2304/2692 3913/2326/2736
f 3977/2302/2693 3913/2326/2736 3280/2330/2735
f 3957/2299/2689 3213/2302/2688 3916/2330/2740
f 3957/2299/2689 3916/2330/2740 3282/2332/2739
f 3211/2300/2685 3210/2299/2684 3898/2332/2744
f 3211/2300/2685 3898/2332/2744 3284/2334/2743
f 3221/2310/2705 3941/2300/2704 3881/2334/2748
f 3221/2310/2705 3881/2334/2748 3286/2336/2747
f 3954/2306/2701 3219/2308/2700 3288/2338/2752
f 3954/2306/2701 3288/2338/2752 3894/2327/2751
f 3297/2347/2767 3298/2348/2768 3299/2349/2769
f 3297/2347/2767 3299/2349/2769 3300/2350/2770
f 3301/2351/2771 3302/2352/2772 3787/980/2773
f 3301/2351/2771 3787/980/2773 3781/979/2774
f 3303/2353/2775 3304/2354/2776 3302/2352/2772
f 3303/2353/2775 3302/2352/2772 3301/2351/2771
f 3305/2355/2777 3306/2356/2778 3298/2348/2768
f 3305/2355/2777 3298/2348/2768 3297/2347/2767
f 3904/54/2779 3880/56/2780 3304/2354/2776
f 3904/54/2779 3304/2354/2776 3303/2353/2775
f 3307/2357/2781 3308/2358/2782 3306/2356/2778
f 3307/2357/2781 3306/2356/2778 3305/2355/2777
f 3880/56/2780 3307/2357/2781 3305/2355/2777
f 3880/56/2780 3305/2355/2777 3304/2354/2776
f 3302/2352/2772 3304/2354/2776 3305/2355/2777
f 3302/2352/2772 3305/2355/2777 3297/2347/2767
f 3787/980/2773 3302/2352/2772 3297/2347/2767
f 3787/980/2773 3297/2347/2767 3300/2350/2770
f 3309/2347/2783 3310/2350/2784 3311/2349/2785
f 3309/2347/2783 3311/2349/2785 3312/2348/2786
f 3826/2351/2787 3782/979/2788 3313/980/2789
f 3826/2351/2787 3313/980/2789 3314/2352/2790
f 3854/2353/2791 3826/2351/2787 3314/2352/2790
f 3854/2353/2791 3314/2352/2790 3315/2354/2792
f 3316/2359/2793 3309/2347/2783 3312/2348/2786
f 3316/2359/2793 3312/2348/2786 3317/2356/2794
f 3905/54/2795 3854/2353/2791 3315/2354/2792
f 3905/54/2795 3315/2354/2792 3318/56/2796
f 3319/2357/2797 3316/2359/2793 3317/2356/2794
f 3319/2357/2797 3317/2356/2794 3320/2358/2798
f 3318/56/2796 3315/2354/2792 3316/2359/2793
f 3318/56/2796 3316/2359/2793 3319/2357/2797
f 3314/2352/2790 3309/2347/2783 3316/2359/2793
f 3314/2352/2790 3316/2359/2793 3315/2354/2792
f 3313/980/2789 3310/2350/2784 3309/2347/2783
f 3313/980/2789 3309/2347/2783 3314/2352/2790
f 3321/2360/2799 3322/2361/2800 3783/2350/2801
f 3321/2360/2799 3783/2350/2801 3769/2349/2799
f 3323/2362/2802 3324/2363/2803 3813/2358/2803
f 3323/2362/2802 3813/2358/2803 3845/2357/2804
f 314/55/12 3323/2362/2802 3845/2357/2804
f 314/55/12 3845/2357/2804 315/56/12
f 3322/2361/2800 310/978/489 312/980/489
f 3322/2361/2800 312/980/489 3783/2350/2801
f 3325/2364/2805 3326/2365/2806 3327/2366/2807
f 3325/2364/2805 3327/2366/2807 3328/2367/2808
f 3326/2365/2806 3329/2368/2809 3330/2369/2810
f 3326/2365/2806 3330/2369/2810 3327/2366/2807
f 3329/2368/2809 3331/2370/2811 3332/2371/2812
f 3329/2368/2809 3332/2371/2812 3330/2369/2810
f 3331/2370/2811 3333/2372/2813 3334/2373/2814
f 3331/2370/2811 3334/2373/2814 3332/2371/2812
f 3333/2372/2813 3335/2374/2815 3336/2375/2816
f 3333/2372/2813 3336/2375/2816 3334/2373/2814
f 3335/2374/2815 3337/2376/2817 3338/2377/2818
f 3335/2374/2815 3338/2377/2818 3336/2375/2816
f 3337/2376/2817 3339/2378/2819 3340/2379/2820
f 3337/2376/2817 3340/2379/2820 3338/2377/2818
f 3339/2378/2819 3341/2380/2821 3342/2381/2822
f 3339/2378/2819 3342/2381/2822 3340/2379/2820
f 3341/2380/2821 3343/2382/2823 3344/2383/2824
f 3341/2380/2821 3344/2383/2824 3342/2381/2822
f 3345/2384/2823 3325/2364/2805 3328/2367/2808
f 3345/2384/2823 3328/2367/2808 3346/2385/2824
f 3348/759/2825 3356/767/2825 3349/760/2825
f 3357/2386/2826 3358/2387/2827 3359/2388/2828
f 3357/2386/2826 3359/2388/2828 3360/2389/2829
f 3358/2387/2827 3361/2390/2830 3362/2391/2831
f 3358/2387/2827 3362/2391/2831 3359/2388/2828
f 3361/2390/2830 3363/2392/2832 3364/2393/2833
f 3361/2390/2830 3364/2393/2833 3362/2391/2831
f 3363/2392/2832 3365/2394/2834 3366/2395/2835
f 3363/2392/2832 3366/2395/2835 3364/2393/2833
f 3365/2394/2834 3367/2396/2836 3368/2397/2837
f 3365/2394/2834 3368/2397/2837 3366/2395/2835
f 3367/2396/2836 3369/2398/2838 3370/2399/2839
f 3367/2396/2836 3370/2399/2839 3368/2397/2837
f 3369/2398/2838 3371/2400/2840 3372/2401/2841
f 3369/2398/2838 3372/2401/2841 3370/2399/2839
f 3371/2400/2840 3373/2402/2842 3374/2403/2843
f 3371/2400/2840 3374/2403/2843 3372/2401/2841
f 3373/2402/2842 3375/2404/2844 3376/2405/2845
f 3373/2402/2842 3376/2405/2845 3374/2403/2843
f 3377/2406/2846 3357/2386/2826 3360/2389/2829
f 3377/2406/2846 3360/2389/2829 3378/2407/2845
f 3358/2387/2827 3357/2386/2826 3379/2408/2847
f 3358/2387/2827 3379/2408/2847 3380/2409/2848
f 3361/2390/2830 3358/2387/2827 3380/2409/2848
f 3361/2390/2830 3380/2409/2848 3381/2410/2849
f 3363/2392/2832 3361/2390/2830 3381/2410/2849
f 3363/2392/2832 3381/2410/2849 3382/2411/2850
f 3365/2394/2834 3363/2392/2832 3382/2411/2850
f 3365/2394/2834 3382/2411/2850 3383/2412/2851
f 3367/2396/2836 3365/2394/2834 3383/2412/2851
f 3367/2396/2836 3383/2412/2851 3384/2413/2852
f 3369/2398/2838 3367/2396/2836 3384/2413/2852
f 3369/2398/2838 3384/2413/2852 3385/2414/2853
f 3371/2400/2840 3369/2398/2838 3385/2414/2853
f 3371/2400/2840 3385/2414/2853 3386/2415/2854
f 3373/2402/2842 3371/2400/2840 3386/2415/2854
f 3373/2402/2842 3386/2415/2854 3387/2416/2855
f 3375/2404/2844 3373/2402/2842 3387/2416/2855
f 3375/2404/2844 3387/2416/2855 3388/2417/2856
f 3357/2386/2826 3377/2406/2846 3389/2418/2856
f 3357/2386/2826 3389/2418/2856 3379/2408/2847
f 3380/2409/2848 3379/2408/2847 3390/2419/2857
f 3380/2409/2848 3390/2419/2857 3391/2420/2858
f 3381/2410/2849 3380/2409/2848 3391/2420/2858
f 3381/2410/2849 3391/2420/2858 3392/2421/2859
f 3382/2411/2850 3381/2410/2849 3392/2421/2859
f 3382/2411/2850 3392/2421/2859 3393/2422/2860
f 3383/2412/2851 3382/2411/2850 3393/2422/2860
f 3383/2412/2851 3393/2422/2860 3394/2423/2861
f 3384/2413/2852 3383/2412/2851 3394/2423/2861
f 3384/2413/2852 3394/2423/2861 3395/2424/2862
f 3385/2414/2853 3384/2413/2852 3395/2424/2862
f 3385/2414/2853 3395/2424/2862 3396/2425/2863
f 3386/2415/2854 3385/2414/2853 3396/2425/2863
f 3386/2415/2854 3396/2425/2863 3397/2426/2864
f 3387/2416/2855 3386/2415/2854 3397/2426/2864
f 3387/2416/2855 3397/2426/2864 3398/2427/2865
f 3388/2417/2856 3387/2416/2855 3398/2427/2865
f 3388/2417/2856 3398/2427/2865 3399/2428/2866
f 3379/2408/2847 3389/2418/2856 3400/2429/2866
f 3379/2408/2847 3400/2429/2866 3390/2419/2857
f 4171/769/2867 3405/2430/2868 3406/2431/2869
f 4171/769/2867 3406/2431/2869 4165/770/2870
f 3407/2432/2871 3408/772/2872 3409/775/2871
f 3407/2432/2871 3409/775/2871 3410/2433/2873
f 4156/773/2874 3413/2434/2875 3414/2435/2874
f 4156/773/2874 3414/2435/2874 4131/774/2876
f 4161/2434/2877 4166/768/2878 4160/771/2877
f 4161/2434/2877 4160/771/2877 4146/2435/2879
f 3421/782/250 3422/787/250 3423/783/250
f 3427/2364/2880 3428/2367/2881 3429/2366/2882
f 3427/2364/2880 3429/2366/2882 3430/2365/2883
f 3430/2365/2883 3429/2366/2882 3431/2369/2884
f 3430/2365/2883 3431/2369/2884 3432/2368/2885
f 3432/2368/2885 3431/2369/2884 3433/2371/2886
f 3432/2368/2885 3433/2371/2886 3434/2370/2887
f 3434/2370/2887 3433/2371/2886 3435/2373/2888
f 3434/2370/2887 3435/2373/2888 3436/2372/2889
f 3436/2372/2889 3435/2373/2888 3437/2375/2890
f 3436/2372/2889 3437/2375/2890 3438/2374/2891
f 3438/2374/2891 3437/2375/2890 3439/2377/2892
f 3438/2374/2891 3439/2377/2892 3440/2376/2893
f 3440/2376/2893 3439/2377/2892 3441/2379/2894
f 3440/2376/2893 3441/2379/2894 3442/2378/2895
f 3442/2378/2895 3441/2379/2894 3443/2381/2896
f 3442/2378/2895 3443/2381/2896 3444/2380/2897
f 3444/2380/2897 3443/2381/2896 3445/2383/2898
f 3444/2380/2897 3445/2383/2898 3446/2382/2899
f 3447/2384/2900 3448/2385/2901 3428/2367/2881
f 3447/2384/2900 3428/2367/2881 3427/2364/2880
f 3455/764/252 3456/765/252 3454/763/252
f 3459/2386/2902 3460/2389/2903 3461/2388/2904
f 3459/2386/2902 3461/2388/2904 3462/2387/2905
f 3462/2387/2905 3461/2388/2904 3463/2391/2906
f 3462/2387/2905 3463/2391/2906 3464/2390/2907
f 3464/2390/2907 3463/2391/2906 3465/2393/2908
f 3464/2390/2907 3465/2393/2908 3466/2392/2909
f 3466/2392/2909 3465/2393/2908 3467/2395/2910
f 3466/2392/2909 3467/2395/2910 3468/2394/2911
f 3468/2394/2911 3467/2395/2910 3469/2397/2912
f 3468/2394/2911 3469/2397/2912 3470/2396/2913
f 3470/2396/2913 3469/2397/2912 3471/2399/2914
f 3470/2396/2913 3471/2399/2914 3472/2398/2915
f 3472/2398/2915 3471/2399/2914 3473/2401/2916
f 3472/2398/2915 3473/2401/2916 3474/2400/2917
f 3474/2400/2917 3473/2401/2916 3475/2403/2918
f 3474/2400/2917 3475/2403/2918 3476/2402/2919
f 3476/2402/2919 3475/2403/2918 3477/2405/2920
f 3476/2402/2919 3477/2405/2920 3478/2404/2921
f 3479/2406/2922 3480/2407/2920 3460/2389/2903
f 3479/2406/2922 3460/2389/2903 3459/2386/2902
f 3462/2387/2905 3481/2409/2923 3482/2408/2924
f 3462/2387/2905 3482/2408/2924 3459/2386/2902
f 3464/2390/2907 3483/2410/2925 3481/2409/2923
f 3464/2390/2907 3481/2409/2923 3462/2387/2905
f 3466/2392/2909 3484/2411/2926 3483/2410/2925
f 3466/2392/2909 3483/2410/2925 3464/2390/2907
f 3468/2394/2911 3485/2412/2927 3484/2411/2926
f 3468/2394/2911 3484/2411/2926 3466/2392/2909
f 3470/2396/2913 3486/2413/2928 3485/2412/2927
f 3470/2396/2913 3485/2412/2927 3468/2394/2911
f 3472/2398/2915 3487/2414/2929 3486/2413/2928
f 3472/2398/2915 3486/2413/2928 3470/2396/2913
f 3474/2400/2917 3488/2415/2930 3487/2414/2929
f 3474/2400/2917 3487/2414/2929 3472/2398/2915
f 3476/2402/2919 3489/2416/2931 3488/2415/2930
f 3476/2402/2919 3488/2415/2930 3474/2400/2917
f 3478/2404/2921 3490/2417/2932 3489/2416/2931
f 3478/2404/2921 3489/2416/2931 3476/2402/2919
f 3459/2386/2902 3482/2408/2924 3491/2418/2932
f 3459/2386/2902 3491/2418/2932 3479/2406/2922
f 3481/2409/2923 3492/2420/2933 3493/2419/2934
f 3481/2409/2923 3493/2419/2934 3482/2408/2924
f 3483/2410/2925 3494/2421/2935 3492/2420/2933
f 3483/2410/2925 3492/2420/2933 3481/2409/2923
f 3484/2411/2926 3495/2422/2936 3494/2421/2935
f 3484/2411/2926 3494/2421/2935 3483/2410/2925
f 3485/2412/2927 3496/2423/2937 3495/2422/2936
f 3485/2412/2927 3495/2422/2936 3484/2411/2926
f 3486/2413/2928 3497/2424/2938 3496/2423/2937
f 3486/2413/2928 3496/2423/2937 3485/2412/2927
f 3487/2414/2929 3498/2425/2939 3497/2424/2938
f 3487/2414/2929 3497/2424/2938 3486/2413/2928
f 3488/2415/2930 3499/2426/2940 3498/2425/2939
f 3488/2415/2930 3498/2425/2939 3487/2414/2929
f 3489/2416/2931 3500/2427/2941 3499/2426/2940
f 3489/2416/2931 3499/2426/2940 3488/2415/2930
f 3490/2417/2932 3501/2428/2942 3500/2427/2941
f 3490/2417/2932 3500/2427/2941 3489/2416/2931
f 3482/2408/2924 3493/2419/2934 3502/2429/2943
f 3482/2408/2924 3502/2429/2943 3491/2418/2932
f 4397/769/2944 4399/770/2945 3507/2431/2946
f 4397/769/2944 3507/2431/2946 3508/2430/2947
f 3509/2432/2948 3510/2433/2949 3511/775/2948
f 3509/2432/2948 3511/775/2948 3512/772/2950
f 4404/773/2951 4417/774/2952 3515/2435/2951
f 4404/773/2951 3515/2435/2951 3516/2434/2953
f 4401/2434/2954 4407/2435/2955 4402/771/2954
f 4401/2434/2954 4402/771/2954 4398/768/2956
f 3523/782/2957 3524/784/2957 3525/783/2957
f 3529/788/266 3530/791/266 3531/789/266
f 3533/792/265 316/981/490 318/794/492
f 3533/792/265 318/794/492 3534/793/265
f 3540/792/267 320/794/494 319/981/493
f 3541/788/269 3543/789/269 3544/790/269
f 3545/792/270 322/981/496 324/794/498
f 3545/792/270 324/794/498 3546/793/270
f 3547/788/273 3548/790/273 3549/789/273
f 3550/791/271 3549/789/271 3551/793/271
f 3552/792/271 326/794/500 325/981/499
